run,ticks,mode,arrival_rate,ns_demand_share,nb_vehicules,nb_arretes,queue_ns,queue_ew,file_moyenne,vitesse_moyenne,attente_moyenne,vehicules_sortis,debit_100_ticks,congestion_pct,niveau_congestion,phase_j1,phase_j2,phase_j3,phase_j4
180295,0,INTELLIGENT,40,50,8,0,0,0,0,0,0,0,0,0,FAIBLE,0,1,1,0
180295,5,INTELLIGENT,40,50,8,0,0,0,0,0.25,0,0,0,0,FAIBLE,0,1,1,0
180295,10,INTELLIGENT,40,50,12,0,0,0,0,0.25,0,0,0,0,FAIBLE,0,1,1,0
180295,15,INTELLIGENT,40,50,12,0,0,0,0,0.25,0,0,0,0,FAIBLE,0,1,1,0
180295,20,INTELLIGENT,40,50,12,0,0,0,0,0.25,0,0,0,0,FAIBLE,0,1,1,0
180295,25,INTELLIGENT,40,50,14,0,0,0,0,0.25,0,0,0,0,FAIBLE,0,1,1,0
180295,30,INTELLIGENT,40,50,15,0,0,0,0,0.25,0,0,0,0,FAIBLE,0,1,1,0
180295,35,INTELLIGENT,40,50,16,0,0,0,0,0.25,0,0,0,0,FAIBLE,0,1,1,0
180295,40,INTELLIGENT,40,50,19,0,0,0,0,0.25,0,0,0,0,FAIBLE,0,1,1,0
180295,45,INTELLIGENT,40,50,21,0,0,0,0,0.25,0,0,0,0,FAIBLE,0,1,1,0
180295,50,INTELLIGENT,40,50,23,0,0,0,0,0.25,0,0,0,0,FAIBLE,0,1,1,0
180295,55,INTELLIGENT,40,50,24,4,2,2,1,0.20833333333333334,0.16666666666666666,0,0,16.666666666666668,FAIBLE,0,1,1,0
180295,60,INTELLIGENT,40,50,28,6,2,4,1.5,0.18928571428571428,1,0,0,21.428571428571427,FAIBLE,0,1,1,0
180295,65,INTELLIGENT,40,50,30,7,3,4,1.75,0.19166666666666668,2.1,0,0,23.333333333333332,FAIBLE,0,1,1,0
180295,70,INTELLIGENT,40,50,31,8,3,5,2,0.18548387096774194,3.2580645161290325,0,0,25.806451612903224,FAIBLE,0,2,2,0
180295,75,INTELLIGENT,40,50,34,9,3,6,2.25,0.1808823529411765,4.235294117647059,0,0,26.470588235294116,FAIBLE,2,2,2,0
180295,80,INTELLIGENT,40,50,36,11,3,8,2.5,0.1736111111111111,5.416666666666667,0,0,30.555555555555557,MOYENNE,2,2,2,0
180295,85,INTELLIGENT,40,50,38,11,3,8,2.5,0.17763157894736842,6.578947368421052,0,0,28.94736842105263,FAIBLE,2,2,2,0
180295,90,INTELLIGENT,40,50,39,5,4,1,1.25,0.21794871794871787,7.358974358974359,0,0,12.820512820512821,FAIBLE,2,0,0,0
180295,95,INTELLIGENT,40,50,40,3,2,1,0.75,0.2312499999999999,7.6,0,0,7.5,FAIBLE,1,0,0,0
180295,100,INTELLIGENT,40,50,40,5,3,2,1.25,0.21499999999999994,8.15,0,0,12.5,FAIBLE,1,0,0,2
180295,105,INTELLIGENT,40,50,41,7,5,2,1.75,0.2073170731707317,8.804878048780488,0,0,17.073170731707318,FAIBLE,1,0,0,2
180295,110,INTELLIGENT,40,50,42,10,7,3,2.5,0.1892857142857143,9.69047619047619,0,0,23.80952380952381,FAIBLE,1,0,0,2
180295,115,INTELLIGENT,40,50,43,13,9,4,2.75,0.17441860465116285,10.883720930232558,0,0,30.232558139534884,MOYENNE,1,0,0,2
180295,120,INTELLIGENT,40,50,45,13,8,5,2.75,0.17777777777777787,11.933333333333334,0,0,28.88888888888889,FAIBLE,1,0,0,1
180295,125,INTELLIGENT,40,50,47,9,3,6,2,0.20212765957446804,12.51063829787234,0,0,19.148936170212767,FAIBLE,1,0,0,1
180295,130,INTELLIGENT,40,50,48,10,4,6,2,0.1979166666666667,13.229166666666666,0,0,20.833333333333332,FAIBLE,2,0,0,1
180295,135,INTELLIGENT,40,50,49,10,4,6,2.25,0.19897959183673466,13.938775510204081,0,0,20.408163265306122,FAIBLE,2,0,0,1
180295,140,INTELLIGENT,40,50,51,10,4,6,2.25,0.2009803921568627,14.372549019607844,0,0,19.607843137254903,FAIBLE,2,0,0,1
180295,145,INTELLIGENT,40,50,52,11,5,6,2.5,0.1971153846153846,15.115384615384615,0,0,21.153846153846153,FAIBLE,2,0,0,1
180295,150,INTELLIGENT,40,50,53,9,5,4,2,0.2047169811320755,15.81132075471698,0,0,16.9811320754717,FAIBLE,0,0,2,1
180295,155,INTELLIGENT,40,50,53,13,6,7,3,0.18679245283018867,16.830188679245282,0,0,24.528301886792452,FAIBLE,0,0,2,2
180295,160,INTELLIGENT,40,50,54,17,9,8,3.75,0.16666666666666666,18.037037037037038,0,0,31.48148148148148,MOYENNE,0,2,2,2
180295,165,INTELLIGENT,40,50,55,21,13,8,4.25,0.15454545454545457,19.490909090909092,0,0,38.18181818181818,MOYENNE,0,2,2,2
180295,170,INTELLIGENT,40,50,56,19,11,8,3.75,0.16517857142857148,20.982142857142858,0,0,33.92857142857143,MOYENNE,0,2,1,2
180295,175,INTELLIGENT,40,50,58,11,8,3,2.25,0.2025862068965517,21.46551724137931,0,0,18.96551724137931,FAIBLE,0,2,1,0
180295,180,INTELLIGENT,40,50,58,6,4,2,1.25,0.22413793103448273,22.06896551724138,0,0,10.344827586206897,FAIBLE,0,1,1,0
180295,185,INTELLIGENT,40,50,61,6,5,1,1.5,0.22540983606557377,21.442622950819672,0,0,9.836065573770492,FAIBLE,0,1,1,0
180295,190,INTELLIGENT,40,50,61,7,6,1,1.75,0.221311475409836,21.983606557377048,0,0,11.475409836065573,FAIBLE,0,1,1,0
180295,195,INTELLIGENT,40,50,62,7,6,1,1.75,0.2217741935483871,22.193548387096776,0,0,11.290322580645162,FAIBLE,0,1,1,0
180295,200,INTELLIGENT,40,50,62,7,6,1,1.75,0.2217741935483871,22.758064516129032,1,1,11.290322580645162,FAIBLE,0,1,1,0
180295,205,INTELLIGENT,40,50,61,8,7,1,2,0.21721311475409832,23.737704918032787,4,4,13.114754098360656,FAIBLE,0,1,1,0
180295,210,INTELLIGENT,40,50,62,9,7,2,2.25,0.21370967741935482,24.032258064516128,5,5,14.516129032258064,FAIBLE,2,1,1,0
180295,215,INTELLIGENT,40,50,63,12,7,5,3,0.20238095238095233,24.46031746031746,5,5,19.047619047619047,FAIBLE,2,1,1,2
180295,220,INTELLIGENT,40,50,66,14,7,7,3.25,0.19696969696969696,24.393939393939394,5,5,21.21212121212121,FAIBLE,2,2,1,2
180295,225,INTELLIGENT,40,50,66,16,7,9,3.75,0.18939393939393936,25.5,6,6,24.242424242424242,FAIBLE,2,2,1,2
180295,230,INTELLIGENT,40,50,66,13,3,10,3,0.20075757575757572,26.560606060606062,6,6,19.696969696969695,FAIBLE,1,2,1,2
180295,235,INTELLIGENT,40,50,68,12,0,12,2.75,0.20441176470588232,26.279411764705884,7,7,17.647058823529413,FAIBLE,1,2,1,1
180295,240,INTELLIGENT,40,50,68,8,1,7,2,0.22058823529411759,26.455882352941178,8,8,11.764705882352942,FAIBLE,1,0,1,1
180295,245,INTELLIGENT,40,50,69,8,1,7,2,0.22101449275362314,26.420289855072465,9,9,11.594202898550725,FAIBLE,1,0,2,1
180295,250,INTELLIGENT,40,50,74,9,2,7,2.25,0.2195945945945946,25.18918918918919,9,9,12.162162162162161,FAIBLE,1,0,2,1
180295,255,INTELLIGENT,40,50,76,10,2,8,2.5,0.2171052631578947,23.789473684210527,11,11,13.157894736842104,FAIBLE,1,0,2,1
180295,260,INTELLIGENT,40,50,75,10,2,8,2.5,0.21666666666666662,23.493333333333332,14,14,13.333333333333334,FAIBLE,1,0,2,1
180295,265,INTELLIGENT,40,50,74,8,2,6,2,0.22027027027027024,23.864864864864863,16,16,10.81081081081081,FAIBLE,1,0,0,1
180295,270,INTELLIGENT,40,50,72,8,3,5,2,0.2222222222222222,23.22222222222222,19,19,11.11111111111111,FAIBLE,1,0,0,1
180295,275,INTELLIGENT,40,50,72,8,3,5,2,0.2222222222222222,23.041666666666668,22,22,11.11111111111111,FAIBLE,1,2,0,1
180295,280,INTELLIGENT,40,50,72,9,3,6,2.25,0.21874999999999997,23.11111111111111,24,24,12.5,FAIBLE,1,2,0,1
180295,285,INTELLIGENT,40,50,72,9,3,6,2.25,0.21250000000000002,23.5,26,26,12.5,FAIBLE,1,2,0,2
180295,290,INTELLIGENT,40,50,72,14,6,8,3.25,0.20138888888888887,24.208333333333332,27,27,19.444444444444443,FAIBLE,1,2,0,2
180295,295,INTELLIGENT,40,50,73,16,7,9,3.5,0.19520547945205485,24.986301369863014,27,27,21.91780821917808,FAIBLE,1,1,2,2
180295,300,INTELLIGENT,40,50,75,23,8,15,5,0.17333333333333334,25.64,27,26,30.666666666666668,MOYENNE,1,1,2,2
180295,305,INTELLIGENT,40,50,76,24,9,15,5,0.16842105263157892,26.88157894736842,27,23,31.57894736842105,MOYENNE,1,1,2,0
180295,310,INTELLIGENT,40,50,78,23,10,13,4.75,0.1762820512820513,27.666666666666668,27,22,29.487179487179485,FAIBLE,1,1,2,0
180295,315,INTELLIGENT,40,50,78,14,3,11,3.5,0.20512820512820504,28.871794871794872,27,22,17.94871794871795,FAIBLE,2,1,1,0
180295,320,INTELLIGENT,40,50,75,16,3,13,3.5,0.1966666666666666,28.546666666666667,30,25,21.333333333333332,FAIBLE,2,1,1,0
180295,325,INTELLIGENT,40,50,72,14,2,12,3.5,0.20069444444444443,28.430555555555557,33,27,19.444444444444443,FAIBLE,2,1,1,0
180295,330,INTELLIGENT,40,50,70,17,3,14,4,0.1892857142857142,28.285714285714285,36,30,24.285714285714285,FAIBLE,2,1,1,0
180295,335,INTELLIGENT,40,50,71,13,3,10,3,0.20422535211267603,27.718309859154928,39,32,18.309859154929576,FAIBLE,0,1,1,0
180295,340,INTELLIGENT,40,50,71,13,3,10,2.75,0.20211267605633804,27.704225352112676,41,33,18.309859154929576,FAIBLE,0,1,1,0
180295,345,INTELLIGENT,40,50,72,14,4,10,3,0.20138888888888884,28.26388888888889,42,33,19.444444444444443,FAIBLE,0,1,1,0
180295,350,INTELLIGENT,40,50,71,14,4,10,3,0.20070422535211266,26.661971830985916,45,36,19.718309859154928,FAIBLE,0,2,2,0
180295,355,INTELLIGENT,40,50,71,14,4,10,3,0.2007042253521127,27.338028169014084,46,35,19.718309859154928,FAIBLE,0,2,2,0
180295,360,INTELLIGENT,40,50,75,17,7,10,3.75,0.1933333333333333,26.933333333333334,46,32,22.666666666666668,FAIBLE,0,2,2,0
180295,365,INTELLIGENT,40,50,74,19,9,10,4.25,0.1858108108108108,28.5,47,31,25.675675675675677,FAIBLE,2,2,2,0
180295,370,INTELLIGENT,40,50,76,13,10,3,3,0.2072368421052631,28.776315789473685,47,28,17.105263157894736,FAIBLE,2,0,0,0
180295,375,INTELLIGENT,40,50,77,12,11,1,3,0.211038961038961,29.194805194805195,47,25,15.584415584415584,FAIBLE,2,0,0,2
180295,380,INTELLIGENT,40,50,76,14,14,0,3.5,0.20394736842105257,29.605263157894736,48,24,18.42105263157895,FAIBLE,2,0,0,2
180295,385,INTELLIGENT,40,50,75,10,10,0,2.25,0.2146666666666666,30.28,50,24,13.333333333333334,FAIBLE,1,0,0,2
180295,390,INTELLIGENT,40,50,74,13,11,2,3.25,0.20405405405405397,31.175675675675677,51,24,17.56756756756757,FAIBLE,1,0,0,2
180295,395,INTELLIGENT,40,50,74,12,9,3,3,0.2094594594594594,30.66216216216216,53,26,16.216216216216218,FAIBLE,1,0,0,1
180295,400,INTELLIGENT,40,50,76,10,7,3,2.5,0.2171052631578947,29.342105263157894,54,27,13.157894736842104,FAIBLE,1,0,0,1
180295,405,INTELLIGENT,40,50,76,10,7,3,2.5,0.2131578947368421,28.92105263157895,55,28,13.157894736842104,FAIBLE,1,0,0,1
180295,410,INTELLIGENT,40,50,75,12,8,4,3,0.20999999999999996,28.666666666666668,58,31,16,FAIBLE,1,0,2,1
180295,415,INTELLIGENT,40,50,76,13,8,5,3.25,0.2072368421052631,27.17105263157895,61,34,17.105263157894736,FAIBLE,1,0,2,1
180295,420,INTELLIGENT,40,50,74,13,8,5,3.25,0.20608108108108109,28.12162162162162,64,34,17.56756756756757,FAIBLE,1,0,2,1
180295,425,INTELLIGENT,40,50,73,14,9,5,3.5,0.19931506849315064,29.424657534246574,65,32,19.17808219178082,FAIBLE,1,0,2,2
180295,430,INTELLIGENT,40,50,73,13,5,8,3.25,0.20547945205479448,30.47945205479452,65,29,17.80821917808219,FAIBLE,2,0,1,2
180295,435,INTELLIGENT,40,50,75,21,4,17,4.75,0.17999999999999997,30.813333333333333,66,27,28,FAIBLE,2,2,1,2
180295,440,INTELLIGENT,40,50,77,26,5,21,5.5,0.16558441558441558,31.61038961038961,66,25,33.76623376623377,MOYENNE,2,2,1,2
180295,445,INTELLIGENT,40,50,77,22,5,17,4.5,0.17792207792207793,33.23376623376623,66,24,28.571428571428573,FAIBLE,2,2,1,0
180295,450,INTELLIGENT,40,50,78,13,8,5,2.5,0.2083333333333333,33.87179487179487,66,21,16.666666666666668,FAIBLE,0,2,1,0
180295,455,INTELLIGENT,40,50,76,8,5,3,1.75,0.22368421052631574,34.421052631578945,68,22,10.526315789473685,FAIBLE,0,1,1,0
180295,460,INTELLIGENT,40,50,76,7,3,4,1.75,0.22697368421052627,34.5,69,23,9.210526315789474,FAIBLE,0,1,1,0
180295,465,INTELLIGENT,40,50,78,7,3,4,1.75,0.22499999999999992,33.756410256410255,70,23,8.974358974358974,FAIBLE,0,1,1,0
180295,470,INTELLIGENT,40,50,76,8,4,4,2,0.2236842105263157,33.30263157894737,73,26,10.526315789473685,FAIBLE,0,1,1,0
180295,475,INTELLIGENT,40,50,75,8,4,4,2,0.22333333333333327,32.333333333333336,76,29,10.666666666666666,FAIBLE,0,1,1,0
180295,480,INTELLIGENT,40,50,73,8,4,4,2,0.22260273972602734,31.19178082191781,80,32,10.95890410958904,FAIBLE,0,1,1,0
180295,485,INTELLIGENT,40,50,70,9,4,5,2.25,0.2178571428571428,31.457142857142856,83,33,12.857142857142858,FAIBLE,0,1,1,0
180295,490,INTELLIGENT,40,50,70,10,5,5,2.5,0.21428571428571427,31.47142857142857,85,34,14.285714285714286,FAIBLE,0,2,2,0
180295,495,INTELLIGENT,40,50,74,13,7,6,3.25,0.20608108108108103,30.54054054054054,85,32,17.56756756756757,FAIBLE,2,2,2,0
180295,500,INTELLIGENT,40,50,74,14,8,6,3.5,0.20270270270270266,31.486486486486488,86,32,18.91891891891892,FAIBLE,2,2,2,0
180295,505,INTELLIGENT,40,50,78,16,9,7,4,0.19615384615384615,30.82051282051282,86,31,20.512820512820515,FAIBLE,2,2,2,0
180295,510,INTELLIGENT,40,50,79,11,9,2,2.5,0.21265822784810123,31.164556962025316,86,28,13.924050632911392,FAIBLE,2,0,0,2
180295,515,INTELLIGENT,40,50,80,9,8,1,2.25,0.22187499999999996,30.5375,87,26,11.25,FAIBLE,1,0,0,2
180295,520,INTELLIGENT,40,50,81,11,10,1,2.75,0.21604938271604937,29.925925925925927,88,24,13.580246913580247,FAIBLE,1,0,0,2
180295,525,INTELLIGENT,40,50,80,17,15,2,4,0.19687499999999997,30.175,89,24,21.25,FAIBLE,1,0,0,2
180295,530,INTELLIGENT,40,50,78,10,8,2,2.5,0.21794871794871787,28.692307692307693,92,27,12.820512820512821,FAIBLE,1,0,0,1
180295,535,INTELLIGENT,40,50,77,8,6,2,2,0.224025974025974,26.857142857142858,95,29,10.38961038961039,FAIBLE,1,0,0,1
180295,540,INTELLIGENT,40,50,73,8,6,2,2,0.2198630136986302,25.19178082191781,99,33,10.95890410958904,FAIBLE,1,0,0,1
180295,545,INTELLIGENT,40,50,71,11,9,2,2.25,0.21126760563380287,24.816901408450704,102,36,15.492957746478874,FAIBLE,1,0,0,1
180295,550,INTELLIGENT,40,50,68,12,9,3,2.5,0.20588235294117652,25.808823529411764,106,40,17.647058823529413,FAIBLE,1,0,0,1
180295,555,INTELLIGENT,40,50,70,13,9,4,2.75,0.2035714285714286,25.742857142857144,107,39,18.571428571428573,FAIBLE,1,0,0,1
180295,560,INTELLIGENT,40,50,71,14,10,4,3,0.2007042253521127,26.267605633802816,109,40,19.718309859154928,FAIBLE,2,0,0,2
180295,565,INTELLIGENT,40,50,72,14,10,4,3,0.20138888888888895,26.875,109,39,19.444444444444443,FAIBLE,2,2,0,2
180295,570,INTELLIGENT,40,50,73,18,10,8,4,0.18835616438356168,27.534246575342465,110,37,24.65753424657534,FAIBLE,2,2,2,2
180295,575,INTELLIGENT,40,50,73,21,11,10,4.75,0.1780821917808219,28.931506849315067,110,34,28.767123287671232,FAIBLE,2,2,2,2
180295,580,INTELLIGENT,40,50,75,17,14,3,3.75,0.19333333333333333,29.52,110,30,22.666666666666668,FAIBLE,0,2,2,0
180295,585,INTELLIGENT,40,50,77,16,13,3,3.25,0.19805194805194806,29.7012987012987,110,27,20.77922077922078,FAIBLE,0,1,2,0
180295,590,INTELLIGENT,40,50,78,9,6,3,1.5,0.22115384615384615,29.115384615384617,111,26,11.538461538461538,FAIBLE,0,1,1,0
180295,595,INTELLIGENT,40,50,76,6,2,4,1.5,0.2302631578947368,27.68421052631579,114,29,7.894736842105263,FAIBLE,0,1,1,0
180295,600,INTELLIGENT,40,50,74,6,2,4,1.5,0.22702702702702698,27.10810810810811,117,31,8.108108108108109,FAIBLE,0,1,1,0
180295,605,INTELLIGENT,40,50,71,8,3,5,2,0.2197183098591549,27.323943661971832,120,34,11.267605633802816,FAIBLE,0,1,1,0
180295,610,INTELLIGENT,40,50,70,10,5,5,2.5,0.21428571428571425,26.8,123,37,14.285714285714286,FAIBLE,0,1,1,0
180295,615,INTELLIGENT,40,50,68,9,4,5,2.25,0.21691176470588233,27,126,39,13.235294117647058,FAIBLE,0,1,1,0
180295,620,INTELLIGENT,40,50,66,11,6,5,2.75,0.20833333333333334,27.606060606060606,129,41,16.666666666666668,FAIBLE,0,1,1,0
180295,625,INTELLIGENT,40,50,68,11,6,5,2.75,0.20955882352941174,27.191176470588236,130,41,16.176470588235293,FAIBLE,0,2,1,0
180295,630,INTELLIGENT,40,50,69,11,6,5,2.75,0.21014492753623187,27.304347826086957,131,39,15.942028985507246,FAIBLE,0,2,1,0
180295,635,INTELLIGENT,40,50,70,11,6,5,2.75,0.21071428571428572,27.7,132,37,15.714285714285714,FAIBLE,0,2,1,0
180295,640,INTELLIGENT,40,50,71,13,7,6,3.25,0.20422535211267606,28.12676056338028,133,34,18.309859154929576,FAIBLE,0,2,2,2
180295,645,INTELLIGENT,40,50,72,15,9,6,3.75,0.19791666666666663,28.72222222222222,133,31,20.833333333333332,FAIBLE,2,0,2,2
180295,650,INTELLIGENT,40,50,72,19,13,6,4.75,0.18402777777777773,29.958333333333332,133,27,26.38888888888889,FAIBLE,2,0,2,2
180295,655,INTELLIGENT,40,50,73,22,16,6,5.5,0.17465753424657535,30.931506849315067,133,26,30.136986301369863,MOYENNE,2,0,2,2
180295,660,INTELLIGENT,40,50,72,18,17,1,3.5,0.18749999999999994,31.48611111111111,134,25,25,FAIBLE,2,0,0,1
180295,665,INTELLIGENT,40,50,70,8,6,2,2,0.2214285714285714,31.185714285714287,137,28,11.428571428571429,FAIBLE,1,0,0,1
180295,670,INTELLIGENT,40,50,68,6,4,2,1.5,0.22794117647058823,29.41176470588235,140,30,8.823529411764707,FAIBLE,1,0,0,1
180295,675,INTELLIGENT,40,50,67,7,3,4,1.75,0.22388059701492538,28.28358208955224,142,32,10.447761194029852,FAIBLE,1,0,0,1
180295,680,INTELLIGENT,40,50,66,7,3,4,1.75,0.2212121212121212,28.424242424242426,144,34,10.606060606060606,FAIBLE,1,0,0,1
180295,685,INTELLIGENT,40,50,64,9,3,6,2.25,0.21484374999999997,29.875,146,36,14.0625,FAIBLE,1,0,0,1
180295,690,INTELLIGENT,40,50,65,9,3,6,2.25,0.21230769230769223,30.107692307692307,147,36,13.846153846153847,FAIBLE,1,0,0,1
180295,695,INTELLIGENT,40,50,65,11,4,7,2.5,0.20769230769230768,30.923076923076923,149,35,16.923076923076923,FAIBLE,1,0,0,2
180295,700,INTELLIGENT,40,50,65,12,5,7,2.75,0.20384615384615382,31.815384615384616,150,33,18.46153846153846,FAIBLE,2,0,0,2
180295,705,INTELLIGENT,40,50,65,12,5,7,2.75,0.20384615384615384,32.738461538461536,152,32,18.46153846153846,FAIBLE,2,0,0,2
180295,710,INTELLIGENT,40,50,68,15,5,10,3.5,0.19485294117647056,32.35294117647059,152,29,22.058823529411764,FAIBLE,2,0,2,2
180295,715,INTELLIGENT,40,50,72,13,5,8,3,0.2048611111111111,31.47222222222222,152,26,18.055555555555557,FAIBLE,2,0,2,0
180295,720,INTELLIGENT,40,50,75,8,5,3,2,0.2206666666666666,31.013333333333332,152,23,10.666666666666666,FAIBLE,0,2,2,0
180295,725,INTELLIGENT,40,50,74,12,11,1,3,0.20945945945945946,30.87837837837838,153,23,16.216216216216218,FAIBLE,0,2,2,0
180295,730,INTELLIGENT,40,50,74,10,8,2,2.5,0.21621621621621617,30.68918918918919,154,23,13.513513513513514,FAIBLE,0,2,1,0
180295,735,INTELLIGENT,40,50,75,8,6,2,2,0.22333333333333333,30.653333333333332,155,23,10.666666666666666,FAIBLE,0,2,1,0
180295,740,INTELLIGENT,40,50,75,4,2,2,1,0.23399999999999996,29.8,156,23,5.333333333333333,FAIBLE,0,1,1,0
180295,745,INTELLIGENT,40,50,74,4,1,3,1,0.23648648648648649,27.04054054054054,160,27,5.405405405405405,FAIBLE,0,1,1,0
180295,750,INTELLIGENT,40,50,72,4,1,3,1,0.2361111111111111,26.11111111111111,163,30,5.555555555555555,FAIBLE,0,1,1,0
180295,755,INTELLIGENT,40,50,69,6,2,4,1.5,0.22826086956521738,25.884057971014492,166,33,8.695652173913043,FAIBLE,0,1,1,0
180295,760,INTELLIGENT,40,50,68,8,2,6,2,0.22058823529411759,25.58823529411765,169,35,11.764705882352942,FAIBLE,0,1,1,0
180295,765,INTELLIGENT,40,50,68,10,4,6,2.5,0.21323529411764705,25.426470588235293,170,33,14.705882352941176,FAIBLE,0,1,1,0
180295,770,INTELLIGENT,40,50,69,13,6,7,3,0.2028985507246377,25.10144927536232,171,31,18.840579710144926,FAIBLE,0,2,2,0
180295,775,INTELLIGENT,40,50,69,16,7,9,3.5,0.1920289855072464,25.884057971014492,172,30,23.18840579710145,FAIBLE,0,2,2,2
180295,780,INTELLIGENT,40,50,68,17,7,10,3.75,0.1875,27.514705882352942,173,29,25,FAIBLE,2,2,2,2
180295,785,INTELLIGENT,40,50,68,22,8,14,5,0.1676470588235294,28.955882352941178,174,28,32.35294117647059,MOYENNE,2,2,2,2
180295,790,INTELLIGENT,40,50,68,14,13,1,3.25,0.19852941176470587,30.220588235294116,174,27,20.58823529411765,FAIBLE,2,0,0,2
180295,795,INTELLIGENT,40,50,69,15,12,3,3.75,0.19565217391304346,30.753623188405797,174,25,21.73913043478261,FAIBLE,2,0,0,1
180295,800,INTELLIGENT,40,50,70,13,10,3,3,0.20357142857142851,30.071428571428573,175,25,18.571428571428573,FAIBLE,1,0,0,1
180295,805,INTELLIGENT,40,50,69,9,7,2,2.25,0.217391304347826,28.942028985507246,177,25,13.043478260869565,FAIBLE,1,0,0,1
180295,810,INTELLIGENT,40,50,67,9,7,2,2,0.21641791044776118,27.223880597014926,180,28,13.432835820895523,FAIBLE,1,0,0,1
180295,815,INTELLIGENT,40,50,64,10,8,2,2.25,0.21093749999999994,27.96875,183,31,15.625,FAIBLE,1,0,0,1
180295,820,INTELLIGENT,40,50,63,10,8,2,2.25,0.21031746031746032,26.904761904761905,186,34,15.873015873015873,FAIBLE,1,0,2,1
180295,825,INTELLIGENT,40,50,61,11,8,3,2.5,0.20491803278688522,27,189,36,18.0327868852459,FAIBLE,1,0,2,1
180295,830,INTELLIGENT,40,50,62,11,8,3,2.5,0.20564516129032254,27.20967741935484,192,38,17.741935483870968,FAIBLE,2,0,2,1
180295,835,INTELLIGENT,40,50,60,14,10,4,3,0.18833333333333335,29.2,194,39,23.333333333333332,FAIBLE,2,0,2,1
180295,840,INTELLIGENT,40,50,61,14,10,4,2.75,0.19262295081967212,29.934426229508198,194,38,22.950819672131146,FAIBLE,2,0,1,2
180295,845,INTELLIGENT,40,50,63,10,6,4,2,0.2095238095238095,29.825396825396826,194,34,15.873015873015873,FAIBLE,2,2,1,2
180295,850,INTELLIGENT,40,50,66,7,5,2,1.5,0.22348484848484843,29.166666666666668,194,31,10.606060606060606,FAIBLE,0,2,1,2
180295,855,INTELLIGENT,40,50,69,10,5,5,2.25,0.21376811594202894,28.579710144927535,194,28,14.492753623188406,FAIBLE,0,2,1,2
180295,860,INTELLIGENT,40,50,72,12,8,4,2.75,0.2083333333333333,28.13888888888889,194,25,16.666666666666668,FAIBLE,0,2,1,0
180295,865,INTELLIGENT,40,50,74,6,4,2,1,0.22972972972972974,28.013513513513512,194,24,8.108108108108109,FAIBLE,0,1,1,0
180295,870,INTELLIGENT,40,50,73,3,1,2,0.5,0.23972602739726026,26.684931506849313,196,25,4.109589041095891,FAIBLE,0,1,1,0
180295,875,INTELLIGENT,40,50,71,4,1,3,1,0.23591549295774644,24.788732394366196,199,27,5.633802816901408,FAIBLE,0,1,1,0
180295,880,INTELLIGENT,40,50,75,5,2,3,1.25,0.23333333333333334,21.866666666666667,201,28,6.666666666666667,FAIBLE,0,1,1,0
180295,885,INTELLIGENT,40,50,73,6,3,3,1.5,0.2294520547945205,19.73972602739726,204,30,8.219178082191782,FAIBLE,0,1,1,0
180295,890,INTELLIGENT,40,50,70,7,4,3,1.75,0.22285714285714286,19.67142857142857,208,34,10,FAIBLE,0,1,1,2
180295,895,INTELLIGENT,40,50,69,10,6,4,2.5,0.213768115942029,20.347826086956523,210,36,14.492753623188406,FAIBLE,2,1,1,2
180295,900,INTELLIGENT,40,50,70,10,6,4,2.5,0.21428571428571427,20.714285714285715,211,36,14.285714285714286,FAIBLE,2,1,1,2
180295,905,INTELLIGENT,40,50,69,15,10,5,3.75,0.1956521739130435,21.942028985507246,212,35,21.73913043478261,FAIBLE,2,2,1,2
180295,910,INTELLIGENT,40,50,69,21,14,7,4.25,0.17391304347826086,23.26086956521739,213,33,30.434782608695652,MOYENNE,2,2,1,1
180295,915,INTELLIGENT,40,50,70,16,6,10,3,0.19,24.214285714285715,213,30,22.857142857142858,FAIBLE,1,2,1,1
180295,920,INTELLIGENT,40,50,71,14,2,12,3.5,0.20070422535211263,24.845070422535212,214,28,19.718309859154928,FAIBLE,1,2,2,1
180295,925,INTELLIGENT,40,50,72,8,2,6,1.75,0.2173611111111111,25.11111111111111,214,25,11.11111111111111,FAIBLE,1,0,2,1
180295,930,INTELLIGENT,40,50,74,12,2,10,3,0.2094594594594594,25.18918918918919,214,22,16.216216216216218,FAIBLE,1,0,2,1
180295,935,INTELLIGENT,40,50,73,13,3,10,3.25,0.20547945205479448,25.424657534246574,215,21,17.80821917808219,FAIBLE,1,0,2,1
180295,940,INTELLIGENT,40,50,73,9,3,6,2.25,0.21917808219178078,24.753424657534246,217,23,12.32876712328767,FAIBLE,1,0,0,1
180295,945,INTELLIGENT,40,50,71,8,3,5,2,0.2218309859154929,24.507042253521128,220,26,11.267605633802816,FAIBLE,1,0,0,1
180295,950,INTELLIGENT,40,50,68,8,4,4,2,0.22058823529411759,24,224,30,11.764705882352942,FAIBLE,1,0,0,1
180295,955,INTELLIGENT,40,50,67,8,4,4,2,0.22014925373134328,24.417910447761194,226,32,11.940298507462687,FAIBLE,1,0,0,1
180295,960,INTELLIGENT,40,50,66,8,4,4,2,0.21969696969696964,25.075757575757574,228,34,12.121212121212121,FAIBLE,1,2,0,1
180295,965,INTELLIGENT,40,50,67,9,4,5,2.25,0.21641791044776115,25.37313432835821,229,35,13.432835820895523,FAIBLE,1,2,0,1
180295,970,INTELLIGENT,40,50,69,12,4,8,3,0.20362318840579707,25.405797101449274,229,33,17.391304347826086,FAIBLE,1,2,2,2
180295,975,INTELLIGENT,40,50,70,16,7,9,4,0.19285714285714287,26.142857142857142,230,31,22.857142857142858,FAIBLE,1,2,2,2
180295,980,INTELLIGENT,40,50,73,19,10,9,4.5,0.18493150684931503,26.315068493150687,230,29,26.027397260273972,FAIBLE,2,1,2,2
180295,985,INTELLIGENT,40,50,75,20,10,10,4.25,0.1833333333333333,26.893333333333334,230,26,26.666666666666668,FAIBLE,2,1,2,2
180295,990,INTELLIGENT,40,50,76,19,8,11,4,0.18749999999999997,27.82894736842105,230,22,25,FAIBLE,2,1,1,0
180295,995,INTELLIGENT,40,50,77,17,4,13,3.75,0.19480519480519476,27.649350649350648,231,21,22.07792207792208,FAIBLE,2,1,1,0
180295,1000,INTELLIGENT,40,50,79,12,4,8,2.75,0.21202531645569617,26.974683544303797,232,21,15.189873417721518,FAIBLE,0,1,1,0
180295,1005,INTELLIGENT,40,50,80,8,4,4,2,0.22312500000000002,25.7,234,22,10,FAIBLE,0,1,1,0
180295,1010,INTELLIGENT,40,50,77,10,6,4,2.5,0.21688311688311687,25.038961038961038,237,24,12.987012987012987,FAIBLE,0,1,1,0
180295,1015,INTELLIGENT,40,50,76,12,7,5,2.75,0.21052631578947364,24.644736842105264,239,26,15.789473684210526,FAIBLE,0,1,1,0
180295,1020,INTELLIGENT,40,50,75,13,8,5,2.75,0.20666666666666664,24.826666666666668,241,27,17.333333333333332,FAIBLE,0,1,1,0
180295,1025,INTELLIGENT,40,50,73,13,8,5,2.75,0.2054794520547945,24.10958904109589,245,31,17.80821917808219,FAIBLE,0,1,1,0
180295,1030,INTELLIGENT,40,50,71,15,8,7,3,0.19718309859154928,24.239436619718308,247,33,21.12676056338028,FAIBLE,2,1,1,0
180295,1035,INTELLIGENT,40,50,70,16,9,7,3,0.19285714285714292,25.414285714285715,249,34,22.857142857142858,FAIBLE,2,1,1,0
180295,1040,INTELLIGENT,40,50,73,18,9,9,3.5,0.1883561643835617,25.561643835616437,249,32,24.65753424657534,FAIBLE,2,1,1,2
180295,1045,INTELLIGENT,40,50,74,21,12,9,4.25,0.1770270270270271,26.513513513513512,250,30,28.37837837837838,FAIBLE,2,2,1,2
180295,1050,INTELLIGENT,40,50,74,18,8,10,4,0.1891891891891892,27.93243243243243,250,26,24.324324324324323,FAIBLE,1,2,1,2
180295,1055,INTELLIGENT,40,50,75,22,9,13,4.75,0.17666666666666672,28.96,251,25,29.333333333333332,FAIBLE,1,2,1,2
180295,1060,INTELLIGENT,40,50,78,16,2,14,3.25,0.1987179487179487,28.94871794871795,251,23,20.512820512820515,FAIBLE,1,2,1,1
180295,1065,INTELLIGENT,40,50,77,13,3,10,3,0.20779220779220772,29.09090909090909,253,24,16.883116883116884,FAIBLE,1,0,2,1
180295,1070,INTELLIGENT,40,50,78,11,3,8,2.75,0.21282051282051276,29.153846153846153,254,25,14.102564102564102,FAIBLE,1,0,2,1
180295,1075,INTELLIGENT,40,50,79,13,3,10,3.25,0.20886075949367083,29.063291139240505,255,25,16.455696202531644,FAIBLE,1,0,2,1
180295,1080,INTELLIGENT,40,50,76,13,3,10,3.25,0.2072368421052631,29.486842105263158,258,28,17.105263157894736,FAIBLE,1,0,2,1
180295,1085,INTELLIGENT,40,50,74,9,3,6,2.25,0.21756756756756754,29.14864864864865,261,31,12.162162162162161,FAIBLE,1,0,0,1
180295,1090,INTELLIGENT,40,50,71,10,3,7,2.5,0.21478873239436616,29.661971830985916,264,34,14.084507042253522,FAIBLE,1,0,0,1
180295,1095,INTELLIGENT,40,50,70,11,5,6,2.75,0.21071428571428572,29.47142857142857,268,37,15.714285714285714,FAIBLE,1,0,0,1
180295,1100,INTELLIGENT,40,50,66,12,5,7,3,0.20454545454545456,31.71212121212121,272,40,18.181818181818183,FAIBLE,1,2,0,1
180295,1105,INTELLIGENT,40,50,70,12,5,7,3,0.20714285714285716,30.757142857142856,272,38,17.142857142857142,FAIBLE,1,2,0,1
180295,1110,INTELLIGENT,40,50,72,13,6,7,3.25,0.20277777777777778,30.77777777777778,273,36,18.055555555555557,FAIBLE,1,2,0,1
180295,1115,INTELLIGENT,40,50,72,22,12,10,5.5,0.17361111111111105,32.05555555555556,273,34,30.555555555555557,MOYENNE,2,2,2,1
180295,1120,INTELLIGENT,40,50,73,23,13,10,5,0.17123287671232873,33.16438356164384,273,32,31.506849315068493,MOYENNE,2,1,2,1
180295,1125,INTELLIGENT,40,50,74,25,13,12,5.5,0.1655405405405405,34.33783783783784,273,28,33.78378378378378,MOYENNE,2,1,2,2
180295,1130,INTELLIGENT,40,50,74,31,13,18,6.5,0.14527027027027026,35.32432432432432,274,27,41.891891891891895,MOYENNE,2,1,2,2
180295,1135,INTELLIGENT,40,50,76,15,4,11,2.75,0.20065789473684206,35.76315789473684,274,25,19.736842105263158,FAIBLE,0,1,1,2
180295,1140,INTELLIGENT,40,50,76,13,3,10,3,0.2072368421052631,34.64473684210526,276,27,17.105263157894736,FAIBLE,0,1,1,2
180295,1145,INTELLIGENT,40,50,76,10,3,7,2.5,0.2164473684210526,33.328947368421055,278,28,13.157894736842104,FAIBLE,0,1,1,0
180295,1150,INTELLIGENT,40,50,75,9,3,6,2.25,0.21999999999999992,32.78666666666667,280,30,12,FAIBLE,0,1,1,0
180295,1155,INTELLIGENT,40,50,75,11,5,6,2.75,0.212,32.78666666666667,282,31,14.666666666666666,FAIBLE,0,2,1,0
180295,1160,INTELLIGENT,40,50,74,14,6,8,3.25,0.20270270270270266,33.66216216216216,283,32,18.91891891891892,FAIBLE,0,2,1,0
180295,1165,INTELLIGENT,40,50,74,15,6,9,3.25,0.19932432432432434,33.189189189189186,285,32,20.27027027027027,FAIBLE,0,2,1,0
180295,1170,INTELLIGENT,40,50,73,15,6,9,3.25,0.19863013698630136,33.41095890410959,287,33,20.54794520547945,FAIBLE,2,2,1,0
180295,1175,INTELLIGENT,40,50,72,11,7,4,2.75,0.2118055555555555,34.083333333333336,289,34,15.277777777777779,FAIBLE,2,0,1,2
180295,1180,INTELLIGENT,40,50,72,11,7,4,2.75,0.2118055555555555,34.861111111111114,289,31,15.277777777777779,FAIBLE,2,0,2,2
180295,1185,INTELLIGENT,40,50,71,17,12,5,4.25,0.19014084507042248,36.40845070422535,291,30,23.943661971830984,FAIBLE,2,0,2,2
180295,1190,INTELLIGENT,40,50,72,15,10,5,3.75,0.19791666666666663,36.958333333333336,291,27,20.833333333333332,FAIBLE,1,0,2,2
180295,1195,INTELLIGENT,40,50,73,11,6,5,2.75,0.21232876712328763,37.36986301369863,291,23,15.068493150684931,FAIBLE,1,0,2,1
180295,1200,INTELLIGENT,40,50,74,7,5,2,1.75,0.22635135135135132,37.445945945945944,291,19,9.45945945945946,FAIBLE,1,0,0,1
180295,1205,INTELLIGENT,40,50,74,7,5,2,1.75,0.2236486486486486,37.067567567567565,292,20,9.45945945945946,FAIBLE,1,0,0,1
180295,1210,INTELLIGENT,40,50,76,9,6,3,2.25,0.22039473684210525,36.078947368421055,293,20,11.842105263157896,FAIBLE,1,0,0,1
180295,1215,INTELLIGENT,40,50,73,10,6,4,2.5,0.21575342465753414,35.397260273972606,296,23,13.698630136986301,FAIBLE,1,0,0,1
180295,1220,INTELLIGENT,40,50,74,12,6,6,3,0.20945945945945946,33.351351351351354,298,25,16.216216216216218,FAIBLE,1,2,0,1
180295,1225,INTELLIGENT,40,50,74,12,6,6,3,0.20810810810810812,32.21621621621622,300,27,16.216216216216218,FAIBLE,1,2,0,2
180295,1230,INTELLIGENT,40,50,72,13,7,6,3.25,0.2048611111111111,31.680555555555557,303,29,18.055555555555557,FAIBLE,2,2,0,2
180295,1235,INTELLIGENT,40,50,71,16,7,9,4,0.1936619718309859,31.380281690140844,306,32,22.535211267605632,FAIBLE,2,2,0,2
180295,1240,INTELLIGENT,40,50,71,16,4,12,3.5,0.19366197183098585,31.35211267605634,309,33,22.535211267605632,FAIBLE,2,1,2,2
180295,1245,INTELLIGENT,40,50,70,13,3,10,2.75,0.20357142857142851,32.48571428571429,310,32,18.571428571428573,FAIBLE,2,1,2,0
180295,1250,INTELLIGENT,40,50,70,5,3,2,1.25,0.2321428571428571,32.92857142857143,311,31,7.142857142857143,FAIBLE,0,1,2,0
180295,1255,INTELLIGENT,40,50,71,8,7,1,2,0.2218309859154929,33.056338028169016,311,29,11.267605633802816,FAIBLE,0,1,2,0
180295,1260,INTELLIGENT,40,50,73,5,4,1,1.25,0.23287671232876708,32.63013698630137,311,28,6.8493150684931505,FAIBLE,0,1,1,0
180295,1265,INTELLIGENT,40,50,74,4,3,1,1,0.23648648648648643,32.513513513513516,311,26,5.405405405405405,FAIBLE,0,1,1,0
180295,1270,INTELLIGENT,40,50,75,5,4,1,1.25,0.23333333333333334,31.386666666666667,312,25,6.666666666666667,FAIBLE,0,1,1,0
180295,1275,INTELLIGENT,40,50,74,4,3,1,1,0.2358108108108108,30.14864864864865,314,25,5.405405405405405,FAIBLE,0,1,1,0
180295,1280,INTELLIGENT,40,50,72,6,4,2,1.5,0.22916666666666663,28.625,317,28,8.333333333333334,FAIBLE,0,1,1,0
180295,1285,INTELLIGENT,40,50,71,7,4,3,1.75,0.22253521126760561,27.281690140845072,320,29,9.859154929577464,FAIBLE,0,1,1,0
180295,1290,INTELLIGENT,40,50,69,9,5,4,2.25,0.21739130434782605,25.420289855072465,324,33,13.043478260869565,FAIBLE,0,1,1,0
180295,1295,INTELLIGENT,40,50,67,11,5,6,2.75,0.20895522388059698,25.328358208955223,327,36,16.417910447761194,FAIBLE,0,1,2,2
180295,1300,INTELLIGENT,40,50,66,11,5,6,2.75,0.2068181818181818,25.636363636363637,328,37,16.666666666666668,FAIBLE,0,1,2,2
180295,1305,INTELLIGENT,40,50,65,15,9,6,3.75,0.1923076923076923,26.784615384615385,330,38,23.076923076923077,FAIBLE,0,2,2,2
180295,1310,INTELLIGENT,40,50,67,23,11,12,5.75,0.16268656716417904,27.44776119402985,331,38,34.32835820895522,MOYENNE,2,2,2,2
180295,1315,INTELLIGENT,40,50,68,13,4,9,3.25,0.20220588235294112,28.102941176470587,331,35,19.11764705882353,FAIBLE,2,2,0,1
180295,1320,INTELLIGENT,40,50,67,12,4,8,2.75,0.20522388059701488,28.08955223880597,332,34,17.91044776119403,FAIBLE,2,2,0,1
180295,1325,INTELLIGENT,40,50,67,12,8,4,3,0.20522388059701485,27.865671641791046,333,33,17.91044776119403,FAIBLE,2,0,0,1
180295,1330,INTELLIGENT,40,50,66,6,4,2,1.5,0.2272727272727272,27.515151515151516,334,31,9.090909090909092,FAIBLE,1,0,0,1
180295,1335,INTELLIGENT,40,50,66,8,5,3,2,0.2196969696969696,26.984848484848484,335,29,12.121212121212121,FAIBLE,1,0,0,1
180295,1340,INTELLIGENT,40,50,64,8,5,3,2,0.2164062499999999,26.046875,338,29,12.5,FAIBLE,1,0,0,1
180295,1345,INTELLIGENT,40,50,61,9,6,3,2.25,0.21311475409836061,25.081967213114755,342,32,14.754098360655737,FAIBLE,1,0,0,1
180295,1350,INTELLIGENT,40,50,58,10,7,3,2.5,0.20689655172413787,24.5,346,35,17.24137931034483,FAIBLE,1,0,0,1
180295,1355,INTELLIGENT,40,50,55,10,7,3,2.5,0.2045454545454545,25.381818181818183,349,38,18.181818181818183,FAIBLE,1,0,0,1
180295,1360,INTELLIGENT,40,50,55,11,8,3,2.5,0.19999999999999993,25.90909090909091,350,39,20,FAIBLE,1,0,0,1
180295,1365,INTELLIGENT,40,50,55,11,8,3,2.5,0.19999999999999993,26.90909090909091,350,39,20,FAIBLE,1,0,0,1
180295,1370,INTELLIGENT,40,50,57,12,8,4,2.75,0.19736842105263153,26.982456140350877,350,38,21.05263157894737,FAIBLE,1,2,0,2
180295,1375,INTELLIGENT,40,50,60,16,9,7,3.75,0.18333333333333326,26.8,350,36,26.666666666666668,FAIBLE,2,2,2,2
180295,1380,INTELLIGENT,40,50,61,20,12,8,4.75,0.16803278688524584,27.885245901639344,350,33,32.78688524590164,MOYENNE,2,2,2,2
180295,1385,INTELLIGENT,40,50,61,22,14,8,5,0.15983606557377045,29.59016393442623,350,30,36.0655737704918,MOYENNE,2,2,2,2
180295,1390,INTELLIGENT,40,50,62,10,6,4,2.25,0.20967741935483866,30.387096774193548,350,26,16.129032258064516,FAIBLE,2,1,2,0
180295,1395,INTELLIGENT,40,50,61,3,2,1,0.75,0.23770491803278682,29.57377049180328,352,25,4.918032786885246,FAIBLE,0,1,1,0
180295,1400,INTELLIGENT,40,50,61,2,1,1,0.5,0.24180327868852453,28.24590163934426,354,26,3.278688524590164,FAIBLE,0,1,1,0
180295,1405,INTELLIGENT,40,50,59,2,1,1,0.5,0.2415254237288135,26.338983050847457,357,27,3.389830508474576,FAIBLE,0,1,1,0
180295,1410,INTELLIGENT,40,50,58,2,1,1,0.5,0.2413793103448275,24.362068965517242,360,29,3.4482758620689653,FAIBLE,0,1,1,0
180295,1415,INTELLIGENT,40,50,56,3,2,1,0.75,0.23660714285714282,24.267857142857142,363,32,5.357142857142857,FAIBLE,0,1,1,0
180295,1420,INTELLIGENT,40,50,52,3,2,1,0.75,0.23173076923076918,25.71153846153846,367,35,5.769230769230769,FAIBLE,0,1,1,0
180295,1425,INTELLIGENT,40,50,52,6,4,2,1.5,0.22115384615384615,26.115384615384617,368,35,11.538461538461538,FAIBLE,0,1,2,0
180295,1430,INTELLIGENT,40,50,56,7,4,3,1.75,0.21875,24.785714285714285,369,35,12.5,FAIBLE,0,1,2,0
180295,1435,INTELLIGENT,40,50,56,8,5,3,2,0.21428571428571427,25.428571428571427,370,35,14.285714285714286,FAIBLE,2,1,2,0
180295,1440,INTELLIGENT,40,50,58,10,7,3,2.5,0.2068965517241379,25.32758620689655,371,33,17.24137931034483,FAIBLE,2,1,2,2
180295,1445,INTELLIGENT,40,50,59,9,7,2,2.25,0.21186440677966098,25.677966101694917,371,29,15.254237288135593,FAIBLE,2,1,0,2
180295,1450,INTELLIGENT,40,50,61,9,7,2,2.25,0.2131147540983606,25.57377049180328,371,25,14.754098360655737,FAIBLE,2,1,0,2
180295,1455,INTELLIGENT,40,50,61,14,11,3,3.25,0.1926229508196721,26.540983606557376,371,22,22.950819672131146,FAIBLE,1,1,0,2
180295,1460,INTELLIGENT,40,50,63,4,1,3,1,0.23412698412698407,26.158730158730158,371,21,6.349206349206349,FAIBLE,1,1,0,1
180295,1465,INTELLIGENT,40,50,63,4,1,3,1,0.23412698412698407,26.523809523809526,371,21,6.349206349206349,FAIBLE,1,2,0,1
180295,1470,INTELLIGENT,40,50,64,4,1,3,1,0.23437499999999994,23.796875,373,23,6.25,FAIBLE,1,2,0,1
180295,1475,INTELLIGENT,40,50,64,5,1,4,1.25,0.23046875,21.40625,376,26,7.8125,FAIBLE,1,2,0,1
180295,1480,INTELLIGENT,40,50,59,6,1,5,1.5,0.2245762711864406,20.23728813559322,381,31,10.169491525423728,FAIBLE,1,2,0,1
180295,1485,INTELLIGENT,40,50,58,5,2,3,1.25,0.22844827586206892,19.603448275862068,384,34,8.620689655172415,FAIBLE,1,0,0,1
180295,1490,INTELLIGENT,40,50,57,6,3,3,1.5,0.22368421052631574,20.17543859649123,386,36,10.526315789473685,FAIBLE,1,0,2,1
180295,1495,INTELLIGENT,40,50,58,6,3,3,1.5,0.22413793103448273,20.344827586206897,386,34,10.344827586206897,FAIBLE,1,0,2,1
180295,1500,INTELLIGENT,40,50,58,7,4,3,1.75,0.21982758620689652,20.896551724137932,386,32,12.068965517241379,FAIBLE,1,0,2,1
180295,1505,INTELLIGENT,40,50,60,8,5,3,2,0.21666666666666665,20.833333333333332,388,31,13.333333333333334,FAIBLE,1,0,2,1
180295,1510,INTELLIGENT,40,50,60,8,4,4,2,0.21666666666666667,21.566666666666666,389,29,13.333333333333334,FAIBLE,2,0,1,1
180295,1515,INTELLIGENT,40,50,60,8,3,5,2,0.21666666666666662,22.2,389,26,13.333333333333334,FAIBLE,2,2,1,1
180295,1520,INTELLIGENT,40,50,62,11,5,6,2.75,0.20241935483870963,22.225806451612904,389,22,17.741935483870968,FAIBLE,2,2,1,1
180295,1525,INTELLIGENT,40,50,63,16,8,8,4,0.1849206349206349,23.03174603174603,389,21,25.396825396825395,FAIBLE,2,2,1,1
180295,1530,INTELLIGENT,40,50,65,13,8,5,3.25,0.19999999999999996,23.446153846153845,389,20,20,FAIBLE,0,2,1,1
180295,1535,INTELLIGENT,40,50,64,7,1,6,1.75,0.21953124999999996,23.578125,390,20,10.9375,FAIBLE,0,1,1,1
180295,1540,INTELLIGENT,40,50,63,8,2,6,2,0.2182539682539682,21.285714285714285,393,22,12.698412698412698,FAIBLE,0,1,1,2
180295,1545,INTELLIGENT,40,50,60,9,3,6,2.25,0.21249999999999997,20.716666666666665,396,25,15,FAIBLE,0,1,1,2
180295,1550,INTELLIGENT,40,50,60,11,3,8,2.75,0.20416666666666664,19.633333333333333,399,28,18.333333333333332,FAIBLE,0,1,1,2
180295,1555,INTELLIGENT,40,50,58,12,3,9,3,0.19827586206896552,20.362068965517242,401,30,20.689655172413794,FAIBLE,0,1,1,2
180295,1560,INTELLIGENT,40,50,58,10,3,7,2.25,0.2068965517241379,20.689655172413794,402,31,17.24137931034483,FAIBLE,0,1,1,0
180295,1565,INTELLIGENT,40,50,59,9,3,6,2,0.211864406779661,21.10169491525424,402,31,15.254237288135593,FAIBLE,0,1,1,0
180295,1570,INTELLIGENT,40,50,61,9,3,6,2,0.21311475409836061,21.147540983606557,403,30,14.754098360655737,FAIBLE,0,2,1,0
180295,1575,INTELLIGENT,40,50,62,12,6,6,2.75,0.20161290322580638,21.661290322580644,403,27,19.35483870967742,FAIBLE,0,2,2,0
180295,1580,INTELLIGENT,40,50,61,13,7,6,3,0.19344262295081965,23.016393442622952,404,23,21.311475409836067,FAIBLE,2,2,2,0
180295,1585,INTELLIGENT,40,50,61,16,7,9,3.75,0.1844262295081967,24.24590163934426,404,20,26.229508196721312,FAIBLE,2,2,2,0
180295,1590,INTELLIGENT,40,50,63,14,8,6,3.25,0.1944444444444444,24.6984126984127,404,18,22.22222222222222,FAIBLE,2,0,2,0
180295,1595,INTELLIGENT,40,50,62,12,8,4,2.75,0.20161290322580644,26,405,19,19.35483870967742,FAIBLE,2,0,0,2
180295,1600,INTELLIGENT,40,50,61,13,10,3,3.25,0.19672131147540978,26.78688524590164,406,20,21.311475409836067,FAIBLE,1,0,0,2
180295,1605,INTELLIGENT,40,50,62,12,9,3,3,0.20161290322580638,26.870967741935484,407,19,19.35483870967742,FAIBLE,1,0,0,2
180295,1610,INTELLIGENT,40,50,63,12,9,3,3,0.20238095238095233,27.047619047619047,408,19,19.047619047619047,FAIBLE,1,0,0,2
180295,1615,INTELLIGENT,40,50,61,8,5,3,2,0.21721311475409824,27.311475409836067,410,21,13.114754098360656,FAIBLE,1,0,0,1
180295,1620,INTELLIGENT,40,50,62,7,4,3,1.75,0.22177419354838704,26.580645161290324,412,23,11.290322580645162,FAIBLE,1,0,0,1
180295,1625,INTELLIGENT,40,50,62,8,4,4,2,0.2177419354838709,26.693548387096776,413,24,12.903225806451612,FAIBLE,1,0,0,1
180295,1630,INTELLIGENT,40,50,61,8,4,4,2,0.21721311475409835,25.918032786885245,415,26,13.114754098360656,FAIBLE,2,0,0,1
180295,1635,INTELLIGENT,40,50,59,8,4,4,2,0.2161016949152542,26.47457627118644,417,27,13.559322033898304,FAIBLE,2,0,0,1
180295,1640,INTELLIGENT,40,50,56,8,4,4,2,0.21071428571428572,26.875,421,28,14.285714285714286,FAIBLE,2,0,0,1
180295,1645,INTELLIGENT,40,50,55,9,4,5,2.25,0.20909090909090905,27.345454545454544,423,27,16.363636363636363,FAIBLE,2,0,0,2
180295,1650,INTELLIGENT,40,50,54,8,4,4,2,0.2129629629629629,28.203703703703702,425,26,14.814814814814815,FAIBLE,0,2,0,2
180295,1655,INTELLIGENT,40,50,55,8,4,4,2,0.2136363636363636,28.345454545454544,425,24,14.545454545454545,FAIBLE,0,2,2,2
180295,1660,INTELLIGENT,40,50,56,16,6,10,3.5,0.17857142857142855,29.017857142857142,425,23,28.571428571428573,FAIBLE,0,2,2,2
180295,1665,INTELLIGENT,40,50,57,14,8,6,2.75,0.1885964912280701,29.94736842105263,425,23,24.56140350877193,FAIBLE,0,2,2,0
180295,1670,INTELLIGENT,40,50,58,9,5,4,2,0.20775862068965506,30.189655172413794,425,22,15.517241379310345,FAIBLE,0,1,2,0
180295,1675,INTELLIGENT,40,50,61,6,4,2,1.5,0.22213114754098356,28.672131147540984,426,23,9.836065573770492,FAIBLE,0,1,1,0
180295,1680,INTELLIGENT,40,50,60,5,3,2,1.25,0.2291666666666666,29,427,23,8.333333333333334,FAIBLE,0,1,1,0
180295,1685,INTELLIGENT,40,50,59,5,3,2,1.25,0.22881355932203384,28.54237288135593,429,25,8.474576271186441,FAIBLE,0,1,1,0
180295,1690,INTELLIGENT,40,50,59,5,3,2,1.25,0.22881355932203384,28.050847457627118,431,27,8.474576271186441,FAIBLE,0,1,1,0
180295,1695,INTELLIGENT,40,50,59,5,3,2,1.25,0.22881355932203387,26.983050847457626,434,29,8.474576271186441,FAIBLE,0,1,1,0
180295,1700,INTELLIGENT,40,50,61,6,4,2,1.5,0.22540983606557374,25.704918032786885,435,29,9.836065573770492,FAIBLE,2,2,1,0
180295,1705,INTELLIGENT,40,50,58,8,4,4,2,0.2155172413793103,25.413793103448278,438,31,13.793103448275861,FAIBLE,2,2,1,0
180295,1710,INTELLIGENT,40,50,58,8,4,4,2,0.21551724137931028,25.362068965517242,440,32,13.793103448275861,FAIBLE,2,2,1,0
180295,1715,INTELLIGENT,40,50,60,11,4,7,2.75,0.20416666666666664,25.25,440,30,18.333333333333332,FAIBLE,2,2,1,0
180295,1720,INTELLIGENT,40,50,59,6,2,4,1.5,0.2245762711864406,26.406779661016948,441,29,10.169491525423728,FAIBLE,1,0,1,2
180295,1725,INTELLIGENT,40,50,60,6,3,3,1.5,0.22166666666666662,26.383333333333333,441,28,10,FAIBLE,1,0,2,2
180295,1730,INTELLIGENT,40,50,61,12,4,8,2.75,0.2008196721311475,26.852459016393443,441,26,19.672131147540984,FAIBLE,1,0,2,2
180295,1735,INTELLIGENT,40,50,62,17,8,9,4,0.18145161290322576,27.129032258064516,442,25,27.419354838709676,FAIBLE,1,0,2,2
180295,1740,INTELLIGENT,40,50,62,15,5,10,3.25,0.189516129032258,28.403225806451612,443,22,24.193548387096776,FAIBLE,1,0,2,1
180295,1745,INTELLIGENT,40,50,60,6,3,3,1.25,0.22499999999999995,28.55,445,22,10,FAIBLE,1,0,0,1
180295,1750,INTELLIGENT,40,50,61,7,4,3,1.75,0.21803278688524586,26.0327868852459,447,22,11.475409836065573,FAIBLE,1,0,0,1
180295,1755,INTELLIGENT,40,50,60,9,5,4,2.25,0.21249999999999994,26.283333333333335,448,23,15,FAIBLE,1,0,0,1
180295,1760,INTELLIGENT,40,50,58,10,6,4,2.5,0.20689655172413784,24.310344827586206,451,26,17.24137931034483,FAIBLE,1,0,0,1
180295,1765,INTELLIGENT,40,50,56,11,7,4,2.75,0.20089285714285715,23.660714285714285,454,29,19.642857142857142,FAIBLE,1,2,0,1
180295,1770,INTELLIGENT,40,50,54,12,7,5,3,0.1944444444444444,25.314814814814813,457,32,22.22222222222222,FAIBLE,1,2,0,1
180295,1775,INTELLIGENT,40,50,55,13,8,5,3.25,0.1909090909090909,25.818181818181817,458,32,23.636363636363637,FAIBLE,1,2,2,1
180295,1780,INTELLIGENT,40,50,56,16,10,6,4,0.17857142857142852,26.589285714285715,458,31,28.571428571428573,FAIBLE,2,2,2,1
180295,1785,INTELLIGENT,40,50,58,19,9,10,4.5,0.16810344827586202,27.189655172413794,458,29,32.758620689655174,MOYENNE,2,1,2,2
180295,1790,INTELLIGENT,40,50,58,20,8,12,4.75,0.1637931034482758,28.93103448275862,459,28,34.48275862068966,MOYENNE,2,1,2,2
180295,1795,INTELLIGENT,40,50,58,17,4,13,3.75,0.17672413793103442,30.43103448275862,459,25,29.310344827586206,FAIBLE,2,1,1,2
180295,1800,INTELLIGENT,40,50,62,11,3,8,2.5,0.20564516129032254,29.419354838709676,459,24,17.741935483870968,FAIBLE,0,1,1,2
180295,1805,INTELLIGENT,40,50,61,7,3,4,1.5,0.221311475409836,29.360655737704917,460,22,11.475409836065573,FAIBLE,0,1,1,0
180295,1810,INTELLIGENT,40,50,62,5,4,1,1.25,0.22983870967741926,28.693548387096776,461,21,8.064516129032258,FAIBLE,0,1,1,0
180295,1815,INTELLIGENT,40,50,66,6,4,2,1.5,0.2272727272727272,27.393939393939394,461,21,9.090909090909092,FAIBLE,0,1,1,0
180295,1820,INTELLIGENT,40,50,64,6,4,2,1.5,0.22656249999999992,25.921875,463,22,9.375,FAIBLE,0,1,1,0
180295,1825,INTELLIGENT,40,50,64,7,5,2,1.75,0.22265624999999997,24.1875,466,25,10.9375,FAIBLE,0,1,2,0
180295,1830,INTELLIGENT,40,50,63,8,5,3,2,0.2182539682539682,23.904761904761905,468,27,12.698412698412698,FAIBLE,0,1,2,0
180295,1835,INTELLIGENT,40,50,63,8,5,3,2,0.21825396825396826,23.873015873015873,469,27,12.698412698412698,FAIBLE,0,1,2,0
180295,1840,INTELLIGENT,40,50,62,9,6,3,2.25,0.2137096774193548,24.483870967741936,470,27,14.516129032258064,FAIBLE,0,1,2,0
180295,1845,INTELLIGENT,40,50,62,10,6,4,2.5,0.207258064516129,24.887096774193548,472,27,16.129032258064516,FAIBLE,2,1,0,2
180295,1850,INTELLIGENT,40,50,63,16,11,5,4,0.1865079365079365,25.365079365079364,473,26,25.396825396825395,FAIBLE,2,2,0,2
180295,1855,INTELLIGENT,40,50,66,20,14,6,4.75,0.1696969696969697,25.59090909090909,473,25,30.303030303030305,MOYENNE,2,2,0,2
180295,1860,INTELLIGENT,40,50,66,23,17,6,5.25,0.16287878787878782,27.318181818181817,473,22,34.84848484848485,MOYENNE,2,2,0,2
180295,1865,INTELLIGENT,40,50,67,18,7,11,3.75,0.17985074626865669,28.417910447761194,473,19,26.865671641791046,FAIBLE,1,2,0,1
180295,1870,INTELLIGENT,40,50,68,10,4,6,2.5,0.213235294117647,28.66176470588235,473,16,14.705882352941176,FAIBLE,1,0,0,1
180295,1875,INTELLIGENT,40,50,68,6,2,4,1.5,0.2279411764705882,28.13235294117647,474,16,8.823529411764707,FAIBLE,1,0,0,1
180295,1880,INTELLIGENT,40,50,67,6,2,4,1.5,0.2276119402985074,27.47761194029851,476,18,8.955223880597014,FAIBLE,1,0,0,1
180295,1885,INTELLIGENT,40,50,66,6,2,4,1.5,0.2272727272727272,26.151515151515152,478,20,9.090909090909092,FAIBLE,1,0,0,1
180295,1890,INTELLIGENT,40,50,66,7,3,4,1.75,0.22121212121212114,24.606060606060606,481,22,10.606060606060606,FAIBLE,1,0,0,1
180295,1895,INTELLIGENT,40,50,66,9,4,5,2.25,0.21590909090909088,24.53030303030303,484,25,13.636363636363637,FAIBLE,1,0,0,1
180295,1900,INTELLIGENT,40,50,64,11,6,5,2.75,0.20703124999999994,25.75,487,28,17.1875,FAIBLE,1,0,0,2
180295,1905,INTELLIGENT,40,50,65,13,6,7,3.25,0.19999999999999996,26.276923076923076,487,27,20,FAIBLE,2,0,2,2
180295,1910,INTELLIGENT,40,50,66,15,6,9,3.75,0.1901515151515151,26.96969696969697,488,27,22.727272727272727,FAIBLE,2,0,2,2
180295,1915,INTELLIGENT,40,50,66,16,6,10,4,0.18939393939393934,28.181818181818183,488,27,24.242424242424242,FAIBLE,2,0,2,2
180295,1920,INTELLIGENT,40,50,67,12,6,6,3,0.20223880597014918,28.746268656716417,488,25,17.91044776119403,FAIBLE,2,0,2,0
180295,1925,INTELLIGENT,40,50,68,6,4,2,1.5,0.22794117647058815,28.955882352941178,488,22,8.823529411764707,FAIBLE,0,2,1,0
180295,1930,INTELLIGENT,40,50,69,7,6,1,1.75,0.2246376811594203,28.942028985507246,488,20,10.144927536231885,FAIBLE,0,2,1,0
180295,1935,INTELLIGENT,40,50,69,8,7,1,2,0.22101449275362314,29.463768115942027,488,19,11.594202898550725,FAIBLE,0,2,1,0
180295,1940,INTELLIGENT,40,50,70,9,7,2,2.25,0.21785714285714275,29.685714285714287,488,18,12.857142857142858,FAIBLE,0,2,1,0
180295,1945,INTELLIGENT,40,50,71,7,4,3,1.75,0.2253521126760563,28.619718309859156,489,17,9.859154929577464,FAIBLE,0,1,1,0
180295,1950,INTELLIGENT,40,50,69,7,4,3,1.75,0.22463768115942026,25.884057971014492,493,20,10.144927536231885,FAIBLE,0,1,1,0
180295,1955,INTELLIGENT,40,50,66,7,4,3,1.75,0.22348484848484845,24.12121212121212,497,24,10.606060606060606,FAIBLE,0,1,1,0
180295,1960,INTELLIGENT,40,50,65,7,4,3,1.75,0.2230769230769231,23.215384615384615,500,27,10.76923076923077,FAIBLE,0,1,1,0
180295,1965,INTELLIGENT,40,50,66,8,4,4,2,0.2196969696969697,22.045454545454547,503,30,12.121212121212121,FAIBLE,0,1,1,0
180295,1970,INTELLIGENT,40,50,64,8,4,4,2,0.21874999999999997,22.75,505,32,12.5,FAIBLE,0,1,1,0
180295,1975,INTELLIGENT,40,50,65,8,4,4,2,0.2192307692307692,22.93846153846154,506,32,12.307692307692308,FAIBLE,0,2,1,2
180295,1980,INTELLIGENT,40,50,68,11,5,6,2.75,0.20661764705882352,22.58823529411765,506,30,16.176470588235293,FAIBLE,0,2,2,2
180295,1985,INTELLIGENT,40,50,69,18,5,13,4.25,0.18478260869565216,23.347826086956523,506,28,26.08695652173913,FAIBLE,2,2,2,2
180295,1990,INTELLIGENT,40,50,70,24,9,15,5.5,0.16428571428571423,24.542857142857144,506,25,34.285714285714285,MOYENNE,2,2,2,2
180295,1995,INTELLIGENT,40,50,72,17,9,8,3.75,0.19097222222222218,25.083333333333332,506,22,23.61111111111111,FAIBLE,2,0,2,1
180295,2000,INTELLIGENT,40,50,74,17,12,5,3.5,0.19256756756756754,25.2027027027027,507,20,22.972972972972972,FAIBLE,2,0,0,1
180295,2005,INTELLIGENT,40,50,74,12,11,1,2.5,0.2094594594594594,26,508,21,16.216216216216218,FAIBLE,1,0,0,1
180295,2010,INTELLIGENT,40,50,74,6,5,1,1.5,0.2297297297297297,25.83783783783784,509,21,8.108108108108109,FAIBLE,1,0,0,1
180295,2015,INTELLIGENT,40,50,71,8,6,2,2,0.22183098591549297,25.450704225352112,512,24,11.267605633802816,FAIBLE,1,0,0,1
180295,2020,INTELLIGENT,40,50,70,9,5,4,2.25,0.21785714285714283,25.34285714285714,514,26,12.857142857142858,FAIBLE,1,0,0,1
180295,2025,INTELLIGENT,40,50,67,9,5,4,2.25,0.21641791044776115,25.253731343283583,517,29,13.432835820895523,FAIBLE,1,0,0,1
180295,2030,INTELLIGENT,40,50,66,10,5,5,2.5,0.21212121212121213,24.863636363636363,521,33,15.151515151515152,FAIBLE,1,0,0,1
180295,2035,INTELLIGENT,40,50,66,11,5,6,2.75,0.20833333333333331,25.454545454545453,523,35,16.666666666666668,FAIBLE,1,0,0,1
180295,2040,INTELLIGENT,40,50,66,11,5,6,2.75,0.20833333333333331,26.28787878787879,523,35,16.666666666666668,FAIBLE,1,0,0,1
180295,2045,INTELLIGENT,40,50,67,13,6,7,3.25,0.20149253731343278,26.791044776119403,524,35,19.402985074626866,FAIBLE,2,0,0,2
180295,2050,INTELLIGENT,40,50,67,14,7,7,3.5,0.1977611940298507,27.82089552238806,525,32,20.895522388059703,FAIBLE,2,0,0,2
180295,2055,INTELLIGENT,40,50,67,15,7,8,3.75,0.1940298507462686,28.880597014925375,526,29,22.388059701492537,FAIBLE,2,0,0,2
180295,2060,INTELLIGENT,40,50,67,22,9,13,5.25,0.16791044776119401,30.34328358208955,526,26,32.83582089552239,MOYENNE,2,0,2,2
180295,2065,INTELLIGENT,40,50,69,14,9,5,3,0.19927536231884058,30.855072463768117,526,23,20.28985507246377,FAIBLE,0,2,2,0
180295,2070,INTELLIGENT,40,50,71,13,11,2,3.25,0.204225352112676,30.887323943661972,526,21,18.309859154929576,FAIBLE,0,2,2,0
180295,2075,INTELLIGENT,40,50,69,15,13,2,3.5,0.19565217391304346,30.10144927536232,528,22,21.73913043478261,FAIBLE,0,2,2,0
180295,2080,INTELLIGENT,40,50,69,9,7,2,2,0.21739130434782603,28.507246376811594,530,24,13.043478260869565,FAIBLE,0,2,1,0
180295,2085,INTELLIGENT,40,50,69,5,2,3,1.25,0.23188405797101438,27.405797101449274,532,26,7.246376811594203,FAIBLE,0,1,1,0
180295,2090,INTELLIGENT,40,50,66,6,3,3,1.5,0.2272727272727272,25.166666666666668,536,30,9.090909090909092,FAIBLE,0,1,1,0
180295,2095,INTELLIGENT,40,50,62,6,3,3,1.5,0.22580645161290316,24.85483870967742,540,34,9.67741935483871,FAIBLE,0,1,1,0
180295,2100,INTELLIGENT,40,50,61,6,3,3,1.5,0.22540983606557374,24.475409836065573,543,36,9.836065573770492,FAIBLE,0,1,1,0
180295,2105,INTELLIGENT,40,50,61,6,3,3,1.5,0.22540983606557377,24.21311475409836,545,37,9.836065573770492,FAIBLE,0,1,1,0
180295,2110,INTELLIGENT,40,50,59,6,3,3,1.5,0.2245762711864407,25.25423728813559,548,39,10.169491525423728,FAIBLE,0,1,1,0
180295,2115,INTELLIGENT,40,50,60,8,3,5,2,0.21666666666666667,25.166666666666668,549,37,13.333333333333334,FAIBLE,0,1,2,0
180295,2120,INTELLIGENT,40,50,62,8,3,5,2,0.21774193548387097,25,549,35,12.903225806451612,FAIBLE,0,1,2,0
180295,2125,INTELLIGENT,40,50,64,11,5,6,2.5,0.20703125,24.953125,549,32,17.1875,FAIBLE,0,2,2,2
180295,2130,INTELLIGENT,40,50,65,17,5,12,4,0.18461538461538463,25.692307692307693,549,28,26.153846153846153,FAIBLE,2,2,2,2
180295,2135,INTELLIGENT,40,50,67,13,6,7,3,0.20149253731343278,25.955223880597014,549,26,19.402985074626866,FAIBLE,2,2,0,2
180295,2140,INTELLIGENT,40,50,69,12,7,5,3,0.20652173913043473,26.057971014492754,549,26,17.391304347826086,FAIBLE,2,2,0,2
180295,2145,INTELLIGENT,40,50,68,11,8,3,2.5,0.20955882352941174,26.470588235294116,550,26,16.176470588235293,FAIBLE,2,0,0,1
180295,2150,INTELLIGENT,40,50,68,6,5,1,1,0.22499999999999995,26.191176470588236,551,26,8.823529411764707,FAIBLE,1,0,0,1
180295,2155,INTELLIGENT,40,50,69,5,3,2,1,0.23188405797101447,25.6231884057971,553,27,7.246376811594203,FAIBLE,1,0,0,1
180295,2160,INTELLIGENT,40,50,68,6,3,3,1.5,0.22794117647058817,24.852941176470587,556,30,8.823529411764707,FAIBLE,1,0,0,1
180295,2165,INTELLIGENT,40,50,66,6,3,3,1.5,0.22727272727272724,24.96969696969697,558,32,9.090909090909092,FAIBLE,1,0,0,1
180295,2170,INTELLIGENT,40,50,64,7,3,4,1.75,0.22265624999999994,24.59375,561,35,10.9375,FAIBLE,1,0,0,1
180295,2175,INTELLIGENT,40,50,63,8,4,4,2,0.21825396825396823,25.523809523809526,562,34,12.698412698412698,FAIBLE,1,0,2,1
180295,2180,INTELLIGENT,40,50,60,8,4,4,2,0.21666666666666665,27.466666666666665,565,35,13.333333333333334,FAIBLE,1,0,2,1
180295,2185,INTELLIGENT,40,50,60,9,5,4,2.25,0.20583333333333328,28.166666666666668,565,33,15,FAIBLE,1,0,2,2
180295,2190,INTELLIGENT,40,50,60,12,6,6,3,0.19999999999999998,29.116666666666667,566,30,20,FAIBLE,1,0,2,2
180295,2195,INTELLIGENT,40,50,60,14,4,10,3.5,0.1916666666666666,30.183333333333334,566,26,23.333333333333332,FAIBLE,2,0,1,2
180295,2200,INTELLIGENT,40,50,63,16,4,12,3.75,0.18650793650793646,30,567,24,25.396825396825395,FAIBLE,2,2,1,2
180295,2205,INTELLIGENT,40,50,64,12,6,6,2.5,0.20312499999999992,30.734375,567,22,18.75,FAIBLE,2,2,1,0
180295,2210,INTELLIGENT,40,50,67,15,8,7,3.75,0.1940298507462686,30.55223880597015,567,19,22.388059701492537,FAIBLE,2,2,1,0
180295,2215,INTELLIGENT,40,50,67,11,9,2,2.75,0.2089552238805969,30.880597014925375,568,19,16.417910447761194,FAIBLE,0,2,1,0
180295,2220,INTELLIGENT,40,50,67,6,3,3,1.5,0.22761194029850743,30.865671641791046,569,20,8.955223880597014,FAIBLE,0,1,1,0
180295,2225,INTELLIGENT,40,50,66,5,3,2,1.25,0.23106060606060602,29.772727272727273,571,22,7.575757575757576,FAIBLE,0,1,1,0
180295,2230,INTELLIGENT,40,50,64,5,3,2,1.25,0.23046874999999994,26.609375,575,26,7.8125,FAIBLE,0,1,1,0
180295,2235,INTELLIGENT,40,50,62,5,3,2,1.25,0.22983870967741934,23.85483870967742,579,30,8.064516129032258,FAIBLE,0,1,1,0
180295,2240,INTELLIGENT,40,50,60,5,3,2,1.25,0.22916666666666657,23.5,582,33,8.333333333333334,FAIBLE,0,1,1,0
180295,2245,INTELLIGENT,40,50,60,5,3,2,1.25,0.22916666666666663,23.15,584,34,8.333333333333334,FAIBLE,0,1,1,0
180295,2250,INTELLIGENT,40,50,58,6,3,3,1.5,0.22413793103448276,24.17241379310345,586,35,10.344827586206897,FAIBLE,0,1,1,0
180295,2255,INTELLIGENT,40,50,57,8,5,3,2,0.21491228070175436,25.12280701754386,587,34,14.035087719298245,FAIBLE,2,1,1,0
180295,2260,INTELLIGENT,40,50,58,15,10,5,3.75,0.18534482758620688,25.724137931034484,587,31,25.862068965517242,FAIBLE,2,1,2,0
180295,2265,INTELLIGENT,40,50,60,17,10,7,4.25,0.17916666666666664,26.216666666666665,587,29,28.333333333333332,FAIBLE,2,2,2,0
180295,2270,INTELLIGENT,40,50,62,22,11,11,5.5,0.16129032258064516,26.919354838709676,587,26,35.483870967741936,MOYENNE,2,2,2,2
180295,2275,INTELLIGENT,40,50,63,23,10,13,5.5,0.15873015873015867,28.333333333333332,587,25,36.507936507936506,MOYENNE,1,2,2,2
180295,2280,INTELLIGENT,40,50,64,19,5,14,4.75,0.17265624999999996,29.390625,587,22,29.6875,FAIBLE,1,2,0,2
180295,2285,INTELLIGENT,40,50,65,13,7,6,3.25,0.19999999999999996,28.876923076923077,588,23,20,FAIBLE,1,0,0,2
180295,2290,INTELLIGENT,40,50,65,8,3,5,2,0.21923076923076917,28.76923076923077,589,23,12.307692307692308,FAIBLE,1,0,0,1
180295,2295,INTELLIGENT,40,50,64,7,2,5,1.75,0.22031249999999997,28.25,591,25,10.9375,FAIBLE,1,0,0,1
180295,2300,INTELLIGENT,40,50,61,8,2,6,2,0.2172131147540983,26.311475409836067,595,28,13.114754098360656,FAIBLE,1,0,0,1
180295,2305,INTELLIGENT,40,50,58,8,2,6,2,0.21551724137931028,26.79310344827586,599,32,13.793103448275861,FAIBLE,2,0,0,1
180295,2310,INTELLIGENT,40,50,57,8,2,6,2,0.2140350877192983,27.29824561403509,601,34,14.035087719298245,FAIBLE,2,0,0,1
180295,2315,INTELLIGENT,40,50,56,10,2,8,2.25,0.20535714285714285,28.607142857142858,602,34,17.857142857142858,FAIBLE,2,0,0,1
180295,2320,INTELLIGENT,40,50,56,11,3,8,2.5,0.20089285714285715,29.535714285714285,603,34,19.642857142857142,FAIBLE,2,0,0,1
180295,2325,INTELLIGENT,40,50,55,10,3,7,2,0.20454545454545456,31.10909090909091,604,33,18.181818181818183,FAIBLE,0,0,0,1
180295,2330,INTELLIGENT,40,50,56,7,4,3,1.5,0.21875000000000003,31.25,605,30,12.5,FAIBLE,0,0,0,1
180295,2335,INTELLIGENT,40,50,57,7,4,3,1.75,0.21929824561403508,31.29824561403509,605,26,12.280701754385966,FAIBLE,0,2,2,2
180295,2340,INTELLIGENT,40,50,59,12,9,3,3,0.19661016949152538,31.050847457627118,605,23,20.338983050847457,FAIBLE,0,2,2,2
180295,2345,INTELLIGENT,40,50,59,16,10,6,3.75,0.1822033898305084,32.28813559322034,605,21,27.11864406779661,FAIBLE,0,2,2,2
180295,2350,INTELLIGENT,40,50,60,18,10,8,4.25,0.17499999999999993,33.233333333333334,605,19,30,MOYENNE,0,2,2,2
180295,2355,INTELLIGENT,40,50,61,6,4,2,1.5,0.22213114754098348,33.57377049180328,605,18,9.836065573770492,FAIBLE,0,1,1,0
180295,2360,INTELLIGENT,40,50,60,5,3,2,1.25,0.22916666666666655,33.166666666666664,606,19,8.333333333333334,FAIBLE,0,1,1,0
180295,2365,INTELLIGENT,40,50,57,4,3,1,1,0.23245614035087714,31.526315789473685,609,22,7.017543859649122,FAIBLE,2,1,1,0
180295,2370,INTELLIGENT,40,50,55,4,3,1,1,0.23181818181818176,28.254545454545454,613,26,7.2727272727272725,FAIBLE,2,1,1,0
180295,2375,INTELLIGENT,40,50,53,5,3,2,1.25,0.22641509433962262,26.849056603773583,617,30,9.433962264150944,FAIBLE,2,1,1,0
180295,2380,INTELLIGENT,40,50,53,5,3,2,1.25,0.22641509433962256,25.92452830188679,619,32,9.433962264150944,FAIBLE,2,1,1,0
180295,2385,INTELLIGENT,40,50,53,7,3,4,1.75,0.21698113207547168,25.9811320754717,620,32,13.20754716981132,FAIBLE,1,1,1,0
180295,2390,INTELLIGENT,40,50,52,9,2,7,2.25,0.20673076923076916,27.134615384615383,621,32,17.307692307692307,FAIBLE,1,2,1,0
180295,2395,INTELLIGENT,40,50,54,13,2,11,2.75,0.18981481481481477,27.22222222222222,621,30,24.074074074074073,FAIBLE,1,2,2,0
180295,2400,INTELLIGENT,40,50,52,14,2,12,3,0.18269230769230768,29.576923076923077,623,28,26.923076923076923,FAIBLE,1,2,2,2
180295,2405,INTELLIGENT,40,50,53,14,2,12,3,0.18396226415094336,30.339622641509433,623,24,26.41509433962264,FAIBLE,1,2,2,2
180295,2410,INTELLIGENT,40,50,55,7,2,5,1.75,0.21818181818181817,28.87272727272727,624,23,12.727272727272727,FAIBLE,1,0,2,2
180295,2415,INTELLIGENT,40,50,57,6,2,4,1.5,0.22368421052631574,28.42105263157895,624,22,10.526315789473685,FAIBLE,1,0,0,2
180295,2420,INTELLIGENT,40,50,60,4,1,3,1,0.23,27.316666666666666,624,21,6.666666666666667,FAIBLE,1,0,0,1
180295,2425,INTELLIGENT,40,50,61,6,2,4,1.5,0.22540983606557372,27.262295081967213,624,20,9.836065573770492,FAIBLE,1,0,0,1
180295,2430,INTELLIGENT,40,50,64,8,2,6,2,0.21874999999999994,25.3125,625,20,12.5,FAIBLE,2,0,0,1
180295,2435,INTELLIGENT,40,50,61,9,3,6,2.25,0.21311475409836064,24.131147540983605,628,23,14.754098360655737,FAIBLE,2,0,0,1
180295,2440,INTELLIGENT,40,50,58,9,3,6,2.25,0.2112068965517241,23.43103448275862,631,26,15.517241379310345,FAIBLE,2,0,0,1
180295,2445,INTELLIGENT,40,50,56,13,5,8,3.25,0.19196428571428564,23.857142857142858,634,29,23.214285714285715,FAIBLE,2,2,2,1
180295,2450,INTELLIGENT,40,50,55,11,7,4,2.75,0.2,24.454545454545453,637,32,20,FAIBLE,0,2,2,2
180295,2455,INTELLIGENT,40,50,55,11,8,3,2.75,0.19999999999999996,25.09090909090909,638,33,20,FAIBLE,0,2,2,2
180295,2460,INTELLIGENT,40,50,58,15,11,4,3.75,0.18534482758620688,24.948275862068964,638,32,25.862068965517242,FAIBLE,0,2,2,2
180295,2465,INTELLIGENT,40,50,59,7,2,5,1.75,0.2203389830508474,25.54237288135593,638,29,11.864406779661017,FAIBLE,0,1,1,2
180295,2470,INTELLIGENT,40,50,60,4,3,1,1,0.23333333333333328,25.616666666666667,639,26,6.666666666666667,FAIBLE,0,1,1,0
180295,2475,INTELLIGENT,40,50,61,5,3,2,1.25,0.2295081967213114,25.672131147540984,639,22,8.19672131147541,FAIBLE,0,1,1,0
180295,2480,INTELLIGENT,40,50,63,6,4,2,1.5,0.22301587301587292,25.26984126984127,639,20,9.523809523809524,FAIBLE,0,1,1,0
180295,2485,INTELLIGENT,40,50,63,7,4,3,1.75,0.22222222222222218,25.857142857142858,639,19,11.11111111111111,FAIBLE,0,1,1,0
180295,2490,INTELLIGENT,40,50,62,7,4,3,1.75,0.22177419354838704,25.516129032258064,640,19,11.290322580645162,FAIBLE,0,1,1,0
180295,2495,INTELLIGENT,40,50,61,7,4,3,1.75,0.22131147540983603,24.081967213114755,642,21,11.475409836065573,FAIBLE,0,1,1,0
180295,2500,INTELLIGENT,40,50,59,10,6,4,2.5,0.20762711864406774,21.35593220338983,646,23,16.949152542372882,FAIBLE,0,2,1,2
180295,2505,INTELLIGENT,40,50,57,11,6,5,2.75,0.20175438596491227,21.80701754385965,649,26,19.29824561403509,FAIBLE,0,2,1,2
180295,2510,INTELLIGENT,40,50,57,11,6,5,2.75,0.19824561403508767,21.894736842105264,651,27,19.29824561403509,FAIBLE,0,2,1,2
180295,2515,INTELLIGENT,40,50,57,16,7,9,4,0.17982456140350878,22.68421052631579,653,29,28.07017543859649,FAIBLE,0,2,1,2
180295,2520,INTELLIGENT,40,50,57,11,5,6,2.75,0.20175438596491224,24.035087719298247,653,29,19.29824561403509,FAIBLE,0,0,1,1
180295,2525,INTELLIGENT,40,50,57,12,7,5,3,0.19561403508771924,24.894736842105264,653,29,21.05263157894737,FAIBLE,2,0,2,1
180295,2530,INTELLIGENT,40,50,57,14,9,5,3.5,0.18859649122807012,25.035087719298247,654,29,24.56140350877193,FAIBLE,2,0,2,1
180295,2535,INTELLIGENT,40,50,59,19,9,10,4.5,0.16949152542372875,25.627118644067796,654,26,32.20338983050848,MOYENNE,2,0,2,1
180295,2540,INTELLIGENT,40,50,59,19,9,10,4.5,0.1694915254237288,27.23728813559322,654,23,32.20338983050848,MOYENNE,2,0,2,1
180295,2545,INTELLIGENT,40,50,61,11,4,7,2.5,0.2049180327868852,26.229508196721312,655,21,18.0327868852459,FAIBLE,1,0,0,1
180295,2550,INTELLIGENT,40,50,61,8,4,4,2,0.2172131147540983,25.59016393442623,656,19,13.114754098360656,FAIBLE,1,0,0,1
180295,2555,INTELLIGENT,40,50,62,8,4,4,2,0.21532258064516127,25,658,20,12.903225806451612,FAIBLE,1,0,0,1
180295,2560,INTELLIGENT,40,50,60,9,4,5,2.25,0.21249999999999997,25.3,661,23,15,FAIBLE,1,0,0,1
180295,2565,INTELLIGENT,40,50,61,10,5,5,2.5,0.20901639344262296,23.83606557377049,663,25,16.39344262295082,FAIBLE,1,0,0,1
180295,2570,INTELLIGENT,40,50,61,10,5,5,2.5,0.20901639344262296,24.65573770491803,664,25,16.39344262295082,FAIBLE,1,0,0,1
180295,2575,INTELLIGENT,40,50,61,12,6,6,3,0.20081967213114754,25.524590163934427,664,25,19.672131147540984,FAIBLE,2,2,0,2
180295,2580,INTELLIGENT,40,50,63,13,7,6,3.25,0.1984126984126984,25.714285714285715,664,25,20.634920634920636,FAIBLE,2,2,2,2
180295,2585,INTELLIGENT,40,50,63,18,10,8,4.5,0.17857142857142852,26.88888888888889,664,25,28.571428571428573,FAIBLE,2,2,2,2
180295,2590,INTELLIGENT,40,50,67,22,12,10,5.5,0.16791044776119401,26.865671641791046,664,24,32.83582089552239,MOYENNE,2,2,2,2
180295,2595,INTELLIGENT,40,50,69,7,4,3,1.75,0.22463768115942023,26.942028985507246,664,22,10.144927536231885,FAIBLE,0,1,2,0
180295,2600,INTELLIGENT,40,50,70,3,1,2,0.75,0.23928571428571424,26.87142857142857,664,18,4.285714285714286,FAIBLE,0,1,1,0
180295,2605,INTELLIGENT,40,50,69,7,3,4,1.75,0.22173913043478258,26.579710144927535,665,16,10.144927536231885,FAIBLE,0,1,1,0
180295,2610,INTELLIGENT,40,50,68,8,3,5,2,0.22058823529411759,25.91176470588235,667,16,11.764705882352942,FAIBLE,0,1,1,0
180295,2615,INTELLIGENT,40,50,69,8,3,5,2,0.22101449275362314,25.07246376811594,669,16,11.594202898550725,FAIBLE,0,1,1,0
180295,2620,INTELLIGENT,40,50,70,9,4,5,2.25,0.2178571428571428,24.957142857142856,671,18,12.857142857142858,FAIBLE,0,1,1,0
180295,2625,INTELLIGENT,40,50,67,10,5,5,2.5,0.21268656716417908,25.28358208955224,674,21,14.925373134328359,FAIBLE,0,1,1,0
180295,2630,INTELLIGENT,40,50,66,10,5,5,2.5,0.21212121212121207,24.03030303030303,678,24,15.151515151515152,FAIBLE,0,1,2,0
180295,2635,INTELLIGENT,40,50,65,10,5,5,2.5,0.20923076923076925,23.953846153846154,680,26,15.384615384615385,FAIBLE,0,1,2,0
180295,2640,INTELLIGENT,40,50,65,13,7,6,3.25,0.19769230769230767,24.184615384615384,682,28,20,FAIBLE,0,2,2,0
180295,2645,INTELLIGENT,40,50,65,16,9,7,4,0.18846153846153846,25.138461538461538,684,29,24.615384615384617,FAIBLE,0,2,2,2
180295,2650,INTELLIGENT,40,50,67,15,9,6,3.75,0.19104477611940296,25.52238805970149,684,28,22.388059701492537,FAIBLE,2,2,0,2
180295,2655,INTELLIGENT,40,50,67,19,10,9,4.5,0.17910447761194023,26.865671641791046,684,26,28.35820895522388,FAIBLE,2,2,0,2
180295,2660,INTELLIGENT,40,50,67,21,16,5,4.75,0.16791044776119404,28.507462686567163,684,23,31.34328358208955,MOYENNE,2,0,0,2
180295,2665,INTELLIGENT,40,50,70,15,13,2,3.75,0.19357142857142853,28.62857142857143,684,21,21.428571428571427,FAIBLE,2,0,0,1
180295,2670,INTELLIGENT,40,50,72,10,6,4,2.5,0.21527777777777773,28.61111111111111,684,20,13.88888888888889,FAIBLE,1,0,0,1
180295,2675,INTELLIGENT,40,50,71,11,6,5,2.75,0.21126760563380276,27.87323943661972,686,22,15.492957746478874,FAIBLE,1,0,0,1
180295,2680,INTELLIGENT,40,50,70,11,6,5,2.75,0.21071428571428566,27.685714285714287,688,24,15.714285714285714,FAIBLE,1,0,2,1
180295,2685,INTELLIGENT,40,50,69,13,6,7,3.25,0.2007246376811594,28.18840579710145,690,26,18.840579710144926,FAIBLE,1,0,2,1
180295,2690,INTELLIGENT,40,50,66,16,7,9,4,0.1893939393939394,28.28787878787879,693,29,24.242424242424242,FAIBLE,1,0,2,1
180295,2695,INTELLIGENT,40,50,64,17,8,9,4.25,0.18359374999999994,29.234375,695,31,26.5625,FAIBLE,1,0,2,2
180295,2700,INTELLIGENT,40,50,63,17,6,11,4,0.1825396825396825,30.603174603174605,697,33,26.984126984126984,FAIBLE,2,2,1,2
180295,2705,INTELLIGENT,40,50,63,17,6,11,3.75,0.18253968253968247,31.952380952380953,697,32,26.984126984126984,FAIBLE,2,2,1,2
180295,2710,INTELLIGENT,40,50,65,17,6,11,3.75,0.18461538461538457,32.276923076923076,698,31,26.153846153846153,FAIBLE,2,2,1,2
180295,2715,INTELLIGENT,40,50,64,17,7,10,3.75,0.18359374999999994,34.140625,699,30,26.5625,FAIBLE,2,2,1,0
180295,2720,INTELLIGENT,40,50,66,6,2,4,1.25,0.2272727272727272,33.71212121212121,699,28,9.090909090909092,FAIBLE,0,1,1,0
180295,2725,INTELLIGENT,40,50,67,5,2,3,1.25,0.2313432835820895,33.582089552238806,699,25,7.462686567164179,FAIBLE,0,1,1,0
180295,2730,INTELLIGENT,40,50,67,5,2,3,1.25,0.23134328358208947,33.95522388059702,699,21,7.462686567164179,FAIBLE,0,1,1,0
180295,2735,INTELLIGENT,40,50,67,5,2,3,1.25,0.2313432835820895,34.32835820895522,699,19,7.462686567164179,FAIBLE,0,1,1,0
180295,2740,INTELLIGENT,40,50,67,5,2,3,1.25,0.2313432835820895,33.43283582089552,700,18,7.462686567164179,FAIBLE,0,1,1,0
180295,2745,INTELLIGENT,40,50,66,5,2,3,1.25,0.23106060606060597,30.939393939393938,704,20,7.575757575757576,FAIBLE,0,1,1,0
180295,2750,INTELLIGENT,40,50,65,5,2,3,1.25,0.23076923076923073,28.553846153846155,707,23,7.6923076923076925,FAIBLE,0,1,1,2
180295,2755,INTELLIGENT,40,50,62,5,2,3,1.25,0.2298387096774193,27.838709677419356,710,26,8.064516129032258,FAIBLE,0,1,1,2
180295,2760,INTELLIGENT,40,50,61,5,2,3,1.25,0.22950819672131148,26.83606557377049,713,29,8.19672131147541,FAIBLE,2,1,1,2
180295,2765,INTELLIGENT,40,50,60,10,6,4,2.5,0.20833333333333334,27.466666666666665,716,32,16.666666666666668,FAIBLE,2,1,1,2
180295,2770,INTELLIGENT,40,50,63,12,7,5,2.75,0.20238095238095238,27.063492063492063,716,32,19.047619047619047,FAIBLE,2,1,2,1
180295,2775,INTELLIGENT,40,50,63,16,10,6,3.5,0.18333333333333332,28.158730158730158,716,30,25.396825396825395,FAIBLE,2,2,2,1
180295,2780,INTELLIGENT,40,50,67,18,4,14,3.5,0.1828358208955224,27.761194029850746,716,28,26.865671641791046,FAIBLE,1,2,2,1
180295,2785,INTELLIGENT,40,50,68,18,3,15,3.25,0.1838235294117647,28.602941176470587,716,26,26.470588235294116,FAIBLE,1,2,2,1
180295,2790,INTELLIGENT,40,50,70,11,2,9,1.75,0.21071428571428572,28.642857142857142,716,23,15.714285714285714,FAIBLE,1,2,0,1
180295,2795,INTELLIGENT,40,50,70,6,2,4,1,0.22857142857142856,28.5,717,22,8.571428571428571,FAIBLE,1,0,0,1
180295,2800,INTELLIGENT,40,50,69,5,3,2,1.25,0.23188405797101444,28.492753623188406,718,21,7.246376811594203,FAIBLE,1,0,0,1
180295,2805,INTELLIGENT,40,50,68,6,3,3,1.5,0.22794117647058817,27.63235294117647,720,23,8.823529411764707,FAIBLE,1,0,0,1
180295,2810,INTELLIGENT,40,50,70,5,3,2,1.25,0.23214285714285715,25.957142857142856,722,24,7.142857142857143,FAIBLE,1,0,0,1
180295,2815,INTELLIGENT,40,50,68,6,3,3,1.5,0.22794117647058817,25.073529411764707,725,26,8.823529411764707,FAIBLE,1,0,0,1
180295,2820,INTELLIGENT,40,50,66,8,5,3,2,0.2196969696969697,25.151515151515152,728,29,12.121212121212121,FAIBLE,1,0,0,1
180295,2825,INTELLIGENT,40,50,66,9,6,3,2.25,0.2159090909090909,25.09090909090909,729,30,13.636363636363637,FAIBLE,1,0,0,1
180295,2830,INTELLIGENT,40,50,66,13,9,4,3,0.20075757575757572,25.848484848484848,731,32,19.696969696969695,FAIBLE,1,2,2,1
180295,2835,INTELLIGENT,40,50,67,14,9,5,3.25,0.1977611940298507,26.46268656716418,732,33,20.895522388059703,FAIBLE,1,2,2,1
180295,2840,INTELLIGENT,40,50,68,14,9,5,3.25,0.19852941176470587,27.102941176470587,732,32,20.58823529411765,FAIBLE,1,2,2,1
180295,2845,INTELLIGENT,40,50,69,17,12,5,4,0.18840579710144922,27.869565217391305,732,28,24.63768115942029,FAIBLE,2,2,2,1
180295,2850,INTELLIGENT,40,50,70,9,2,7,2.25,0.21499999999999997,28.3,732,25,12.857142857142858,FAIBLE,2,1,1,1
180295,2855,INTELLIGENT,40,50,73,9,1,8,2.25,0.21849315068493144,27.767123287671232,732,22,12.32876712328767,FAIBLE,2,1,1,1
180295,2860,INTELLIGENT,40,50,72,14,1,13,3.25,0.2013888888888888,28,733,20,19.444444444444443,FAIBLE,2,1,1,1
180295,2865,INTELLIGENT,40,50,72,12,2,10,2.75,0.2083333333333333,26.916666666666668,735,19,16.666666666666668,FAIBLE,0,1,1,1
180295,2870,INTELLIGENT,40,50,70,10,3,7,2.25,0.21214285714285713,25.442857142857143,738,22,14.285714285714286,FAIBLE,0,1,1,2
180295,2875,INTELLIGENT,40,50,68,10,4,6,2.5,0.21323529411764705,23.455882352941178,742,26,14.705882352941176,FAIBLE,0,1,1,2
180295,2880,INTELLIGENT,40,50,64,14,5,9,3.5,0.1953125,23.046875,746,30,21.875,FAIBLE,0,2,1,2
180295,2885,INTELLIGENT,40,50,61,15,5,10,3.75,0.18852459016393433,23.0327868852459,751,35,24.59016393442623,FAIBLE,0,2,1,2
180295,2890,INTELLIGENT,40,50,62,11,6,5,2.5,0.20564516129032254,21.951612903225808,753,37,17.741935483870968,FAIBLE,0,2,1,0
180295,2895,INTELLIGENT,40,50,61,13,6,7,3,0.19672131147540978,21.9672131147541,755,38,21.311475409836067,FAIBLE,0,2,1,0
180295,2900,INTELLIGENT,40,50,60,11,7,4,2.5,0.2041666666666666,22.933333333333334,757,39,18.333333333333332,FAIBLE,2,0,1,0
180295,2905,INTELLIGENT,40,50,60,10,7,3,2.25,0.20833333333333334,23.783333333333335,757,37,16.666666666666668,FAIBLE,2,0,1,0
180295,2910,INTELLIGENT,40,50,61,16,13,3,3.75,0.18442622950819668,24.39344262295082,758,36,26.229508196721312,FAIBLE,2,0,1,0
180295,2915,INTELLIGENT,40,50,63,20,17,3,4.5,0.17063492063492058,25.158730158730158,758,33,31.746031746031747,MOYENNE,2,0,1,0
180295,2920,INTELLIGENT,40,50,65,15,10,5,3.25,0.18923076923076923,25.784615384615385,758,30,23.076923076923077,FAIBLE,1,0,2,2
180295,2925,INTELLIGENT,40,50,66,15,10,5,3.5,0.19318181818181818,26.575757575757574,758,29,22.727272727272727,FAIBLE,1,0,2,2
180295,2930,INTELLIGENT,40,50,64,16,10,6,3.75,0.1875,26.375,760,29,25,FAIBLE,1,0,2,2
180295,2935,INTELLIGENT,40,50,65,18,10,8,4,0.18076923076923074,27.123076923076923,761,29,27.692307692307693,FAIBLE,1,0,2,2
180295,2940,INTELLIGENT,40,50,67,7,3,4,1.5,0.22388059701492535,27,761,29,10.447761194029852,FAIBLE,1,0,0,1
180295,2945,INTELLIGENT,40,50,66,7,4,3,1.75,0.22348484848484843,27.96969696969697,763,31,10.606060606060606,FAIBLE,1,0,0,1
180295,2950,INTELLIGENT,40,50,66,8,4,4,2,0.21969696969696964,27.954545454545453,764,32,12.121212121212121,FAIBLE,1,0,0,1
180295,2955,INTELLIGENT,40,50,66,8,5,3,2,0.21969696969696967,28.40909090909091,766,34,12.121212121212121,FAIBLE,2,0,0,1
180295,2960,INTELLIGENT,40,50,66,12,6,6,3,0.20454545454545453,29.196969696969695,767,34,18.181818181818183,FAIBLE,2,2,0,1
180295,2965,INTELLIGENT,40,50,68,17,7,10,4.25,0.18749999999999994,29.485294117647058,767,32,25,FAIBLE,2,2,0,1
180295,2970,INTELLIGENT,40,50,69,19,8,11,4.5,0.18115942028985507,28.91304347826087,769,31,27.536231884057973,FAIBLE,2,2,0,2
180295,2975,INTELLIGENT,40,50,71,17,9,8,4.25,0.1901408450704225,28.450704225352112,770,28,23.943661971830984,FAIBLE,0,2,2,2
180295,2980,INTELLIGENT,40,50,71,14,7,7,3.5,0.20070422535211263,29.154929577464788,771,25,19.718309859154928,FAIBLE,0,1,2,2
180295,2985,INTELLIGENT,40,50,71,19,12,7,4.25,0.18309859154929575,30.323943661971832,771,20,26.760563380281692,FAIBLE,0,1,2,2
180295,2990,INTELLIGENT,40,50,73,16,12,4,3.5,0.19520547945205474,30.71232876712329,771,18,21.91780821917808,FAIBLE,0,1,2,0
180295,2995,INTELLIGENT,40,50,75,13,9,4,2.75,0.2066666666666666,30.96,771,16,17.333333333333332,FAIBLE,0,1,1,0
180295,3000,INTELLIGENT,40,50,77,8,4,4,2,0.224025974025974,29.636363636363637,772,15,10.38961038961039,FAIBLE,0,1,1,0
180295,3005,INTELLIGENT,40,50,78,9,5,4,2,0.22115384615384615,29.294871794871796,773,16,11.538461538461538,FAIBLE,0,1,1,0
180295,3010,INTELLIGENT,40,50,78,9,4,5,2.25,0.22115384615384615,28.615384615384617,775,17,11.538461538461538,FAIBLE,0,1,1,0
180295,3015,INTELLIGENT,40,50,77,12,5,7,3,0.211038961038961,29.038961038961038,776,18,15.584415584415584,FAIBLE,2,1,1,0
180295,3020,INTELLIGENT,40,50,77,13,6,7,3.25,0.20779220779220775,28,778,20,16.883116883116884,FAIBLE,2,1,1,0
180295,3025,INTELLIGENT,40,50,76,15,7,8,3.75,0.20065789473684206,28.06578947368421,780,22,19.736842105263158,FAIBLE,2,1,1,0
180295,3030,INTELLIGENT,40,50,75,15,7,8,3.75,0.19999999999999998,28.506666666666668,782,22,20,FAIBLE,2,2,1,0
180295,3035,INTELLIGENT,40,50,76,13,3,10,3.25,0.20789473684210522,27.026315789473685,784,23,17.105263157894736,FAIBLE,1,2,2,2
180295,3040,INTELLIGENT,40,50,74,17,4,13,4.25,0.1912162162162162,27.77027027027027,786,25,22.972972972972972,FAIBLE,1,2,2,2
180295,3045,INTELLIGENT,40,50,74,21,6,15,5.25,0.179054054054054,29.12162162162162,786,23,28.37837837837838,FAIBLE,1,2,2,2
180295,3050,INTELLIGENT,40,50,77,16,7,9,4,0.19610389610389606,29.22077922077922,786,22,20.77922077922078,FAIBLE,1,0,2,2
180295,3055,INTELLIGENT,40,50,76,10,5,5,2.5,0.2151315789473684,29.43421052631579,787,21,13.157894736842104,FAIBLE,1,0,0,1
180295,3060,INTELLIGENT,40,50,75,10,5,5,2.5,0.21666666666666656,29.04,789,22,13.333333333333334,FAIBLE,1,0,0,1
180295,3065,INTELLIGENT,40,50,75,10,5,5,2.5,0.21466666666666664,28.56,791,24,13.333333333333334,FAIBLE,1,0,0,1
180295,3070,INTELLIGENT,40,50,74,13,6,7,3.25,0.206081081081081,28.675675675675677,793,24,17.56756756756757,FAIBLE,1,0,0,1
180295,3075,INTELLIGENT,40,50,73,14,7,7,3.25,0.2020547945205479,29.876712328767123,794,24,19.17808219178082,FAIBLE,1,0,0,1
180295,3080,INTELLIGENT,40,50,73,17,9,8,4,0.1917808219178082,28.863013698630137,796,25,23.28767123287671,FAIBLE,2,2,0,1
180295,3085,INTELLIGENT,40,50,70,17,9,8,4,0.18928571428571428,29.02857142857143,799,28,24.285714285714285,FAIBLE,2,2,2,1
180295,3090,INTELLIGENT,40,50,67,18,9,9,4.25,0.18283582089552236,29.865671641791046,802,31,26.865671641791046,FAIBLE,2,2,2,1
180295,3095,INTELLIGENT,40,50,66,20,11,9,4.75,0.1742424242424242,30.060606060606062,804,33,30.303030303030305,MOYENNE,2,2,2,1
180295,3100,INTELLIGENT,40,50,65,18,13,5,3.75,0.18076923076923074,30.615384615384617,807,35,27.692307692307693,FAIBLE,0,1,2,2
180295,3105,INTELLIGENT,40,50,65,10,4,6,2.25,0.21153846153846148,31.50769230769231,808,35,15.384615384615385,FAIBLE,0,1,1,2
180295,3110,INTELLIGENT,40,50,67,7,1,6,1.75,0.2238805970149253,31.16417910447761,808,33,10.447761194029852,FAIBLE,0,1,1,2
180295,3115,INTELLIGENT,40,50,66,11,2,9,2.75,0.20833333333333323,31.37878787878788,809,33,16.666666666666668,FAIBLE,0,1,1,2
180295,3120,INTELLIGENT,40,50,69,7,2,5,1.75,0.22463768115942023,30.753623188405797,809,31,10.144927536231885,FAIBLE,0,1,1,0
180295,3125,INTELLIGENT,40,50,70,5,2,3,1.25,0.2321428571428571,30.7,809,29,7.142857142857143,FAIBLE,0,1,1,0
180295,3130,INTELLIGENT,40,50,68,5,2,3,1.25,0.23161764705882348,29.426470588235293,811,29,7.352941176470588,FAIBLE,0,1,1,0
180295,3135,INTELLIGENT,40,50,66,6,3,3,1.5,0.22727272727272727,28.242424242424242,814,30,9.090909090909092,FAIBLE,0,1,2,0
180295,3140,INTELLIGENT,40,50,65,6,3,3,1.5,0.22692307692307692,27.4,817,31,9.23076923076923,FAIBLE,2,1,2,0
180295,3145,INTELLIGENT,40,50,62,6,3,3,1.5,0.22580645161290322,27.161290322580644,822,36,9.67741935483871,FAIBLE,2,1,2,0
180295,3150,INTELLIGENT,40,50,63,8,5,3,2,0.21825396825396826,27.015873015873016,824,38,12.698412698412698,FAIBLE,2,2,2,0
180295,3155,INTELLIGENT,40,50,63,9,6,3,2.25,0.21190476190476187,27.714285714285715,825,38,14.285714285714286,FAIBLE,2,2,0,0
180295,3160,INTELLIGENT,40,50,65,7,3,4,1.75,0.22307692307692303,27.553846153846155,825,36,10.76923076923077,FAIBLE,1,2,0,0
180295,3165,INTELLIGENT,40,50,66,13,6,7,3.25,0.1999999999999999,27.939393939393938,826,35,19.696969696969695,FAIBLE,1,2,0,0
180295,3170,INTELLIGENT,40,50,66,13,10,3,2.5,0.20075757575757572,29.060606060606062,827,34,19.696969696969695,FAIBLE,1,0,0,2
180295,3175,INTELLIGENT,40,50,67,10,9,1,2,0.2126865671641791,28.16417910447761,828,34,14.925373134328359,FAIBLE,1,0,0,2
180295,3180,INTELLIGENT,40,50,69,10,9,1,2,0.21376811594202894,28.07246376811594,828,32,14.492753623188406,FAIBLE,1,0,0,2
180295,3185,INTELLIGENT,40,50,69,10,9,1,2,0.21376811594202894,27.840579710144926,829,30,14.492753623188406,FAIBLE,1,0,0,2
180295,3190,INTELLIGENT,40,50,70,8,6,2,1.75,0.2214285714285714,27.32857142857143,830,28,11.428571428571429,FAIBLE,1,0,0,1
180295,3195,INTELLIGENT,40,50,69,6,4,2,1.5,0.22826086956521738,26.507246376811594,832,28,8.695652173913043,FAIBLE,1,0,0,1
180295,3200,INTELLIGENT,40,50,66,7,4,3,1.75,0.22348484848484848,25.424242424242426,836,29,10.606060606060606,FAIBLE,1,0,0,1
180295,3205,INTELLIGENT,40,50,63,8,5,3,2,0.21587301587301583,25.80952380952381,840,32,12.698412698412698,FAIBLE,1,0,0,1
180295,3210,INTELLIGENT,40,50,61,10,5,5,2.5,0.20901639344262293,26.75409836065574,842,34,16.39344262295082,FAIBLE,1,0,0,1
180295,3215,INTELLIGENT,40,50,60,11,5,6,2.75,0.20416666666666666,27.716666666666665,843,34,18.333333333333332,FAIBLE,2,0,2,1
180295,3220,INTELLIGENT,40,50,62,13,5,8,3.25,0.19596774193548386,27.79032258064516,843,34,20.967741935483872,FAIBLE,2,0,2,2
180295,3225,INTELLIGENT,40,50,63,18,9,9,4.5,0.17857142857142858,28.58730158730159,843,34,28.571428571428573,FAIBLE,2,0,2,2
180295,3230,INTELLIGENT,40,50,65,22,11,11,5.25,0.1646153846153846,29.323076923076922,843,32,33.84615384615385,MOYENNE,2,0,2,2
180295,3235,INTELLIGENT,40,50,66,15,4,11,3.25,0.1931818181818182,30.151515151515152,843,29,22.727272727272727,FAIBLE,0,0,1,2
180295,3240,INTELLIGENT,40,50,66,7,4,3,1.75,0.22348484848484837,29.5,844,27,10.606060606060606,FAIBLE,0,2,1,0
180295,3245,INTELLIGENT,40,50,69,6,4,2,1.5,0.22826086956521735,28.72463768115942,844,22,8.695652173913043,FAIBLE,0,2,1,0
180295,3250,INTELLIGENT,40,50,70,6,4,2,1.5,0.2285714285714285,26.885714285714286,846,22,8.571428571428571,FAIBLE,0,2,1,0
180295,3255,INTELLIGENT,40,50,70,7,5,2,1.75,0.22499999999999995,26.014285714285716,848,23,10,FAIBLE,0,2,1,0
180295,3260,INTELLIGENT,40,50,70,4,1,3,1,0.23571428571428563,25.47142857142857,850,25,5.714285714285714,FAIBLE,0,1,1,0
180295,3265,INTELLIGENT,40,50,68,4,1,3,1,0.23529411764705876,23.676470588235293,854,28,5.882352941176471,FAIBLE,0,1,1,0
180295,3270,INTELLIGENT,40,50,64,6,2,4,1.5,0.22656249999999997,23.359375,858,31,9.375,FAIBLE,0,1,1,0
180295,3275,INTELLIGENT,40,50,63,6,2,4,1.5,0.2261904761904762,23.015873015873016,859,31,9.523809523809524,FAIBLE,0,1,1,0
180295,3280,INTELLIGENT,40,50,63,6,2,4,1.5,0.22301587301587297,22.396825396825395,861,33,9.523809523809524,FAIBLE,0,1,2,0
180295,3285,INTELLIGENT,40,50,63,8,2,6,2,0.21825396825396826,22.063492063492063,862,33,12.698412698412698,FAIBLE,0,1,2,0
180295,3290,INTELLIGENT,40,50,63,9,2,7,2.25,0.21428571428571425,21.873015873015873,863,33,14.285714285714286,FAIBLE,0,2,2,0
180295,3295,INTELLIGENT,40,50,63,11,4,7,2.75,0.20396825396825394,22.142857142857142,864,32,17.46031746031746,FAIBLE,0,2,2,0
180295,3300,INTELLIGENT,40,50,64,16,8,8,4,0.18437499999999998,22.953125,864,28,25,FAIBLE,2,2,0,0
180295,3305,INTELLIGENT,40,50,64,18,9,9,4,0.17656249999999996,24.34375,864,24,28.125,FAIBLE,2,2,0,0
180295,3310,INTELLIGENT,40,50,65,17,12,5,3.75,0.18461538461538454,25.384615384615383,864,22,26.153846153846153,FAIBLE,2,0,0,0
180295,3315,INTELLIGENT,40,50,65,13,12,1,3.25,0.19999999999999998,25.692307692307693,865,22,20,FAIBLE,2,0,0,0
180295,3320,INTELLIGENT,40,50,63,8,7,1,2,0.21825396825396823,23.3015873015873,869,26,12.698412698412698,FAIBLE,1,0,0,0
180295,3325,INTELLIGENT,40,50,60,9,8,1,2.25,0.21249999999999994,24.683333333333334,872,29,15,FAIBLE,1,0,0,2
180295,3330,INTELLIGENT,40,50,60,10,9,1,2.5,0.20499999999999996,25.316666666666666,873,30,16.666666666666668,FAIBLE,1,0,0,2
180295,3335,INTELLIGENT,40,50,59,12,10,2,3,0.19915254237288135,26.610169491525422,875,32,20.338983050847457,FAIBLE,1,0,2,2
180295,3340,INTELLIGENT,40,50,59,13,11,2,3.25,0.19152542372881357,27.661016949152543,875,31,22.033898305084747,FAIBLE,1,0,2,2
180295,3345,INTELLIGENT,40,50,59,10,7,3,2.5,0.20762711864406777,27.559322033898304,877,33,16.949152542372882,FAIBLE,1,0,2,1
180295,3350,INTELLIGENT,40,50,58,8,5,3,2,0.21551724137931028,28.74137931034483,878,32,13.793103448275861,FAIBLE,2,0,2,1
180295,3355,INTELLIGENT,40,50,57,8,3,5,2,0.21491228070175433,29.912280701754387,879,31,14.035087719298245,FAIBLE,2,0,1,1
180295,3360,INTELLIGENT,40,50,58,9,3,6,2.25,0.21120689655172412,30.155172413793103,880,30,15.517241379310345,FAIBLE,2,0,1,1
180295,3365,INTELLIGENT,40,50,59,13,3,10,3.25,0.1949152542372881,30.52542372881356,880,26,22.033898305084747,FAIBLE,2,0,1,1
180295,3370,INTELLIGENT,40,50,58,13,3,10,3.25,0.19224137931034477,32.275862068965516,881,23,22.413793103448278,FAIBLE,0,0,1,1
180295,3375,INTELLIGENT,40,50,59,15,4,11,3.75,0.18644067796610164,33.016949152542374,882,23,25.423728813559322,FAIBLE,0,0,1,2
180295,3380,INTELLIGENT,40,50,60,16,5,11,4,0.18333333333333326,33.75,882,21,26.666666666666668,FAIBLE,0,0,1,2
180295,3385,INTELLIGENT,40,50,60,16,5,11,4,0.18333333333333326,32.61666666666667,884,22,26.666666666666668,FAIBLE,0,0,1,2
180295,3390,INTELLIGENT,40,50,59,18,6,12,4.5,0.173728813559322,33.30508474576271,886,23,30.508474576271187,MOYENNE,0,2,1,2
180295,3395,INTELLIGENT,40,50,59,15,6,9,3.75,0.18644067796610164,33.559322033898304,888,24,25.423728813559322,FAIBLE,0,2,1,0
180295,3400,INTELLIGENT,40,50,60,13,7,6,3,0.19583333333333328,31.483333333333334,891,27,21.666666666666668,FAIBLE,2,2,2,0
180295,3405,INTELLIGENT,40,50,60,14,8,6,3.25,0.19166666666666657,30.866666666666667,893,29,23.333333333333332,FAIBLE,2,2,2,0
180295,3410,INTELLIGENT,40,50,61,9,3,6,2.25,0.20983606557377044,29.852459016393443,895,31,14.754098360655737,FAIBLE,2,1,2,0
180295,3415,INTELLIGENT,40,50,61,12,5,7,3,0.20081967213114751,29.885245901639344,897,32,19.672131147540984,FAIBLE,2,1,2,0
180295,3420,INTELLIGENT,40,50,62,8,4,4,2,0.21532258064516127,30.274193548387096,897,28,12.903225806451612,FAIBLE,1,1,0,0
180295,3425,INTELLIGENT,40,50,63,5,1,4,1.25,0.2301587301587301,28.095238095238095,898,26,7.936507936507937,FAIBLE,1,1,0,0
180295,3430,INTELLIGENT,40,50,61,6,1,5,1.5,0.22540983606557377,28.114754098360656,900,27,9.836065573770492,FAIBLE,1,1,0,0
180295,3435,INTELLIGENT,40,50,63,10,1,9,2.5,0.21031746031746024,27.126984126984127,901,26,15.873015873015873,FAIBLE,1,1,0,0
180295,3440,INTELLIGENT,40,50,64,10,1,9,2.5,0.21093749999999992,27.203125,902,27,15.625,FAIBLE,1,2,0,0
180295,3445,INTELLIGENT,40,50,66,11,1,10,2.75,0.20833333333333331,27.196969696969695,902,25,16.666666666666668,FAIBLE,1,2,0,0
180295,3450,INTELLIGENT,40,50,67,14,2,12,3.25,0.1977611940298507,27.761194029850746,902,24,20.895522388059703,FAIBLE,2,2,0,0
180295,3455,INTELLIGENT,40,50,68,17,4,13,3.75,0.18749999999999992,27.823529411764707,903,24,25,FAIBLE,2,2,0,0
180295,3460,INTELLIGENT,40,50,68,10,4,6,2.25,0.21029411764705877,28.073529411764707,904,24,14.705882352941176,FAIBLE,2,0,0,0
180295,3465,INTELLIGENT,40,50,66,13,7,6,3,0.19848484848484843,28.424242424242426,906,26,19.696969696969695,FAIBLE,2,0,0,0
180295,3470,INTELLIGENT,40,50,65,14,10,4,3.25,0.1961538461538461,29.246153846153845,907,26,21.53846153846154,FAIBLE,0,0,0,2
180295,3475,INTELLIGENT,40,50,65,18,18,0,3.5,0.18076923076923074,28.76923076923077,909,27,27.692307692307693,FAIBLE,0,0,2,2
180295,3480,INTELLIGENT,40,50,64,18,18,0,3.5,0.17656249999999998,29.859375,910,28,28.125,FAIBLE,0,0,2,2
180295,3485,INTELLIGENT,40,50,65,26,25,1,5.25,0.15,30.415384615384614,911,27,40,MOYENNE,0,0,2,2
180295,3490,INTELLIGENT,40,50,64,22,21,1,4.25,0.1640625,31.40625,913,27,34.375,MOYENNE,0,2,2,1
180295,3495,INTELLIGENT,40,50,63,10,9,1,2,0.21031746031746026,32.857142857142854,914,26,15.873015873015873,FAIBLE,0,2,1,1
180295,3500,INTELLIGENT,40,50,65,12,10,2,2.5,0.20384615384615384,31.723076923076924,915,24,18.46153846153846,FAIBLE,0,2,1,1
180295,3505,INTELLIGENT,40,50,63,12,10,2,2.25,0.20238095238095238,31.6984126984127,917,24,19.047619047619047,FAIBLE,2,2,1,1
180295,3510,INTELLIGENT,40,50,62,12,7,5,2.25,0.20161290322580644,31.532258064516128,919,24,19.35483870967742,FAIBLE,2,1,1,1
180295,3515,INTELLIGENT,40,50,61,15,7,8,3,0.18852459016393447,32.295081967213115,921,24,24.59016393442623,FAIBLE,2,1,1,1
180295,3520,INTELLIGENT,40,50,63,16,7,9,3.25,0.18650793650793654,32.476190476190474,921,24,25.396825396825395,FAIBLE,2,1,1,1
180295,3525,INTELLIGENT,40,50,63,17,3,14,3.75,0.18253968253968253,33.73015873015873,921,23,26.984126984126984,FAIBLE,1,1,2,2
180295,3530,INTELLIGENT,40,50,63,15,1,14,3.5,0.19047619047619044,34.95238095238095,921,21,23.80952380952381,FAIBLE,1,1,2,2
180295,3535,INTELLIGENT,40,50,64,18,0,18,4.25,0.17734374999999997,35.65625,921,20,28.125,FAIBLE,1,1,2,2
180295,3540,INTELLIGENT,40,50,64,22,0,22,5,0.1640625,35.046875,923,21,34.375,MOYENNE,1,2,2,2
180295,3545,INTELLIGENT,40,50,63,13,0,13,2.75,0.1984126984126984,35.476190476190474,925,23,20.634920634920636,FAIBLE,1,2,0,0
180295,3550,INTELLIGENT,40,50,66,13,0,13,2.75,0.2007575757575757,34.833333333333336,926,24,19.696969696969695,FAIBLE,1,2,0,0
180295,3555,INTELLIGENT,40,50,65,16,3,13,3.5,0.18846153846153835,36,927,24,24.615384615384617,FAIBLE,1,2,0,0
180295,3560,INTELLIGENT,40,50,66,16,6,10,3.75,0.18939393939393928,36.63636363636363,927,23,24.242424242424242,FAIBLE,2,0,0,0
180295,3565,INTELLIGENT,40,50,67,16,8,8,3.5,0.18805970149253728,37.298507462686565,927,21,23.880597014925375,FAIBLE,2,0,0,0
180295,3570,INTELLIGENT,40,50,67,18,10,8,4,0.1828358208955224,36.82089552238806,928,21,26.865671641791046,FAIBLE,2,0,0,0
180295,3575,INTELLIGENT,40,50,66,22,14,8,5,0.16666666666666666,35.78787878787879,930,21,33.333333333333336,MOYENNE,2,0,2,0
180295,3580,INTELLIGENT,40,50,66,15,14,1,3.25,0.19318181818181818,34.984848484848484,932,22,22.727272727272727,FAIBLE,0,0,2,2
180295,3585,INTELLIGENT,40,50,66,16,16,0,3.75,0.1893939393939394,34.68181818181818,934,23,24.242424242424242,FAIBLE,0,0,2,2
180295,3590,INTELLIGENT,40,50,65,24,23,1,5.5,0.15769230769230766,36.10769230769231,936,23,36.92307692307692,MOYENNE,0,2,2,2
180295,3595,INTELLIGENT,40,50,67,16,16,0,3.75,0.1902985074626865,36.32835820895522,937,23,23.880597014925375,FAIBLE,0,2,1,2
180295,3600,INTELLIGENT,40,50,68,15,14,1,3.5,0.19191176470588237,37.044117647058826,937,22,22.058823529411764,FAIBLE,0,2,1,1
180295,3605,INTELLIGENT,40,50,68,16,14,2,3.75,0.19117647058823528,38.161764705882355,937,20,23.529411764705884,FAIBLE,0,2,1,1
180295,3610,INTELLIGENT,40,50,72,16,9,7,3.75,0.19444444444444442,37.208333333333336,937,18,22.22222222222222,FAIBLE,2,1,1,1
180295,3615,INTELLIGENT,40,50,72,15,8,7,3.5,0.19791666666666663,38.236111111111114,937,16,20.833333333333332,FAIBLE,2,1,1,1
180295,3620,INTELLIGENT,40,50,73,16,7,9,3.75,0.19520547945205474,38.726027397260275,937,16,21.91780821917808,FAIBLE,2,1,1,1
180295,3625,INTELLIGENT,40,50,74,19,8,11,4.5,0.18581081081081077,37.270270270270274,939,18,25.675675675675677,FAIBLE,2,1,2,1
180295,3630,INTELLIGENT,40,50,73,15,1,14,3.75,0.19863013698630133,38.12328767123287,941,20,20.54794520547945,FAIBLE,1,1,2,2
180295,3635,INTELLIGENT,40,50,72,16,1,15,4,0.19444444444444436,39.388888888888886,942,21,22.22222222222222,FAIBLE,1,1,2,2
180295,3640,INTELLIGENT,40,50,72,17,1,16,4.25,0.1909722222222222,39.5,943,20,23.61111111111111,FAIBLE,1,1,2,2
180295,3645,INTELLIGENT,40,50,76,17,1,16,4.25,0.19407894736842102,37.63157894736842,944,19,22.36842105263158,FAIBLE,1,1,0,2
180295,3650,INTELLIGENT,40,50,75,12,3,9,3,0.20999999999999996,38.24,945,19,16,FAIBLE,1,2,0,0
180295,3655,INTELLIGENT,40,50,75,12,3,9,3,0.20999999999999996,38.38666666666666,946,19,16,FAIBLE,1,2,0,0
180295,3660,INTELLIGENT,40,50,74,12,3,9,3,0.2094594594594594,37.36486486486486,948,21,16.216216216216218,FAIBLE,1,2,0,0
180295,3665,INTELLIGENT,40,50,73,13,3,10,3.25,0.20547945205479448,37.342465753424655,949,22,17.80821917808219,FAIBLE,1,2,0,0
180295,3670,INTELLIGENT,40,50,74,10,3,7,2.25,0.21621621621621614,36.513513513513516,950,22,13.513513513513514,FAIBLE,1,0,0,0
180295,3675,INTELLIGENT,40,50,73,14,8,6,3.25,0.20205479452054792,35.6986301369863,952,22,19.17808219178082,FAIBLE,1,0,2,0
180295,3680,INTELLIGENT,40,50,70,19,11,8,4,0.1821428571428572,35.4,955,23,27.142857142857142,FAIBLE,2,0,2,2
180295,3685,INTELLIGENT,40,50,71,20,12,8,4,0.1795774647887324,34.647887323943664,957,23,28.169014084507044,FAIBLE,2,0,2,2
180295,3690,INTELLIGENT,40,50,68,21,13,8,4.25,0.17279411764705882,34.69117647058823,960,24,30.88235294117647,MOYENNE,2,0,2,2
180295,3695,INTELLIGENT,40,50,68,22,13,9,4.5,0.1691176470588235,34.588235294117645,962,25,32.35294117647059,MOYENNE,2,0,1,2
180295,3700,INTELLIGENT,40,50,66,12,7,5,2.5,0.20151515151515154,35.43939393939394,964,27,18.181818181818183,FAIBLE,0,0,1,1
180295,3705,INTELLIGENT,40,50,66,6,4,2,1.5,0.2272727272727272,36.121212121212125,964,27,9.090909090909092,FAIBLE,0,0,1,1
180295,3710,INTELLIGENT,40,50,67,8,4,4,2,0.22014925373134323,34.53731343283582,965,28,11.940298507462687,FAIBLE,0,2,1,1
180295,3715,INTELLIGENT,40,50,68,11,4,7,2.75,0.20955882352941171,33.220588235294116,966,29,16.176470588235293,FAIBLE,0,2,1,1
180295,3720,INTELLIGENT,40,50,70,14,5,9,3.5,0.19999999999999996,31.87142857142857,967,30,20,FAIBLE,0,2,1,1
180295,3725,INTELLIGENT,40,50,70,15,6,9,3.75,0.19642857142857137,31.742857142857144,968,29,21.428571428571427,FAIBLE,0,2,1,1
180295,3730,INTELLIGENT,40,50,66,14,5,9,3.5,0.1969696969696969,30.393939393939394,972,31,21.21212121212121,FAIBLE,0,1,1,2
180295,3735,INTELLIGENT,40,50,66,14,5,9,3.5,0.19696969696969696,30.09090909090909,974,32,21.21212121212121,FAIBLE,0,1,1,2
180295,3740,INTELLIGENT,40,50,65,14,5,9,3.5,0.19615384615384612,30.153846153846153,977,34,21.53846153846154,FAIBLE,0,1,1,2
180295,3745,INTELLIGENT,40,50,67,15,5,10,3.75,0.19402985074626863,30.238805970149254,978,34,22.388059701492537,FAIBLE,2,1,1,2
180295,3750,INTELLIGENT,40,50,65,11,6,5,2.5,0.20769230769230765,30.723076923076924,980,35,16.923076923076923,FAIBLE,2,1,2,0
180295,3755,INTELLIGENT,40,50,65,12,7,5,2.5,0.20384615384615384,30.53846153846154,981,35,18.46153846153846,FAIBLE,2,1,2,0
180295,3760,INTELLIGENT,40,50,64,13,8,5,2.75,0.19921875000000006,31.046875,982,34,20.3125,FAIBLE,2,1,2,0
180295,3765,INTELLIGENT,40,50,64,17,7,10,3.75,0.17812500000000003,32.03125,983,34,26.5625,FAIBLE,1,1,2,0
180295,3770,INTELLIGENT,40,50,64,13,2,11,2.5,0.19921874999999994,33.09375,983,33,20.3125,FAIBLE,1,1,0,0
180295,3775,INTELLIGENT,40,50,64,12,2,10,2.25,0.20078124999999997,32.46875,984,32,18.75,FAIBLE,1,1,0,0
180295,3780,INTELLIGENT,40,50,64,13,2,11,2.25,0.19921874999999997,30.375,987,32,20.3125,FAIBLE,1,1,0,2
180295,3785,INTELLIGENT,40,50,62,14,2,12,2.5,0.1935483870967741,30.838709677419356,989,32,22.580645161290324,FAIBLE,1,2,0,2
180295,3790,INTELLIGENT,40,50,64,16,3,13,3,0.18437499999999996,30.25,990,30,25,FAIBLE,1,2,0,2
180295,3795,INTELLIGENT,40,50,65,19,6,13,3.75,0.17692307692307688,30.4,991,29,29.23076923076923,FAIBLE,1,2,0,2
180295,3800,INTELLIGENT,40,50,65,17,3,14,3.25,0.18461538461538463,31.49230769230769,992,28,26.153846153846153,FAIBLE,1,2,0,1
180295,3805,INTELLIGENT,40,50,66,10,2,8,1.75,0.2121212121212121,31.863636363636363,993,29,15.151515151515152,FAIBLE,1,0,0,1
180295,3810,INTELLIGENT,40,50,66,9,3,6,2.25,0.2159090909090909,32.74242424242424,994,29,13.636363636363637,FAIBLE,2,0,0,1
180295,3815,INTELLIGENT,40,50,65,9,3,6,2.25,0.2153846153846154,33.90769230769231,996,30,13.846153846153847,FAIBLE,2,0,0,1
180295,3820,INTELLIGENT,40,50,67,10,3,7,2.25,0.2126865671641791,33.61194029850746,996,29,14.925373134328359,FAIBLE,2,0,0,1
180295,3825,INTELLIGENT,40,50,71,10,3,7,2.25,0.2147887323943662,32.436619718309856,996,28,14.084507042253522,FAIBLE,2,0,0,1
180295,3830,INTELLIGENT,40,50,71,7,6,1,1.75,0.2225352112676056,32.098591549295776,997,25,9.859154929577464,FAIBLE,0,0,2,1
180295,3835,INTELLIGENT,40,50,72,14,11,3,3,0.2013888888888888,31.76388888888889,998,24,19.444444444444443,FAIBLE,0,0,2,1
180295,3840,INTELLIGENT,40,50,72,17,13,4,3.5,0.1909722222222222,32.388888888888886,999,22,23.61111111111111,FAIBLE,0,0,2,1
180295,3845,INTELLIGENT,40,50,71,19,14,5,4,0.18028169014084502,33.394366197183096,1000,22,26.760563380281692,FAIBLE,0,0,2,1
180295,3850,INTELLIGENT,40,50,69,12,7,5,2.75,0.2065217391304347,31.492753623188406,1004,24,17.391304347826086,FAIBLE,0,0,1,1
180295,3855,INTELLIGENT,40,50,68,10,5,5,2.5,0.2102941176470588,31.573529411764707,1007,26,14.705882352941176,FAIBLE,0,0,1,2
180295,3860,INTELLIGENT,40,50,67,15,7,8,3.75,0.19179104477611938,32.17910447761194,1009,27,22.388059701492537,FAIBLE,2,2,1,2
180295,3865,INTELLIGENT,40,50,67,18,10,8,4.5,0.18283582089552236,32.64179104477612,1010,27,26.865671641791046,FAIBLE,2,2,1,2
180295,3870,INTELLIGENT,40,50,68,22,11,11,5.5,0.16764705882352945,33.61764705882353,1010,27,32.35294117647059,MOYENNE,2,2,1,2
180295,3875,INTELLIGENT,40,50,71,22,11,11,5.25,0.17253521126760557,33.732394366197184,1010,26,30.985915492957748,MOYENNE,2,2,1,0
180295,3880,INTELLIGENT,40,50,71,14,5,9,3.25,0.20070422535211263,34.83098591549296,1010,23,19.718309859154928,FAIBLE,1,1,1,0
180295,3885,INTELLIGENT,40,50,69,13,3,10,3,0.19999999999999996,35.85507246376812,1012,23,18.840579710144926,FAIBLE,1,1,2,0
180295,3890,INTELLIGENT,40,50,69,13,2,11,3,0.20289855072463764,34.391304347826086,1014,24,18.840579710144926,FAIBLE,1,1,2,0
180295,3895,INTELLIGENT,40,50,66,17,2,15,4,0.18560606060606055,34.21212121212121,1017,26,25.757575757575758,FAIBLE,1,1,2,0
180295,3900,INTELLIGENT,40,50,68,20,2,18,4.5,0.1742647058823529,32.13235294117647,1019,27,29.41176470588235,FAIBLE,1,1,2,0
180295,3905,INTELLIGENT,40,50,69,18,2,16,4,0.18478260869565216,31.565217391304348,1020,27,26.08695652173913,FAIBLE,1,1,0,0
180295,3910,INTELLIGENT,40,50,67,16,3,13,3.75,0.19029850746268656,30.64179104477612,1023,29,23.880597014925375,FAIBLE,1,2,0,0
180295,3915,INTELLIGENT,40,50,66,16,3,13,3.75,0.18939393939393934,31.62121212121212,1024,28,24.242424242424242,FAIBLE,1,2,0,0
180295,3920,INTELLIGENT,40,50,65,18,5,13,4.25,0.18076923076923074,32.87692307692308,1025,29,27.692307692307693,FAIBLE,1,2,0,0
180295,3925,INTELLIGENT,40,50,68,20,7,13,4.75,0.17647058823529405,32.8235294117647,1026,30,29.41176470588235,FAIBLE,2,2,0,0
180295,3930,INTELLIGENT,40,50,70,16,9,7,4,0.1928571428571428,31.757142857142856,1027,30,22.857142857142858,FAIBLE,2,0,0,2
180295,3935,INTELLIGENT,40,50,70,15,9,6,3.75,0.19642857142857142,31.914285714285715,1028,30,21.428571428571427,FAIBLE,2,0,0,2
180295,3940,INTELLIGENT,40,50,71,17,11,6,4,0.18873239436619718,31.676056338028168,1029,30,23.943661971830984,FAIBLE,2,0,0,2
180295,3945,INTELLIGENT,40,50,72,17,17,0,4,0.1909722222222222,31.791666666666668,1030,30,23.61111111111111,FAIBLE,0,0,0,2
180295,3950,INTELLIGENT,40,50,71,15,14,1,3.5,0.19718309859154928,32.943661971830984,1031,27,21.12676056338028,FAIBLE,0,0,0,1
180295,3955,INTELLIGENT,40,50,70,15,15,0,3.75,0.1964285714285714,33.4,1033,26,21.428571428571427,FAIBLE,0,0,0,1
180295,3960,INTELLIGENT,40,50,69,14,14,0,3.5,0.19855072463768114,33.81159420289855,1036,27,20.28985507246377,FAIBLE,0,2,0,1
180295,3965,INTELLIGENT,40,50,69,17,16,1,4,0.1884057971014492,34.65217391304348,1037,27,24.63768115942029,FAIBLE,0,2,2,1
180295,3970,INTELLIGENT,40,50,71,22,18,4,5.25,0.17253521126760557,35.014084507042256,1037,27,30.985915492957748,MOYENNE,0,2,2,1
180295,3975,INTELLIGENT,40,50,73,27,20,7,6,0.15753424657534237,35.80821917808219,1037,27,36.986301369863014,MOYENNE,2,2,2,1
180295,3980,INTELLIGENT,40,50,74,25,17,8,5.5,0.1628378378378378,36.986486486486484,1037,27,33.78378378378378,MOYENNE,2,1,2,2
180295,3985,INTELLIGENT,40,50,75,20,10,10,4.5,0.1833333333333333,38.04,1037,25,26.666666666666668,FAIBLE,2,1,1,2
180295,3990,INTELLIGENT,40,50,75,19,7,12,4.5,0.18666666666666662,38.28,1038,24,25.333333333333332,FAIBLE,2,1,1,2
180295,3995,INTELLIGENT,40,50,74,15,2,13,3.5,0.19662162162162153,38.82432432432432,1039,22,20.27027027027027,FAIBLE,1,1,1,2
180295,4000,INTELLIGENT,40,50,73,11,1,10,2.5,0.21232876712328763,39.41095890410959,1040,21,15.068493150684931,FAIBLE,1,1,1,0
180295,4005,INTELLIGENT,40,50,77,10,1,9,2.5,0.21753246753246744,37.96103896103896,1040,20,12.987012987012987,FAIBLE,1,1,1,0
180295,4010,INTELLIGENT,40,50,78,13,2,11,3.25,0.20833333333333323,36.666666666666664,1041,18,16.666666666666668,FAIBLE,1,1,1,0
180295,4015,INTELLIGENT,40,50,77,15,3,12,3.75,0.2012987012987013,36.857142857142854,1042,18,19.48051948051948,FAIBLE,1,1,2,0
180295,4020,INTELLIGENT,40,50,77,16,4,12,4,0.198051948051948,35.83116883116883,1044,19,20.77922077922078,FAIBLE,1,1,2,0
180295,4025,INTELLIGENT,40,50,77,18,5,13,4.25,0.19155844155844157,35.76623376623377,1046,20,23.376623376623378,FAIBLE,2,1,2,0
180295,4030,INTELLIGENT,40,50,75,20,7,13,4.75,0.18333333333333332,34.56,1051,24,26.666666666666668,FAIBLE,2,2,2,2
180295,4035,INTELLIGENT,40,50,74,19,8,11,4.5,0.1858108108108108,35.28378378378378,1054,26,25.675675675675677,FAIBLE,2,2,0,2
180295,4040,INTELLIGENT,40,50,74,25,13,12,5.75,0.16554054054054054,36.472972972972975,1055,26,33.78378378378378,MOYENNE,2,2,0,2
180295,4045,INTELLIGENT,40,50,75,23,16,7,4.5,0.17333333333333337,37.70666666666666,1055,25,30.666666666666668,MOYENNE,0,2,0,2
180295,4050,INTELLIGENT,40,50,76,18,16,2,3.25,0.19078947368421054,38.81578947368421,1055,24,23.68421052631579,FAIBLE,0,0,0,1
180295,4055,INTELLIGENT,40,50,76,12,11,1,2.5,0.2105263157894736,39.88157894736842,1055,22,15.789473684210526,FAIBLE,0,0,0,1
180295,4060,INTELLIGENT,40,50,76,13,12,1,3,0.20723684210526308,40.64473684210526,1055,19,17.105263157894736,FAIBLE,0,0,0,1
180295,4065,INTELLIGENT,40,50,76,14,13,1,3.25,0.20394736842105263,40.0921052631579,1056,19,18.42105263157895,FAIBLE,0,0,0,1
180295,4070,INTELLIGENT,40,50,77,14,13,1,3.25,0.20259740259740258,39.324675324675326,1057,20,18.181818181818183,FAIBLE,0,0,0,1
180295,4075,INTELLIGENT,40,50,77,17,15,2,4,0.19480519480519476,38.33766233766234,1059,22,22.07792207792208,FAIBLE,2,0,0,1
180295,4080,INTELLIGENT,40,50,74,19,16,3,4.5,0.18581081081081077,38.32432432432432,1062,25,25.675675675675677,FAIBLE,2,2,0,1
180295,4085,INTELLIGENT,40,50,74,20,16,4,4.75,0.18243243243243243,38.270270270270274,1064,27,27.027027027027028,FAIBLE,2,2,0,1
180295,4090,INTELLIGENT,40,50,74,23,16,7,5.5,0.17229729729729729,38.7972972972973,1065,27,31.08108108108108,MOYENNE,2,2,2,1
180295,4095,INTELLIGENT,40,50,74,21,13,8,5,0.179054054054054,38.310810810810814,1067,28,28.37837837837838,FAIBLE,1,2,2,2
180295,4100,INTELLIGENT,40,50,73,16,7,9,4,0.19520547945205477,38.178082191780824,1069,29,21.91780821917808,FAIBLE,1,1,2,2
180295,4105,INTELLIGENT,40,50,71,15,6,9,3.75,0.19718309859154928,39.80281690140845,1071,31,21.12676056338028,FAIBLE,1,1,2,2
180295,4110,INTELLIGENT,40,50,76,17,4,13,4,0.19407894736842102,38.276315789473685,1071,30,22.36842105263158,FAIBLE,1,1,1,2
180295,4115,INTELLIGENT,40,50,76,13,1,12,3.25,0.20723684210526314,39.03947368421053,1071,29,17.105263157894736,FAIBLE,1,1,1,0
180295,4120,INTELLIGENT,40,50,75,14,1,13,3.5,0.20333333333333328,39.68,1072,28,18.666666666666668,FAIBLE,1,1,1,0
180295,4125,INTELLIGENT,40,50,76,14,1,13,3.5,0.20394736842105257,39.36842105263158,1073,27,18.42105263157895,FAIBLE,2,1,1,0
180295,4130,INTELLIGENT,40,50,76,15,2,13,3.75,0.20065789473684206,37.328947368421055,1075,24,19.736842105263158,FAIBLE,2,1,1,0
180295,4135,INTELLIGENT,40,50,75,16,3,13,4,0.19666666666666663,36.413333333333334,1077,23,21.333333333333332,FAIBLE,2,1,1,0
180295,4140,INTELLIGENT,40,50,74,20,7,13,5,0.18243243243243243,35.972972972972975,1079,24,27.027027027027028,FAIBLE,2,2,1,0
180295,4145,INTELLIGENT,40,50,71,18,7,11,4.5,0.18380281690140843,36.36619718309859,1082,27,25.35211267605634,FAIBLE,0,2,1,2
180295,4150,INTELLIGENT,40,50,73,19,9,10,4.75,0.18356164383561643,35.24657534246575,1085,30,26.027397260273972,FAIBLE,0,2,1,2
180295,4155,INTELLIGENT,40,50,74,20,9,11,5,0.18040540540540537,35.445945945945944,1087,32,27.027027027027028,FAIBLE,0,2,1,2
180295,4160,INTELLIGENT,40,50,73,17,10,7,4.25,0.1917808219178082,36.986301369863014,1089,34,23.28767123287671,FAIBLE,0,0,1,2
180295,4165,INTELLIGENT,40,50,73,11,6,5,2.75,0.21232876712328763,37.73972602739726,1089,33,15.068493150684931,FAIBLE,0,0,1,1
180295,4170,INTELLIGENT,40,50,73,11,7,4,2.75,0.2123287671232876,38.43835616438356,1089,32,15.068493150684931,FAIBLE,0,0,2,1
180295,4175,INTELLIGENT,40,50,75,15,10,5,3.75,0.19733333333333328,38.24,1089,30,20,FAIBLE,0,0,2,1
180295,4180,INTELLIGENT,40,50,73,20,11,9,4.5,0.18150684931506839,36.93150684931507,1092,30,27.397260273972602,FAIBLE,2,0,2,1
180295,4185,INTELLIGENT,40,50,73,22,12,10,5,0.17465753424657532,36.32876712328767,1094,30,30.136986301369863,MOYENNE,2,0,2,1
180295,4190,INTELLIGENT,40,50,72,19,13,6,4,0.18402777777777773,37.486111111111114,1095,30,26.38888888888889,FAIBLE,2,2,0,1
180295,4195,INTELLIGENT,40,50,70,16,13,3,3.5,0.1907142857142857,35,1099,32,22.857142857142858,FAIBLE,2,2,0,1
180295,4200,INTELLIGENT,40,50,71,12,10,2,2.75,0.2077464788732394,33.42253521126761,1101,32,16.901408450704224,FAIBLE,1,2,0,1
180295,4205,INTELLIGENT,40,50,68,13,11,2,3,0.2022058823529411,34.19117647058823,1104,33,19.11764705882353,FAIBLE,1,2,0,1
180295,4210,INTELLIGENT,40,50,67,10,7,3,2.25,0.21268656716417905,35,1105,34,14.925373134328359,FAIBLE,1,1,0,1
180295,4215,INTELLIGENT,40,50,67,7,4,3,1.75,0.22238805970149253,35.11940298507463,1106,35,10.447761194029852,FAIBLE,1,1,0,1
180295,4220,INTELLIGENT,40,50,69,9,5,4,2.25,0.21739130434782603,34.72463768115942,1106,34,13.043478260869565,FAIBLE,1,1,2,1
180295,4225,INTELLIGENT,40,50,70,13,5,8,3.25,0.20357142857142851,35.01428571428571,1106,33,18.571428571428573,FAIBLE,1,1,2,1
180295,4230,INTELLIGENT,40,50,70,15,6,9,3.5,0.1964285714285714,34.6,1108,33,21.428571428571427,FAIBLE,2,1,2,1
180295,4235,INTELLIGENT,40,50,71,16,7,9,3.5,0.19366197183098585,34.71830985915493,1109,32,22.535211267605632,FAIBLE,2,1,2,1
180295,4240,INTELLIGENT,40,50,71,14,4,10,3,0.20070422535211263,33.309859154929576,1111,32,19.718309859154928,FAIBLE,2,1,1,2
180295,4245,INTELLIGENT,40,50,69,12,2,10,2.75,0.2065217391304347,32.608695652173914,1114,32,17.391304347826086,FAIBLE,2,1,1,2
180295,4250,INTELLIGENT,40,50,71,5,3,2,1.25,0.23239436619718304,30.577464788732396,1116,31,7.042253521126761,FAIBLE,0,1,1,2
180295,4255,INTELLIGENT,40,50,71,10,3,7,2.5,0.21478873239436616,30.535211267605632,1117,30,14.084507042253522,FAIBLE,0,1,1,2
180295,4260,INTELLIGENT,40,50,73,5,3,2,1.25,0.23287671232876708,30.328767123287673,1117,28,6.8493150684931505,FAIBLE,0,1,1,0
180295,4265,INTELLIGENT,40,50,73,7,4,3,1.75,0.22602739726027393,30.753424657534246,1117,28,9.58904109589041,FAIBLE,0,1,1,0
180295,4270,INTELLIGENT,40,50,74,8,6,2,2,0.22297297297297297,29.472972972972972,1118,29,10.81081081081081,FAIBLE,0,1,1,0
180295,4275,INTELLIGENT,40,50,73,13,10,3,3.25,0.2054794520547945,29.301369863013697,1120,31,17.80821917808219,FAIBLE,0,1,1,0
180295,4280,INTELLIGENT,40,50,73,14,11,3,3.25,0.2020547945205479,28.73972602739726,1122,30,19.17808219178082,FAIBLE,2,1,1,0
180295,4285,INTELLIGENT,40,50,72,17,13,4,3.5,0.1888888888888889,29.083333333333332,1124,30,23.61111111111111,FAIBLE,2,1,1,0
180295,4290,INTELLIGENT,40,50,70,19,13,6,4,0.1821428571428571,29.485714285714284,1127,32,27.142857142857142,FAIBLE,2,1,2,2
180295,4295,INTELLIGENT,40,50,70,23,15,8,4.75,0.1664285714285714,29.65714285714286,1129,30,32.857142857142854,MOYENNE,2,1,2,2
180295,4300,INTELLIGENT,40,50,70,22,12,10,4.75,0.16857142857142854,31.3,1129,28,31.428571428571427,MOYENNE,1,2,2,2
180295,4305,INTELLIGENT,40,50,70,21,10,11,4.5,0.17499999999999996,31.84285714285714,1130,26,30,MOYENNE,1,2,2,2
180295,4310,INTELLIGENT,40,50,70,17,5,12,3.5,0.18928571428571422,32.82857142857143,1131,26,24.285714285714285,FAIBLE,1,2,0,1
180295,4315,INTELLIGENT,40,50,69,14,2,12,3.5,0.1992753623188405,33.88405797101449,1132,26,20.28985507246377,FAIBLE,1,2,0,1
180295,4320,INTELLIGENT,40,50,67,9,1,8,2.25,0.21343283582089542,33.97014925373134,1134,28,13.432835820895523,FAIBLE,1,0,0,1
180295,4325,INTELLIGENT,40,50,69,9,2,7,2.25,0.217391304347826,33.44927536231884,1135,29,13.043478260869565,FAIBLE,1,0,0,1
180295,4330,INTELLIGENT,40,50,69,12,4,8,2.75,0.20652173913043473,32.73913043478261,1136,28,17.391304347826086,FAIBLE,1,0,0,1
180295,4335,INTELLIGENT,40,50,69,12,4,8,2.75,0.20507246376811591,32.57971014492754,1137,28,17.391304347826086,FAIBLE,2,0,0,1
180295,4340,INTELLIGENT,40,50,67,13,4,9,3,0.20149253731343278,31.865671641791046,1140,29,19.402985074626866,FAIBLE,2,0,0,1
180295,4345,INTELLIGENT,40,50,66,13,4,9,3,0.2007575757575757,31.53030303030303,1143,29,19.696969696969695,FAIBLE,2,0,0,1
180295,4350,INTELLIGENT,40,50,65,13,4,9,3,0.19846153846153844,31.8,1146,30,20,FAIBLE,2,2,2,1
180295,4355,INTELLIGENT,40,50,63,9,5,4,2.25,0.21428571428571425,33.46031746031746,1149,32,14.285714285714286,FAIBLE,0,2,2,1
180295,4360,INTELLIGENT,40,50,61,9,5,4,2.25,0.21311475409836064,35.26229508196721,1151,34,14.754098360655737,FAIBLE,0,2,2,1
180295,4365,INTELLIGENT,40,50,62,14,9,5,3.25,0.19354838709677413,35.645161290322584,1151,34,22.580645161290324,FAIBLE,0,2,2,2
180295,4370,INTELLIGENT,40,50,64,10,5,5,2,0.21093749999999992,35.59375,1151,33,15.625,FAIBLE,0,1,1,2
180295,4375,INTELLIGENT,40,50,65,10,2,8,2,0.21153846153846148,35.676923076923075,1151,31,15.384615384615385,FAIBLE,0,1,1,2
180295,4380,INTELLIGENT,40,50,66,12,0,12,2.25,0.20454545454545456,35.95454545454545,1151,29,18.181818181818183,FAIBLE,0,1,1,2
180295,4385,INTELLIGENT,40,50,67,5,0,5,0.5,0.23134328358208955,35.83582089552239,1151,27,7.462686567164179,FAIBLE,0,1,1,0
180295,4390,INTELLIGENT,40,50,66,2,1,1,0.5,0.24242424242424235,33.31818181818182,1154,27,3.0303030303030303,FAIBLE,0,1,1,0
180295,4395,INTELLIGENT,40,50,65,3,1,2,0.75,0.23846153846153842,31.907692307692308,1156,27,4.615384615384615,FAIBLE,0,1,1,0
180295,4400,INTELLIGENT,40,50,63,3,1,2,0.75,0.23809523809523808,28.41269841269841,1159,30,4.761904761904762,FAIBLE,0,2,1,0
180295,4405,INTELLIGENT,40,50,60,5,2,3,1.25,0.2291666666666666,27.45,1163,33,8.333333333333334,FAIBLE,2,2,1,0
180295,4410,INTELLIGENT,40,50,58,5,2,3,1.25,0.2284482758620689,26.724137931034484,1165,34,8.620689655172415,FAIBLE,2,2,1,0
180295,4415,INTELLIGENT,40,50,58,7,3,4,1.75,0.21982758620689652,25.982758620689655,1168,36,12.068965517241379,FAIBLE,2,2,1,0
180295,4420,INTELLIGENT,40,50,57,9,4,5,2,0.21052631578947362,26.912280701754387,1169,35,15.789473684210526,FAIBLE,2,0,2,0
180295,4425,INTELLIGENT,40,50,57,6,3,3,1.5,0.22368421052631576,27.49122807017544,1169,34,10.526315789473685,FAIBLE,1,0,2,2
180295,4430,INTELLIGENT,40,50,58,7,2,5,1.75,0.2198275862068965,27.53448275862069,1169,33,12.068965517241379,FAIBLE,1,0,2,2
180295,4435,INTELLIGENT,40,50,57,10,5,5,2.5,0.20614035087719293,28.789473684210527,1170,33,17.54385964912281,FAIBLE,1,0,2,2
180295,4440,INTELLIGENT,40,50,58,8,7,1,2,0.21551724137931028,29.051724137931036,1170,30,13.793103448275861,FAIBLE,1,0,0,2
180295,4445,INTELLIGENT,40,50,60,4,3,1,1,0.22999999999999993,28.483333333333334,1170,27,6.666666666666667,FAIBLE,1,0,0,1
180295,4450,INTELLIGENT,40,50,62,5,3,2,1.25,0.2298387096774193,27.983870967741936,1170,24,8.064516129032258,FAIBLE,1,0,0,1
180295,4455,INTELLIGENT,40,50,63,6,4,2,1.5,0.22619047619047608,25.904761904761905,1172,23,9.523809523809524,FAIBLE,1,0,0,1
180295,4460,INTELLIGENT,40,50,63,6,4,2,1.5,0.22619047619047614,24.682539682539684,1174,23,9.523809523809524,FAIBLE,1,0,0,1
180295,4465,INTELLIGENT,40,50,60,9,6,3,2.25,0.21249999999999994,23.733333333333334,1178,27,15,FAIBLE,1,0,0,1
180295,4470,INTELLIGENT,40,50,58,9,6,3,2.25,0.21120689655172414,23.53448275862069,1181,30,15.517241379310345,FAIBLE,1,0,0,1
180295,4475,INTELLIGENT,40,50,56,9,6,3,2.25,0.20982142857142858,24.142857142857142,1183,32,16.071428571428573,FAIBLE,1,2,0,2
180295,4480,INTELLIGENT,40,50,55,9,6,3,2.25,0.20909090909090902,24.963636363636365,1184,33,16.363636363636363,FAIBLE,1,2,2,2
180295,4485,INTELLIGENT,40,50,55,11,6,5,2.75,0.19999999999999993,25.818181818181817,1185,34,20,FAIBLE,1,2,2,2
180295,4490,INTELLIGENT,40,50,56,13,8,5,3.25,0.19196428571428564,26.428571428571427,1186,32,23.214285714285715,FAIBLE,1,2,2,2
180295,4495,INTELLIGENT,40,50,58,10,6,4,2.5,0.20689655172413787,26.344827586206897,1186,30,17.24137931034483,FAIBLE,2,1,2,0
180295,4500,INTELLIGENT,40,50,58,7,2,5,1.75,0.2198275862068965,25.74137931034483,1187,28,12.068965517241379,FAIBLE,2,1,1,0
180295,4505,INTELLIGENT,40,50,60,8,2,6,2,0.21333333333333332,24.533333333333335,1188,25,13.333333333333334,FAIBLE,2,1,1,0
180295,4510,INTELLIGENT,40,50,62,11,3,8,2.75,0.20564516129032254,23.887096774193548,1189,24,17.741935483870968,FAIBLE,2,1,1,0
180295,4515,INTELLIGENT,40,50,61,7,3,4,1.75,0.2180327868852459,24.39344262295082,1190,22,11.475409836065573,FAIBLE,0,1,1,0
180295,4520,INTELLIGENT,40,50,60,8,4,4,2,0.21666666666666665,23.216666666666665,1193,24,13.333333333333334,FAIBLE,0,1,1,0
180295,4525,INTELLIGENT,40,50,59,8,4,4,2,0.21610169491525422,21.1864406779661,1196,27,13.559322033898304,FAIBLE,0,2,1,0
180295,4530,INTELLIGENT,40,50,56,8,4,4,2,0.21249999999999997,21.035714285714285,1200,31,14.285714285714286,FAIBLE,0,2,2,0
180295,4535,INTELLIGENT,40,50,58,9,4,5,2.25,0.2112068965517241,19.775862068965516,1201,31,15.517241379310345,FAIBLE,0,2,2,2
180295,4540,INTELLIGENT,40,50,57,12,6,6,3,0.19736842105263158,20.17543859649123,1203,33,21.05263157894737,FAIBLE,0,2,2,2
180295,4545,INTELLIGENT,40,50,57,10,7,3,2.5,0.20614035087719298,20.70175438596491,1204,34,17.54385964912281,FAIBLE,0,0,2,2
180295,4550,INTELLIGENT,40,50,56,9,8,1,2.25,0.20982142857142852,21.714285714285715,1205,35,16.071428571428573,FAIBLE,2,0,0,2
180295,4555,INTELLIGENT,40,50,56,7,6,1,1.75,0.21874999999999997,22.392857142857142,1206,34,12.5,FAIBLE,2,0,0,1
180295,4560,INTELLIGENT,40,50,59,12,10,2,2.75,0.1991525423728813,22.033898305084747,1206,32,20.338983050847457,FAIBLE,2,0,0,1
180295,4565,INTELLIGENT,40,50,61,15,12,3,3.5,0.18852459016393439,22.524590163934427,1206,28,24.59016393442623,FAIBLE,2,0,0,1
180295,4570,INTELLIGENT,40,50,63,9,6,3,2.25,0.21428571428571422,22.77777777777778,1206,25,14.285714285714286,FAIBLE,1,0,0,1
180295,4575,INTELLIGENT,40,50,63,7,4,3,1.75,0.219047619047619,22.22222222222222,1207,24,11.11111111111111,FAIBLE,1,0,0,1
180295,4580,INTELLIGENT,40,50,64,9,4,5,2.25,0.21484375,22.109375,1208,24,14.0625,FAIBLE,1,0,0,1
180295,4585,INTELLIGENT,40,50,64,10,5,5,2.5,0.21093749999999994,21.59375,1210,25,15.625,FAIBLE,1,0,0,1
180295,4590,INTELLIGENT,40,50,63,11,6,5,2.75,0.2063492063492063,21.206349206349206,1212,26,17.46031746031746,FAIBLE,1,0,0,1
180295,4595,INTELLIGENT,40,50,60,11,6,5,2.75,0.20416666666666664,21.9,1215,29,18.333333333333332,FAIBLE,1,0,0,1
180295,4600,INTELLIGENT,40,50,59,11,6,5,2.75,0.2033898305084746,22.45762711864407,1217,30,18.64406779661017,FAIBLE,2,2,2,2
180295,4605,INTELLIGENT,40,50,60,12,6,6,3,0.19999999999999993,23.05,1218,30,20,FAIBLE,2,2,2,2
180295,4610,INTELLIGENT,40,50,61,21,7,14,4.5,0.16393442622950827,24.065573770491802,1218,29,34.42622950819672,MOYENNE,2,2,2,2
180295,4615,INTELLIGENT,40,50,61,29,8,21,6,0.1278688524590164,26.229508196721312,1218,28,47.540983606557376,MOYENNE,2,2,2,2
180295,4620,INTELLIGENT,40,50,63,14,3,11,2.25,0.19444444444444445,27,1218,25,22.22222222222222,FAIBLE,0,1,1,0
180295,4625,INTELLIGENT,40,50,65,8,2,6,1.5,0.21923076923076923,26.83076923076923,1218,22,12.307692307692308,FAIBLE,0,1,1,0
180295,4630,INTELLIGENT,40,50,67,4,2,2,1,0.2350746268656716,26.417910447761194,1218,18,5.970149253731344,FAIBLE,0,1,1,0
180295,4635,INTELLIGENT,40,50,68,5,3,2,1.25,0.2286764705882353,26.38235294117647,1218,17,7.352941176470588,FAIBLE,0,1,1,0
180295,4640,INTELLIGENT,40,50,68,6,3,3,1.5,0.22794117647058817,25.86764705882353,1220,17,8.823529411764707,FAIBLE,0,1,1,0
180295,4645,INTELLIGENT,40,50,72,6,3,3,1.5,0.22708333333333336,24.47222222222222,1221,17,8.333333333333334,FAIBLE,0,1,1,0
180295,4650,INTELLIGENT,40,50,69,7,4,3,1.75,0.22463768115942026,25,1224,19,10.144927536231885,FAIBLE,0,1,1,0
180295,4655,INTELLIGENT,40,50,70,7,4,3,1.75,0.22499999999999995,24.2,1226,20,10,FAIBLE,0,1,1,2
180295,4660,INTELLIGENT,40,50,68,7,4,3,1.75,0.2242647058823529,23.514705882352942,1228,22,10.294117647058824,FAIBLE,0,1,1,2
180295,4665,INTELLIGENT,40,50,71,7,4,3,1.75,0.22535211267605634,22.056338028169016,1229,23,9.859154929577464,FAIBLE,0,1,1,2
180295,4670,INTELLIGENT,40,50,71,8,4,4,2,0.22183098591549297,22.577464788732396,1230,24,11.267605633802816,FAIBLE,2,1,2,2
180295,4675,INTELLIGENT,40,50,72,10,5,5,2.5,0.21527777777777776,22.930555555555557,1230,23,13.88888888888889,FAIBLE,2,2,2,1
180295,4680,INTELLIGENT,40,50,73,11,6,5,2.75,0.21232876712328763,23.301369863013697,1230,22,15.068493150684931,FAIBLE,2,2,2,1
180295,4685,INTELLIGENT,40,50,76,23,10,13,5.5,0.17434210526315785,23.592105263157894,1230,20,30.263157894736842,MOYENNE,2,2,2,1
180295,4690,CLASSIQUE,40,50,79,18,4,14,3.5,0.19303797468354428,24.164556962025316,1230,18,22.78481012658228,FAIBLE,1,2,0,1
180295,4695,CLASSIQUE,40,50,80,12,4,8,2,0.2124999999999999,24.8375,1230,15,15,FAIBLE,1,0,0,1
180295,4700,CLASSIQUE,40,50,79,8,5,3,1.75,0.22468354430379742,23.632911392405063,1233,16,10.126582278481013,FAIBLE,1,0,0,1
180295,4705,CLASSIQUE,40,50,76,7,5,2,1.75,0.22434210526315787,23.57894736842105,1236,18,9.210526315789474,FAIBLE,1,0,0,1
180295,4710,CLASSIQUE,40,50,77,10,6,4,2.5,0.2175324675324675,23.103896103896105,1238,20,12.987012987012987,FAIBLE,1,0,0,1
180295,4715,CLASSIQUE,40,50,76,10,6,4,2.5,0.21710526315789475,22.42105263157895,1240,22,13.157894736842104,FAIBLE,1,0,0,1
180295,4720,CLASSIQUE,40,50,74,10,6,4,2.5,0.21621621621621623,22.472972972972972,1242,24,13.513513513513514,FAIBLE,1,0,0,1
180295,4725,CLASSIQUE,40,50,71,12,8,4,3,0.2063380281690141,23.507042253521128,1245,27,16.901408450704224,FAIBLE,1,0,0,1
180295,4730,CLASSIQUE,40,50,71,16,10,6,3.25,0.1936619718309859,24.070422535211268,1247,29,22.535211267605632,FAIBLE,1,0,0,1
180295,4735,CLASSIQUE,40,50,71,17,11,6,3.25,0.19014084507042256,25.028169014084508,1250,32,23.943661971830984,FAIBLE,1,0,0,2
180295,4740,CLASSIQUE,40,50,71,20,14,6,4,0.17957746478873243,26.338028169014084,1251,31,28.169014084507044,FAIBLE,1,0,0,2
180295,4745,CLASSIQUE,40,50,72,21,15,6,4.25,0.17708333333333334,27.430555555555557,1251,30,29.166666666666668,FAIBLE,1,0,0,2
180295,4750,CLASSIQUE,40,50,73,21,15,6,4.25,0.1780821917808219,28.493150684931507,1251,27,28.767123287671232,FAIBLE,2,0,2,2
180295,4755,CLASSIQUE,40,50,74,26,19,7,5.5,0.1621621621621622,29.7027027027027,1251,25,35.13513513513514,MOYENNE,2,2,2,0
180295,4760,CLASSIQUE,40,50,75,31,23,8,6.25,0.14400000000000002,31.213333333333335,1251,23,41.333333333333336,MOYENNE,2,2,2,0
180295,4765,CLASSIQUE,40,50,76,34,24,10,6.75,0.13815789473684212,31.960526315789473,1252,23,44.73684210526316,MOYENNE,2,2,2,0
180295,4770,CLASSIQUE,40,50,75,27,21,6,5,0.15999999999999998,32.85333333333333,1254,24,36,MOYENNE,0,2,1,0
180295,4775,CLASSIQUE,40,50,74,12,9,3,2.25,0.2094594594594594,32.63513513513514,1257,27,16.216216216216218,FAIBLE,0,1,1,0
180295,4780,CLASSIQUE,40,50,76,9,5,4,2.25,0.22039473684210523,30.38157894736842,1260,30,11.842105263157896,FAIBLE,0,1,1,0
180295,4785,CLASSIQUE,40,50,74,10,6,4,2.5,0.2162162162162162,30.554054054054053,1263,33,13.513513513513514,FAIBLE,0,1,1,0
180295,4790,CLASSIQUE,40,50,74,9,5,4,2.25,0.21689189189189184,30.39189189189189,1265,35,12.162162162162161,FAIBLE,0,1,1,0
180295,4795,CLASSIQUE,40,50,75,10,6,4,2.5,0.21666666666666656,30.213333333333335,1266,36,13.333333333333334,FAIBLE,0,1,1,0
180295,4800,CLASSIQUE,40,50,75,12,7,5,2.75,0.20999999999999996,30.173333333333332,1268,35,16,FAIBLE,0,1,1,0
180295,4805,CLASSIQUE,40,50,73,12,7,5,2.75,0.2089041095890411,31.465753424657535,1270,34,16.438356164383563,FAIBLE,0,1,1,0
180295,4810,CLASSIQUE,40,50,72,13,7,6,3,0.20486111111111108,32.68055555555556,1272,34,18.055555555555557,FAIBLE,0,1,1,0
180295,4815,CLASSIQUE,40,50,74,13,7,6,3,0.20608108108108103,32.67567567567568,1272,32,17.56756756756757,FAIBLE,0,1,1,2
180295,4820,CLASSIQUE,40,50,75,15,7,8,3.25,0.2,33.17333333333333,1272,30,20,FAIBLE,0,1,1,2
180295,4825,CLASSIQUE,40,50,76,17,7,10,3.75,0.19210526315789472,33.78947368421053,1272,27,22.36842105263158,FAIBLE,0,1,1,2
180295,4830,CLASSIQUE,40,50,78,23,10,13,5,0.17371794871794874,34.23076923076923,1272,25,29.487179487179485,FAIBLE,2,1,2,2
180295,4835,CLASSIQUE,40,50,78,31,13,18,6.75,0.15064102564102566,35.94871794871795,1272,22,39.743589743589745,MOYENNE,2,2,2,1
180295,4840,CLASSIQUE,40,50,80,34,13,21,7,0.14375000000000002,36.1125,1273,22,42.5,MOYENNE,2,2,2,1
180295,4845,CLASSIQUE,40,50,79,34,12,22,7.25,0.1424050632911392,38.44303797468354,1274,23,43.037974683544306,MOYENNE,2,2,2,1
180295,4850,CLASSIQUE,40,50,81,24,5,19,4.75,0.17592592592592585,38.18518518518518,1276,25,29.62962962962963,FAIBLE,1,2,0,1
180295,4855,CLASSIQUE,40,50,80,14,2,12,2.5,0.20624999999999996,37.6875,1279,28,17.5,FAIBLE,1,0,0,1
180295,4860,CLASSIQUE,40,50,79,8,2,6,1.5,0.22278481012658224,36.45569620253165,1282,31,10.126582278481013,FAIBLE,1,0,0,1
180295,4865,CLASSIQUE,40,50,78,8,2,6,2,0.2243589743589743,36.12820512820513,1285,33,10.256410256410257,FAIBLE,1,0,0,1
180295,4870,CLASSIQUE,40,50,78,7,2,5,1.75,0.2275641025641025,35.62820512820513,1287,33,8.974358974358974,FAIBLE,1,0,0,1
180295,4875,CLASSIQUE,40,50,76,8,2,6,2,0.2236842105263157,36.25,1291,34,10.526315789473685,FAIBLE,1,0,0,1
180295,4880,CLASSIQUE,40,50,76,8,2,6,2,0.2236842105263158,36.60526315789474,1292,32,10.526315789473685,FAIBLE,1,0,0,1
180295,4885,CLASSIQUE,40,50,76,8,2,6,2,0.2236842105263158,37.13157894736842,1292,29,10.526315789473685,FAIBLE,1,0,0,1
180295,4890,CLASSIQUE,40,50,77,8,2,6,2,0.22402597402597402,37.16883116883117,1292,27,10.38961038961039,FAIBLE,1,0,0,1
180295,4895,CLASSIQUE,40,50,78,8,2,6,2,0.22307692307692306,37.205128205128204,1293,27,10.256410256410257,FAIBLE,1,0,0,2
180295,4900,CLASSIQUE,40,50,78,14,6,8,3.5,0.2051282051282051,37.87179487179487,1293,25,17.94871794871795,FAIBLE,1,0,0,2
180295,4905,CLASSIQUE,40,50,78,19,11,8,4,0.18910256410256407,38.96153846153846,1293,23,24.358974358974358,FAIBLE,1,0,0,2
180295,4910,CLASSIQUE,40,50,81,21,13,8,4.5,0.18518518518518515,38.75308641975309,1293,21,25.925925925925927,FAIBLE,2,0,2,2
180295,4915,CLASSIQUE,40,50,82,27,19,8,5.75,0.16585365853658532,39.792682926829265,1293,21,32.926829268292686,MOYENNE,2,2,2,0
180295,4920,CLASSIQUE,40,50,83,30,21,9,6,0.15963855421686746,39.80722891566265,1294,22,36.144578313253014,MOYENNE,2,2,2,0
180295,4925,CLASSIQUE,40,50,83,35,23,12,7,0.14397590361445783,40.83132530120482,1295,23,42.16867469879518,MOYENNE,2,2,2,0
180295,4930,CLASSIQUE,40,50,82,26,21,5,4.75,0.1707317073170731,41.170731707317074,1297,25,31.70731707317073,MOYENNE,0,2,1,0
180295,4935,CLASSIQUE,40,50,79,20,16,4,3.25,0.18670886075949364,40.75949367088607,1300,28,25.31645569620253,FAIBLE,0,1,1,0
180295,4940,CLASSIQUE,40,50,77,9,7,2,1.75,0.22077922077922074,39.246753246753244,1304,31,11.688311688311689,FAIBLE,0,1,1,0
180295,4945,CLASSIQUE,40,50,77,7,5,2,1.75,0.22727272727272727,37.61038961038961,1307,33,9.090909090909092,FAIBLE,0,1,1,0
180295,4950,CLASSIQUE,40,50,75,6,4,2,1.5,0.23,36.92,1310,34,8,FAIBLE,0,1,1,0
180295,4955,CLASSIQUE,40,50,74,6,4,2,1.5,0.22972972972972963,36.148648648648646,1312,33,8.108108108108109,FAIBLE,0,1,1,0
180295,4960,CLASSIQUE,40,50,73,8,5,3,2,0.2198630136986301,36.10958904109589,1314,32,10.95890410958904,FAIBLE,0,1,1,0
180295,4965,CLASSIQUE,40,50,72,11,6,5,2.75,0.21180555555555552,37.25,1315,30,15.277777777777779,FAIBLE,0,1,1,0
180295,4970,CLASSIQUE,40,50,71,11,6,5,2.75,0.21126760563380273,38.54929577464789,1316,29,15.492957746478874,FAIBLE,0,1,1,0
180295,4975,CLASSIQUE,40,50,72,12,6,6,3,0.2083333333333333,38.81944444444444,1317,26,16.666666666666668,FAIBLE,0,1,1,2
180295,4980,CLASSIQUE,40,50,73,14,6,8,3.5,0.20205479452054795,39.15068493150685,1317,25,19.17808219178082,FAIBLE,0,1,1,2
180295,4985,CLASSIQUE,40,50,75,17,6,11,4,0.1933333333333333,39.17333333333333,1317,25,22.666666666666668,FAIBLE,0,1,1,2
180295,4990,CLASSIQUE,40,50,75,19,6,13,4.25,0.18666666666666668,40.333333333333336,1317,25,25.333333333333332,FAIBLE,2,1,2,2
180295,4995,CLASSIQUE,40,50,76,24,7,17,5.5,0.1710526315789474,41.21052631578947,1317,24,31.57894736842105,MOYENNE,2,2,2,1
180295,5000,CLASSIQUE,40,50,75,28,8,20,6,0.15666666666666668,42.25333333333333,1318,25,37.333333333333336,MOYENNE,2,2,2,1
180295,5005,CLASSIQUE,40,50,76,28,8,20,6,0.15592105263157893,42.3421052631579,1319,26,36.8421052631579,MOYENNE,2,2,2,1
180295,5010,CLASSIQUE,40,50,75,22,3,19,4.25,0.17666666666666667,42.373333333333335,1321,28,29.333333333333332,FAIBLE,1,2,0,1
180295,5015,CLASSIQUE,40,50,72,13,2,11,2.5,0.2048611111111111,42.72222222222222,1324,31,18.055555555555557,FAIBLE,1,0,0,1
180295,5020,CLASSIQUE,40,50,67,7,2,5,1.5,0.22388059701492538,42,1329,35,10.447761194029852,FAIBLE,1,0,0,1
180295,5025,CLASSIQUE,40,50,65,6,3,3,1.5,0.2269230769230769,40.815384615384616,1332,37,9.23076923076923,FAIBLE,1,0,0,1
180295,5030,CLASSIQUE,40,50,63,7,3,4,1.75,0.219047619047619,40.20634920634921,1335,38,11.11111111111111,FAIBLE,1,0,0,1
180295,5035,CLASSIQUE,40,50,60,8,3,5,2,0.21666666666666662,41.06666666666667,1339,39,13.333333333333334,FAIBLE,1,0,0,1
180295,5040,CLASSIQUE,40,50,61,8,3,5,2,0.21721311475409824,39.77049180327869,1342,38,13.114754098360656,FAIBLE,1,0,0,1
180295,5045,CLASSIQUE,40,50,59,9,4,5,2.25,0.21186440677966095,40.25423728813559,1344,37,15.254237288135593,FAIBLE,1,0,0,1
180295,5050,CLASSIQUE,40,50,62,9,4,5,2.25,0.21370967741935482,38.61290322580645,1347,37,14.516129032258064,FAIBLE,1,0,0,1
180295,5055,CLASSIQUE,40,50,63,10,5,5,2.5,0.21031746031746026,38.73015873015873,1347,35,15.873015873015873,FAIBLE,1,0,0,2
180295,5060,CLASSIQUE,40,50,64,12,7,5,3,0.20312499999999994,38.953125,1347,33,18.75,FAIBLE,1,0,0,2
180295,5065,CLASSIQUE,40,50,67,12,7,5,3,0.20522388059701488,38.1044776119403,1347,32,17.91044776119403,FAIBLE,1,0,0,2
180295,5070,CLASSIQUE,40,50,68,12,7,5,3,0.2058823529411764,38.4264705882353,1347,31,17.647058823529413,FAIBLE,2,0,2,2
180295,5075,CLASSIQUE,40,50,69,15,11,4,3.75,0.19565217391304346,38.88405797101449,1347,30,21.73913043478261,FAIBLE,2,2,2,0
180295,5080,CLASSIQUE,40,50,68,19,14,5,4.5,0.18014705882352938,39.25,1348,31,27.941176470588236,FAIBLE,2,2,2,0
180295,5085,CLASSIQUE,40,50,68,26,17,9,5.75,0.15441176470588236,40.4264705882353,1349,32,38.23529411764706,MOYENNE,2,2,2,0
180295,5090,CLASSIQUE,40,50,68,17,14,3,3.25,0.1860294117647058,40.205882352941174,1351,34,25,FAIBLE,0,2,1,0
180295,5095,CLASSIQUE,40,50,66,10,8,2,2.25,0.2121212121212121,39.68181818181818,1354,37,15.151515151515152,FAIBLE,0,1,1,0
180295,5100,CLASSIQUE,40,50,66,7,4,3,1.75,0.2204545454545454,36.378787878787875,1358,40,10.606060606060606,FAIBLE,0,1,1,0
180295,5105,CLASSIQUE,40,50,65,10,6,4,2.5,0.21153846153846145,34.676923076923075,1360,41,15.384615384615385,FAIBLE,0,1,1,0
180295,5110,CLASSIQUE,40,50,64,11,6,5,2.75,0.20468749999999997,33.96875,1362,41,17.1875,FAIBLE,0,1,1,0
180295,5115,CLASSIQUE,40,50,63,12,6,6,3,0.20238095238095233,34.333333333333336,1364,40,19.047619047619047,FAIBLE,0,1,1,0
180295,5120,CLASSIQUE,40,50,62,12,6,6,3,0.20161290322580638,35.096774193548384,1367,38,19.35483870967742,FAIBLE,0,1,1,0
180295,5125,CLASSIQUE,40,50,63,12,6,6,3,0.20238095238095233,35.492063492063494,1367,35,19.047619047619047,FAIBLE,0,1,1,0
180295,5130,CLASSIQUE,40,50,64,12,6,6,3,0.20312499999999994,35.875,1367,32,18.75,FAIBLE,0,1,1,0
180295,5135,CLASSIQUE,40,50,68,13,6,7,3.25,0.20220588235294112,34.705882352941174,1367,28,19.11764705882353,FAIBLE,0,1,1,2
180295,5140,CLASSIQUE,40,50,68,15,6,9,3.75,0.19485294117647056,35.705882352941174,1367,25,22.058823529411764,FAIBLE,0,1,1,2
180295,5145,CLASSIQUE,40,50,68,18,7,11,4.25,0.1838235294117647,36.955882352941174,1367,23,26.470588235294116,FAIBLE,0,1,1,2
180295,5150,CLASSIQUE,40,50,68,19,7,12,4.5,0.18014705882352935,38.3235294117647,1367,20,27.941176470588236,FAIBLE,2,1,2,2
180295,5155,CLASSIQUE,40,50,70,28,10,18,6.5,0.15000000000000002,38.871428571428574,1367,20,40,MOYENNE,2,2,2,1
180295,5160,CLASSIQUE,40,50,70,28,9,19,6.5,0.15,39.57142857142857,1368,21,40,MOYENNE,2,2,2,1
180295,5165,CLASSIQUE,40,50,70,30,10,20,6.75,0.14285714285714285,40.885714285714286,1369,22,42.857142857142854,MOYENNE,2,2,2,1
180295,5170,CLASSIQUE,40,50,72,21,3,18,4.75,0.17708333333333334,40.15277777777778,1370,23,29.166666666666668,FAIBLE,1,2,0,1
180295,5175,CLASSIQUE,40,50,70,13,2,11,2.75,0.20357142857142857,39.857142857142854,1372,25,18.571428571428573,FAIBLE,1,0,0,1
180295,5180,CLASSIQUE,40,50,69,8,3,5,1.75,0.22101449275362317,36.82608695652174,1375,27,11.594202898550725,FAIBLE,1,0,0,1
180295,5185,CLASSIQUE,40,50,67,9,4,5,2.25,0.21641791044776112,35.059701492537314,1379,30,13.432835820895523,FAIBLE,1,0,0,1
180295,5190,CLASSIQUE,40,50,67,9,4,5,2.25,0.21641791044776115,34.134328358208954,1381,30,13.432835820895523,FAIBLE,1,0,0,1
180295,5195,CLASSIQUE,40,50,67,9,4,5,2.25,0.21641791044776115,33.92537313432836,1383,29,13.432835820895523,FAIBLE,1,0,0,1
180295,5200,CLASSIQUE,40,50,68,9,4,5,2.25,0.21691176470588233,34.088235294117645,1384,26,13.235294117647058,FAIBLE,1,0,0,1
180295,5205,CLASSIQUE,40,50,69,10,4,6,2.5,0.21159420289855074,34.30434782608695,1385,25,14.492753623188406,FAIBLE,1,0,0,1
180295,5210,CLASSIQUE,40,50,68,11,4,7,2.75,0.20808823529411766,35.61764705882353,1386,24,16.176470588235293,FAIBLE,1,0,0,1
180295,5215,CLASSIQUE,40,50,70,12,4,8,3,0.20714285714285713,35.457142857142856,1386,22,17.142857142857142,FAIBLE,1,0,0,2
180295,5220,CLASSIQUE,40,50,70,16,8,8,4,0.1928571428571428,36.44285714285714,1386,19,22.857142857142858,FAIBLE,1,0,0,2
180295,5225,CLASSIQUE,40,50,70,17,9,8,4.25,0.18928571428571428,37.65714285714286,1386,19,24.285714285714285,FAIBLE,1,0,0,2
180295,5230,CLASSIQUE,40,50,72,17,9,8,4.25,0.18819444444444441,37.791666666666664,1386,19,23.61111111111111,FAIBLE,2,0,2,2
180295,5235,CLASSIQUE,40,50,72,22,16,6,5.5,0.17361111111111105,37.833333333333336,1387,20,30.555555555555557,MOYENNE,2,2,2,0
180295,5240,CLASSIQUE,40,50,71,30,19,11,7,0.14436619718309854,38.929577464788736,1388,21,42.25352112676056,MOYENNE,2,2,2,0
180295,5245,CLASSIQUE,40,50,72,34,19,15,7.75,0.13194444444444442,39.708333333333336,1389,22,47.22222222222222,MOYENNE,2,2,2,0
180295,5250,CLASSIQUE,40,50,70,27,17,10,6,0.15071428571428566,40.714285714285715,1391,24,38.57142857142857,MOYENNE,0,2,1,0
180295,5255,CLASSIQUE,40,50,69,14,8,6,3.5,0.19637681159420287,40.405797101449274,1394,27,20.28985507246377,FAIBLE,0,1,1,0
180295,5260,CLASSIQUE,40,50,66,9,4,5,2.25,0.21363636363636362,39.46969696969697,1398,30,13.636363636363637,FAIBLE,0,1,1,0
180295,5265,CLASSIQUE,40,50,65,9,3,6,2.25,0.21538461538461534,39.01538461538462,1400,31,13.846153846153847,FAIBLE,0,1,1,0
180295,5270,CLASSIQUE,40,50,63,9,3,6,2.25,0.21428571428571422,39.61904761904762,1403,33,14.285714285714286,FAIBLE,0,1,1,0
180295,5275,CLASSIQUE,40,50,62,10,4,6,2.5,0.20967741935483866,40.645161290322584,1405,33,16.129032258064516,FAIBLE,0,1,1,0
180295,5280,CLASSIQUE,40,50,63,10,4,6,2.5,0.21031746031746026,40.79365079365079,1406,31,15.873015873015873,FAIBLE,0,1,1,0
180295,5285,CLASSIQUE,40,50,63,10,4,6,2.5,0.21031746031746026,41.58730158730159,1406,27,15.873015873015873,FAIBLE,0,1,1,0
180295,5290,CLASSIQUE,40,50,63,10,4,6,2.5,0.21031746031746026,42.38095238095238,1406,25,15.873015873015873,FAIBLE,0,1,1,0
180295,5295,CLASSIQUE,40,50,64,10,4,6,2.5,0.2109375,42.5,1406,23,15.625,FAIBLE,0,1,1,2
180295,5300,CLASSIQUE,40,50,65,14,4,10,3.5,0.19615384615384615,42.723076923076924,1406,22,21.53846153846154,FAIBLE,0,1,1,2
180295,5305,CLASSIQUE,40,50,65,16,4,12,4,0.18538461538461534,43.89230769230769,1406,21,24.615384615384617,FAIBLE,0,1,1,2
180295,5310,CLASSIQUE,40,50,68,21,5,16,5.25,0.17279411764705876,43.3235294117647,1406,20,30.88235294117647,MOYENNE,2,1,2,2
180295,5315,CLASSIQUE,40,50,69,26,6,20,6,0.1557971014492753,44.46376811594203,1406,20,37.68115942028985,MOYENNE,2,2,2,1
180295,5320,CLASSIQUE,40,50,69,28,6,22,6.25,0.14565217391304336,45.31884057971015,1407,21,40.57971014492754,MOYENNE,2,2,2,1
180295,5325,CLASSIQUE,40,50,68,30,6,24,6.75,0.13970588235294112,47.088235294117645,1408,22,44.11764705882353,MOYENNE,2,2,2,1
180295,5330,CLASSIQUE,40,50,68,23,1,22,4.5,0.16544117647058812,46.88235294117647,1410,24,33.8235294117647,MOYENNE,1,2,0,1
180295,5335,CLASSIQUE,40,50,66,15,1,14,2.75,0.19318181818181818,46.15151515151515,1413,26,22.727272727272727,FAIBLE,1,0,0,1
180295,5340,CLASSIQUE,40,50,62,10,1,9,2.25,0.2096774193548387,44.725806451612904,1418,30,16.129032258064516,FAIBLE,1,0,0,1
180295,5345,CLASSIQUE,40,50,60,7,1,6,1.75,0.22083333333333327,43.15,1421,32,11.666666666666666,FAIBLE,1,0,0,1
180295,5350,CLASSIQUE,40,50,58,7,1,6,1.75,0.21982758620689652,43.56896551724138,1424,33,12.068965517241379,FAIBLE,1,0,0,1
180295,5355,CLASSIQUE,40,50,57,8,2,6,2,0.21228070175438596,44.21052631578947,1427,33,14.035087719298245,FAIBLE,1,0,0,1
180295,5360,CLASSIQUE,40,50,58,10,3,7,2.5,0.20689655172413793,44.275862068965516,1427,29,17.24137931034483,FAIBLE,1,0,0,1
180295,5365,CLASSIQUE,40,50,59,10,3,7,2.5,0.20762711864406774,44.3728813559322,1427,27,16.949152542372882,FAIBLE,1,0,0,1
180295,5370,CLASSIQUE,40,50,60,11,3,8,2.5,0.2041666666666666,44.516666666666666,1428,25,18.333333333333332,FAIBLE,1,0,0,1
180295,5375,CLASSIQUE,40,50,60,13,4,9,2.75,0.1941666666666667,45.483333333333334,1428,23,21.666666666666668,FAIBLE,1,0,0,2
180295,5380,CLASSIQUE,40,50,60,16,7,9,3.5,0.18333333333333332,46.7,1428,22,26.666666666666668,FAIBLE,1,0,0,2
180295,5385,CLASSIQUE,40,50,62,18,9,9,3.75,0.1774193548387097,46.58064516129032,1428,22,29.032258064516128,FAIBLE,1,0,0,2
180295,5390,CLASSIQUE,40,50,65,19,9,10,3.75,0.17692307692307696,45.84615384615385,1428,22,29.23076923076923,FAIBLE,2,0,2,2
180295,5395,CLASSIQUE,40,50,68,20,11,9,4,0.1735294117647059,45.3235294117647,1428,22,29.41176470588235,FAIBLE,2,2,2,0
180295,5400,CLASSIQUE,40,50,69,19,12,7,4.25,0.181159420289855,44.57971014492754,1429,23,27.536231884057973,FAIBLE,2,2,2,0
180295,5405,CLASSIQUE,40,50,68,21,13,8,4.5,0.17279411764705876,45.588235294117645,1430,24,30.88235294117647,MOYENNE,2,2,2,0
180295,5410,CLASSIQUE,40,50,67,12,11,1,2.75,0.20522388059701482,45.26865671641791,1432,26,17.91044776119403,FAIBLE,0,2,1,0
180295,5415,CLASSIQUE,40,50,67,6,5,1,1.25,0.22761194029850737,42.940298507462686,1435,29,8.955223880597014,FAIBLE,0,1,1,0
180295,5420,CLASSIQUE,40,50,64,5,2,3,1.25,0.23046874999999994,41.328125,1438,31,7.8125,FAIBLE,0,1,1,0
180295,5425,CLASSIQUE,40,50,61,4,1,3,1,0.23360655737704913,40.377049180327866,1441,33,6.557377049180328,FAIBLE,0,1,1,0
180295,5430,CLASSIQUE,40,50,60,4,1,3,1,0.23333333333333328,39.38333333333333,1443,33,6.666666666666667,FAIBLE,0,1,1,0
180295,5435,CLASSIQUE,40,50,60,6,2,4,1.5,0.22249999999999995,38.3,1445,32,10,FAIBLE,0,1,1,0
180295,5440,CLASSIQUE,40,50,60,10,3,7,2.5,0.20833333333333334,37.11666666666667,1448,30,16.666666666666668,FAIBLE,0,1,1,0
180295,5445,CLASSIQUE,40,50,61,11,4,7,2.75,0.20491803278688525,37.19672131147541,1450,29,18.0327868852459,FAIBLE,0,1,1,0
180295,5450,CLASSIQUE,40,50,63,11,4,7,2.75,0.20634920634920634,36.888888888888886,1450,26,17.46031746031746,FAIBLE,0,1,1,0
180295,5455,CLASSIQUE,40,50,63,11,4,7,2.75,0.20634920634920634,37.76190476190476,1450,23,17.46031746031746,FAIBLE,0,1,1,2
180295,5460,CLASSIQUE,40,50,66,15,6,9,3.75,0.19318181818181818,36.984848484848484,1450,23,22.727272727272727,FAIBLE,0,1,1,2
180295,5465,CLASSIQUE,40,50,67,20,6,14,4.25,0.1753731343283582,37.776119402985074,1450,23,29.850746268656717,FAIBLE,0,1,1,2
180295,5470,CLASSIQUE,40,50,67,22,6,16,4.5,0.16791044776119404,39.37313432835821,1450,22,32.83582089552239,MOYENNE,2,1,2,2
180295,5475,CLASSIQUE,40,50,70,26,7,19,5.5,0.15714285714285708,39.41428571428571,1450,22,37.142857142857146,MOYENNE,2,2,2,1
180295,5480,CLASSIQUE,40,50,71,25,4,21,5,0.16197183098591544,39.25352112676056,1451,23,35.2112676056338,MOYENNE,2,2,2,1
180295,5485,CLASSIQUE,40,50,72,28,6,22,5.5,0.15277777777777773,39.31944444444444,1452,24,38.888888888888886,MOYENNE,2,2,2,1
180295,5490,CLASSIQUE,40,50,74,23,2,21,4.25,0.17229729729729726,37.5945945945946,1454,26,31.08108108108108,MOYENNE,1,2,0,1
180295,5495,CLASSIQUE,40,50,71,12,3,9,2.25,0.20774647887323933,36.816901408450704,1457,29,16.901408450704224,FAIBLE,1,0,0,1
180295,5500,CLASSIQUE,40,50,71,9,4,5,2.25,0.21830985915492956,33.74647887323944,1460,31,12.67605633802817,FAIBLE,1,0,0,1
180295,5505,CLASSIQUE,40,50,71,7,4,3,1.75,0.22535211267605634,32.521126760563384,1462,32,9.859154929577464,FAIBLE,1,0,0,1
180295,5510,CLASSIQUE,40,50,71,9,5,4,2.25,0.21830985915492954,31.943661971830984,1464,32,12.67605633802817,FAIBLE,1,0,0,1
180295,5515,CLASSIQUE,40,50,71,10,6,4,2.25,0.2147887323943662,32.61971830985915,1465,30,14.084507042253522,FAIBLE,1,0,0,1
180295,5520,CLASSIQUE,40,50,74,10,6,4,2.25,0.21621621621621623,31.972972972972972,1466,28,13.513513513513514,FAIBLE,1,0,0,1
180295,5525,CLASSIQUE,40,50,76,11,7,4,2.25,0.21118421052631584,31.82894736842105,1466,25,14.473684210526315,FAIBLE,1,0,0,1
180295,5530,CLASSIQUE,40,50,78,12,8,4,2.5,0.20961538461538462,31.78205128205128,1466,23,15.384615384615385,FAIBLE,1,0,0,1
180295,5535,CLASSIQUE,40,50,79,15,11,4,3.25,0.20253164556962025,32.25316455696203,1466,21,18.9873417721519,FAIBLE,1,0,0,2
180295,5540,CLASSIQUE,40,50,79,18,14,4,4,0.19303797468354433,33.25316455696203,1466,18,22.78481012658228,FAIBLE,1,0,0,2
180295,5545,CLASSIQUE,40,50,82,22,17,5,4.75,0.18292682926829268,33.30487804878049,1466,16,26.829268292682926,FAIBLE,1,0,0,2
180295,5550,CLASSIQUE,40,50,82,26,20,6,5.25,0.17073170731707318,34.75609756097561,1466,16,31.70731707317073,MOYENNE,2,0,2,2
180295,5555,CLASSIQUE,40,50,83,31,25,6,6.5,0.15542168674698797,36.08433734939759,1466,16,37.34939759036145,MOYENNE,2,2,2,0
180295,5560,CLASSIQUE,40,50,84,34,26,8,7,0.14880952380952378,36.476190476190474,1467,17,40.476190476190474,MOYENNE,2,2,2,0
180295,5565,CLASSIQUE,40,50,84,38,28,10,7.5,0.13690476190476195,37.916666666666664,1468,18,45.23809523809524,MOYENNE,2,2,2,0
180295,5570,CLASSIQUE,40,50,83,33,27,6,6.25,0.15060240963855426,39.18072289156626,1470,20,39.75903614457831,MOYENNE,0,2,1,0
180295,5575,CLASSIQUE,40,50,81,18,13,5,3.25,0.19197530864197526,39.17283950617284,1473,23,22.22222222222222,FAIBLE,0,1,1,0
180295,5580,CLASSIQUE,40,50,79,14,9,5,3.25,0.20569620253164553,37.75949367088607,1476,25,17.72151898734177,FAIBLE,0,1,1,0
180295,5585,CLASSIQUE,40,50,80,13,7,6,3.25,0.20937499999999995,35.4125,1478,26,16.25,FAIBLE,0,1,1,0
180295,5590,CLASSIQUE,40,50,79,13,7,6,3.25,0.20886075949367083,34.379746835443036,1480,26,16.455696202531644,FAIBLE,0,1,1,0
180295,5595,CLASSIQUE,40,50,78,13,7,6,3.25,0.20705128205128204,34.82051282051282,1482,25,16.666666666666668,FAIBLE,0,1,1,0
180295,5600,CLASSIQUE,40,50,75,15,9,6,3.5,0.19999999999999996,35.85333333333333,1485,25,20,FAIBLE,0,1,1,0
180295,5605,CLASSIQUE,40,50,75,15,9,6,3.5,0.19999999999999998,36.38666666666666,1486,24,20,FAIBLE,0,1,1,0
180295,5610,CLASSIQUE,40,50,74,17,9,8,3.75,0.19256756756756752,37.689189189189186,1487,23,22.972972972972972,FAIBLE,0,1,1,0
180295,5615,CLASSIQUE,40,50,73,17,9,8,3.75,0.19178082191780818,39.36986301369863,1488,23,23.28767123287671,FAIBLE,0,1,1,2
180295,5620,CLASSIQUE,40,50,75,20,10,10,4.25,0.18333333333333332,39.53333333333333,1488,22,26.666666666666668,FAIBLE,0,1,1,2
180295,5625,CLASSIQUE,40,50,76,25,11,14,5,0.1677631578947369,40.53947368421053,1488,22,32.89473684210526,MOYENNE,0,1,1,2
180295,5630,CLASSIQUE,40,50,77,26,12,14,5,0.16558441558441567,41.64935064935065,1488,22,33.76623376623377,MOYENNE,2,1,2,2
180295,5635,CLASSIQUE,40,50,78,31,12,19,6,0.15064102564102572,42.96153846153846,1488,22,39.743589743589745,MOYENNE,2,2,2,1
180295,5640,CLASSIQUE,40,50,79,35,16,19,6.5,0.139240506329114,43.56962025316456,1489,23,44.30379746835443,MOYENNE,2,2,2,1
180295,5645,CLASSIQUE,40,50,79,33,14,19,6.25,0.1455696202531646,44.91139240506329,1490,24,41.77215189873418,MOYENNE,2,2,2,1
180295,5650,CLASSIQUE,40,50,79,23,6,17,3.75,0.17721518987341775,44.860759493670884,1492,26,29.11392405063291,FAIBLE,1,2,0,1
180295,5655,CLASSIQUE,40,50,78,6,1,5,1.25,0.23012820512820512,44.12820512820513,1495,29,7.6923076923076925,FAIBLE,1,0,0,1
180295,5660,CLASSIQUE,40,50,77,3,0,3,0.75,0.2402597402597402,42.12987012987013,1499,32,3.896103896103896,FAIBLE,1,0,0,1
180295,5665,CLASSIQUE,40,50,74,3,0,3,0.75,0.23986486486486477,41.648648648648646,1502,34,4.054054054054054,FAIBLE,1,0,0,1
180295,5670,CLASSIQUE,40,50,72,1,0,1,0.25,0.24652777777777768,41.416666666666664,1505,35,1.3888888888888888,FAIBLE,1,0,0,1
180295,5675,CLASSIQUE,40,50,70,3,1,2,0.75,0.23928571428571424,41.94285714285714,1507,34,4.285714285714286,FAIBLE,1,0,0,1
180295,5680,CLASSIQUE,40,50,68,3,1,2,0.75,0.23897058823529413,42.85294117647059,1509,33,4.411764705882353,FAIBLE,1,0,0,1
180295,5685,CLASSIQUE,40,50,70,4,1,3,1,0.23571428571428565,41.41428571428571,1511,33,5.714285714285714,FAIBLE,1,0,0,1
180295,5690,CLASSIQUE,40,50,69,4,1,3,1,0.23260869565217387,42.30434782608695,1512,32,5.797101449275362,FAIBLE,1,0,0,1
180295,5695,CLASSIQUE,40,50,69,7,2,5,1.75,0.22463768115942026,42.69565217391305,1512,30,10.144927536231885,FAIBLE,1,0,0,2
180295,5700,CLASSIQUE,40,50,71,12,7,5,2.75,0.2077464788732394,42.19718309859155,1512,27,16.901408450704224,FAIBLE,1,0,0,2
180295,5705,CLASSIQUE,40,50,72,15,10,5,3.25,0.19791666666666663,42.583333333333336,1512,26,20.833333333333332,FAIBLE,1,0,0,2
180295,5710,CLASSIQUE,40,50,74,16,10,6,3.5,0.1959459459459459,42.45945945945946,1512,25,21.62162162162162,FAIBLE,2,0,2,2
180295,5715,CLASSIQUE,40,50,76,21,16,5,4.75,0.18092105263157895,42.63157894736842,1512,24,27.63157894736842,FAIBLE,2,2,2,0
180295,5720,CLASSIQUE,40,50,76,27,19,8,5.25,0.16052631578947368,43.01315789473684,1513,25,35.526315789473685,MOYENNE,2,2,2,0
180295,5725,CLASSIQUE,40,50,76,32,21,11,5.75,0.14539473684210522,43.93421052631579,1514,26,42.10526315789474,MOYENNE,2,2,2,0
180295,5730,CLASSIQUE,40,50,77,23,18,5,3.5,0.17532467532467527,43.09090909090909,1516,28,29.87012987012987,FAIBLE,0,2,1,0
180295,5735,CLASSIQUE,40,50,75,15,13,2,2.5,0.19999999999999998,42.333333333333336,1519,31,20,FAIBLE,0,1,1,0
180295,5740,CLASSIQUE,40,50,74,4,2,2,1,0.23648648648648643,39.12162162162162,1523,34,5.405405405405405,FAIBLE,0,1,1,0
180295,5745,CLASSIQUE,40,50,70,5,3,2,1.25,0.23214285714285704,38.142857142857146,1527,37,7.142857142857143,FAIBLE,0,1,1,0
180295,5750,CLASSIQUE,40,50,67,5,3,2,1.25,0.22835820895522385,38.059701492537314,1531,39,7.462686567164179,FAIBLE,0,1,1,0
180295,5755,CLASSIQUE,40,50,67,7,5,2,1.75,0.22388059701492533,37.56716417910448,1534,39,10.447761194029852,FAIBLE,0,1,1,0
180295,5760,CLASSIQUE,40,50,65,7,5,2,1.75,0.2230769230769231,39.03076923076923,1536,37,10.76923076923077,FAIBLE,0,1,1,0
180295,5765,CLASSIQUE,40,50,66,7,5,2,1.75,0.22196969696969696,38.96969696969697,1536,34,10.606060606060606,FAIBLE,0,1,1,0
180295,5770,CLASSIQUE,40,50,66,8,6,2,2,0.21969696969696967,39.57575757575758,1537,32,12.121212121212121,FAIBLE,0,1,1,0
180295,5775,CLASSIQUE,40,50,68,8,6,2,2,0.21838235294117644,39,1537,30,11.764705882352942,FAIBLE,0,1,1,2
180295,5780,CLASSIQUE,40,50,71,11,7,4,2.75,0.21126760563380279,38.028169014084504,1537,28,15.492957746478874,FAIBLE,0,1,1,2
180295,5785,CLASSIQUE,40,50,72,12,8,4,3,0.2083333333333333,38.30555555555556,1537,26,16.666666666666668,FAIBLE,0,1,1,2
180295,5790,CLASSIQUE,40,50,74,14,8,6,3.5,0.20270270270270263,38.13513513513514,1537,25,18.91891891891892,FAIBLE,2,1,2,2
180295,5795,CLASSIQUE,40,50,75,19,9,10,4.5,0.18666666666666662,38.76,1537,25,25.333333333333332,FAIBLE,2,2,2,1
180295,5800,CLASSIQUE,40,50,76,19,7,12,4.5,0.18749999999999992,38.30263157894737,1538,26,25,FAIBLE,2,2,2,1
180295,5805,CLASSIQUE,40,50,77,21,7,14,4.75,0.1818181818181817,37.97402597402598,1539,27,27.272727272727273,FAIBLE,2,2,2,1
180295,5810,CLASSIQUE,40,50,78,15,4,11,3.25,0.20192307692307684,36.5,1541,29,19.23076923076923,FAIBLE,1,2,0,1
180295,5815,CLASSIQUE,40,50,77,10,2,8,2,0.21753246753246744,34.23376623376623,1544,32,12.987012987012987,FAIBLE,1,0,0,1
180295,5820,CLASSIQUE,40,50,74,4,2,2,1,0.23648648648648649,30.824324324324323,1549,36,5.405405405405405,FAIBLE,1,0,0,1
180295,5825,CLASSIQUE,40,50,72,5,3,2,1.25,0.23263888888888884,28.305555555555557,1552,38,6.944444444444445,FAIBLE,1,0,0,1
180295,5830,CLASSIQUE,40,50,71,7,4,3,1.75,0.22535211267605632,26.098591549295776,1555,39,9.859154929577464,FAIBLE,1,0,0,1
180295,5835,CLASSIQUE,40,50,69,8,4,4,2,0.22101449275362317,24.463768115942027,1559,40,11.594202898550725,FAIBLE,1,0,0,1
180295,5840,CLASSIQUE,40,50,69,10,6,4,2.25,0.213768115942029,23.405797101449274,1561,38,14.492753623188406,FAIBLE,1,0,0,1
180295,5845,CLASSIQUE,40,50,68,10,6,4,2.25,0.21323529411764705,23.352941176470587,1563,36,14.705882352941176,FAIBLE,1,0,0,1
180295,5850,CLASSIQUE,40,50,69,10,6,4,2.25,0.213768115942029,23.73913043478261,1564,33,14.492753623188406,FAIBLE,1,0,0,1
180295,5855,CLASSIQUE,40,50,72,12,7,5,2.75,0.20833333333333331,23.52777777777778,1564,30,16.666666666666668,FAIBLE,1,0,0,2
180295,5860,CLASSIQUE,40,50,72,15,10,5,3.25,0.1951388888888889,24.47222222222222,1565,29,20.833333333333332,FAIBLE,1,0,0,2
180295,5865,CLASSIQUE,40,50,73,20,14,6,4.25,0.18150684931506852,25.410958904109588,1565,29,27.397260273972602,FAIBLE,1,0,0,2
180295,5870,CLASSIQUE,40,50,77,21,14,7,4.5,0.17922077922077922,25.4025974025974,1565,28,27.272727272727273,FAIBLE,2,0,2,2
180295,5875,CLASSIQUE,40,50,78,28,21,7,6,0.16025641025641027,26.73076923076923,1565,28,35.8974358974359,MOYENNE,2,2,2,0
180295,5880,CLASSIQUE,40,50,78,30,22,8,6.25,0.1532051282051282,27.846153846153847,1566,29,38.46153846153846,MOYENNE,2,2,2,0
180295,5885,CLASSIQUE,40,50,79,33,23,10,6.75,0.14556962025316458,28.974683544303797,1567,30,41.77215189873418,MOYENNE,2,2,2,0
180295,5890,CLASSIQUE,40,50,79,27,22,5,5,0.16455696202531644,30.088607594936708,1569,32,34.177215189873415,MOYENNE,0,2,1,0
180295,5895,CLASSIQUE,40,50,79,18,14,4,3,0.1930379746835443,30.620253164556964,1571,34,22.78481012658228,FAIBLE,0,1,1,0
180295,5900,CLASSIQUE,40,50,77,13,9,4,2.75,0.20779220779220775,30.5974025974026,1573,35,16.883116883116884,FAIBLE,0,1,1,0
180295,5905,CLASSIQUE,40,50,77,12,8,4,3,0.211038961038961,30.4025974025974,1574,35,15.584415584415584,FAIBLE,0,1,1,0
180295,5910,CLASSIQUE,40,50,78,14,9,5,3,0.20512820512820512,29.96153846153846,1576,35,17.94871794871795,FAIBLE,0,1,1,0
180295,5915,CLASSIQUE,40,50,78,14,9,5,3.25,0.20512820512820512,30.076923076923077,1579,35,17.94871794871795,FAIBLE,0,1,1,0
180295,5920,CLASSIQUE,40,50,76,14,9,5,3.25,0.20197368421052628,31.092105263157894,1582,33,18.42105263157895,FAIBLE,0,1,1,0
180295,5925,CLASSIQUE,40,50,75,15,9,6,3.5,0.19866666666666669,32.50666666666667,1583,31,20,FAIBLE,0,1,1,0
180295,5930,CLASSIQUE,40,50,79,18,10,8,3.75,0.1930379746835443,31.89873417721519,1583,28,22.78481012658228,FAIBLE,0,1,1,0
180295,5935,CLASSIQUE,40,50,80,18,10,8,3.75,0.19375000000000003,32.625,1583,24,22.5,FAIBLE,0,1,1,2
180295,5940,CLASSIQUE,40,50,80,21,10,11,4.5,0.184375,33.8125,1583,22,26.25,FAIBLE,0,1,1,2
180295,5945,CLASSIQUE,40,50,83,23,10,13,5,0.18072289156626506,33.963855421686745,1583,20,27.710843373493976,FAIBLE,0,1,1,2
180295,5950,CLASSIQUE,40,50,84,30,12,18,6,0.16071428571428575,35.095238095238095,1583,19,35.714285714285715,MOYENNE,2,1,2,2
180295,5955,CLASSIQUE,40,50,85,33,12,21,6.5,0.15294117647058827,36.55294117647059,1583,19,38.8235294117647,MOYENNE,2,2,2,1
180295,5960,CLASSIQUE,40,50,87,31,8,23,6.25,0.16091954022988503,36.333333333333336,1584,19,35.632183908045974,MOYENNE,2,2,2,1
180295,5965,CLASSIQUE,40,50,89,34,10,24,6.5,0.15449438202247193,36.46067415730337,1585,20,38.20224719101124,MOYENNE,2,2,2,1
180295,5970,CLASSIQUE,40,50,88,27,5,22,4.5,0.17329545454545456,37.89772727272727,1587,22,30.681818181818183,MOYENNE,1,2,0,1
180295,5975,CLASSIQUE,40,50,86,20,3,17,3.25,0.19186046511627908,38.651162790697676,1590,25,23.25581395348837,FAIBLE,1,0,0,1
180295,5980,CLASSIQUE,40,50,83,10,3,7,1.75,0.2174698795180722,38.18072289156626,1594,28,12.048192771084338,FAIBLE,1,0,0,1
180295,5985,CLASSIQUE,40,50,80,9,4,5,2.25,0.2218749999999999,38.575,1597,30,11.25,FAIBLE,1,0,0,1
180295,5990,CLASSIQUE,40,50,79,9,4,5,2.25,0.21962025316455694,38.050632911392405,1599,30,11.39240506329114,FAIBLE,1,0,0,1
180295,5995,CLASSIQUE,40,50,77,10,5,5,2.5,0.2175324675324675,38.63636363636363,1601,30,12.987012987012987,FAIBLE,1,0,0,1
180295,6000,CLASSIQUE,40,50,77,12,6,6,3,0.21103896103896103,38.76623376623377,1602,29,15.584415584415584,FAIBLE,1,0,0,1
180295,6005,CLASSIQUE,40,50,73,13,6,7,3.25,0.20342465753424657,41.56164383561644,1606,32,17.80821917808219,FAIBLE,1,0,0,1
180295,6010,CLASSIQUE,40,50,76,15,6,9,3.5,0.20065789473684204,40.85526315789474,1606,30,19.736842105263158,FAIBLE,1,0,0,1
180295,6015,CLASSIQUE,40,50,77,17,7,10,3.75,0.19480519480519481,41.33766233766234,1606,27,22.07792207792208,FAIBLE,1,0,0,2
180295,6020,CLASSIQUE,40,50,78,20,10,10,4.5,0.18589743589743593,41.97435897435897,1606,24,25.641025641025642,FAIBLE,1,0,0,2
180295,6025,CLASSIQUE,40,50,80,25,15,10,5,0.17125000000000004,42.3625,1606,23,31.25,MOYENNE,1,0,0,2
180295,6030,CLASSIQUE,40,50,81,26,16,10,5,0.1697530864197531,43.44444444444444,1606,23,32.098765432098766,MOYENNE,2,0,2,2
180295,6035,CLASSIQUE,40,50,83,33,21,12,6.25,0.15060240963855423,44.25301204819277,1606,23,39.75903614457831,MOYENNE,2,2,2,0
180295,6040,CLASSIQUE,40,50,84,29,22,7,5.5,0.1636904761904762,44.29761904761905,1607,24,34.523809523809526,MOYENNE,2,2,2,0
180295,6045,CLASSIQUE,40,50,84,33,22,11,6,0.15178571428571425,45.32142857142857,1608,25,39.285714285714285,MOYENNE,2,2,2,0
180295,6050,CLASSIQUE,40,50,83,22,19,3,3,0.1783132530120482,45.734939759036145,1610,27,26.50602409638554,FAIBLE,0,2,1,0
180295,6055,CLASSIQUE,40,50,81,13,12,1,1.75,0.2098765432098765,46.074074074074076,1612,29,16.049382716049383,FAIBLE,0,1,1,0
180295,6060,CLASSIQUE,40,50,80,3,3,0,0.5,0.240625,43.85,1615,31,3.75,FAIBLE,0,1,1,0
180295,6065,CLASSIQUE,40,50,79,2,2,0,0.5,0.24367088607594933,42.25316455696203,1618,33,2.5316455696202533,FAIBLE,0,1,1,0
180295,6070,CLASSIQUE,40,50,77,5,4,1,1.25,0.23376623376623368,42.12987012987013,1622,35,6.4935064935064934,FAIBLE,0,1,1,0
180295,6075,CLASSIQUE,40,50,74,6,4,2,1.5,0.22972972972972963,43.0945945945946,1625,35,8.108108108108109,FAIBLE,0,1,1,0
180295,6080,CLASSIQUE,40,50,72,7,5,2,1.75,0.22569444444444445,44.06944444444444,1628,34,9.722222222222221,FAIBLE,0,1,1,0
180295,6085,CLASSIQUE,40,50,73,8,5,3,2,0.2226027397260274,43.87671232876713,1629,32,10.95890410958904,FAIBLE,0,1,1,0
180295,6090,CLASSIQUE,40,50,72,9,5,4,2.25,0.21875,45.111111111111114,1630,31,12.5,FAIBLE,0,1,1,0
180295,6095,CLASSIQUE,40,50,73,10,5,5,2.5,0.21575342465753425,45.12328767123287,1630,29,13.698630136986301,FAIBLE,0,1,1,2
180295,6100,CLASSIQUE,40,50,74,12,5,7,3,0.20945945945945943,45.229729729729726,1630,28,16.216216216216218,FAIBLE,0,1,1,2
180295,6105,CLASSIQUE,40,50,74,19,6,13,3.75,0.18581081081081077,46.2972972972973,1630,24,25.675675675675677,FAIBLE,0,1,1,2
180295,6110,CLASSIQUE,40,50,76,23,6,17,4.75,0.17434210526315783,46.421052631578945,1630,24,30.263157894736842,MOYENNE,2,1,2,2
180295,6115,CLASSIQUE,40,50,79,26,7,19,5.25,0.16772151898734175,46.25316455696203,1630,24,32.91139240506329,MOYENNE,2,2,2,1
180295,6120,CLASSIQUE,40,50,79,28,8,20,5.5,0.1563291139240506,46.64556962025316,1631,25,35.44303797468354,MOYENNE,2,2,2,1
180295,6125,CLASSIQUE,40,50,81,30,8,22,5.75,0.15740740740740727,46.135802469135804,1632,26,37.03703703703704,MOYENNE,2,2,2,1
180295,6130,CLASSIQUE,40,50,80,22,2,20,4,0.18125,46.075,1634,28,27.5,FAIBLE,1,2,0,1
180295,6135,CLASSIQUE,40,50,78,10,3,7,2,0.2179487179487179,45.53846153846154,1637,31,12.820512820512821,FAIBLE,1,0,0,1
180295,6140,CLASSIQUE,40,50,75,6,2,4,1.25,0.2299999999999999,43.85333333333333,1641,34,8,FAIBLE,1,0,0,1
180295,6145,CLASSIQUE,40,50,73,5,2,3,1.25,0.23287671232876708,41.58904109589041,1644,36,6.8493150684931505,FAIBLE,1,0,0,1
180295,6150,CLASSIQUE,40,50,70,6,2,4,1.5,0.22857142857142848,40.142857142857146,1647,37,8.571428571428571,FAIBLE,1,0,0,1
180295,6155,CLASSIQUE,40,50,67,7,2,5,1.75,0.22388059701492535,39.53731343283582,1651,39,10.447761194029852,FAIBLE,1,0,0,1
180295,6160,CLASSIQUE,40,50,65,7,2,5,1.75,0.22307692307692303,39.47692307692308,1654,39,10.76923076923077,FAIBLE,1,0,0,1
180295,6165,CLASSIQUE,40,50,62,7,2,5,1.75,0.22177419354838704,39.82258064516129,1657,39,11.290322580645162,FAIBLE,1,0,0,1
180295,6170,CLASSIQUE,40,50,61,8,3,5,2,0.21721311475409832,40.60655737704918,1659,37,13.114754098360656,FAIBLE,1,0,0,1
180295,6175,CLASSIQUE,40,50,63,9,4,5,2.25,0.21428571428571425,39.96825396825397,1659,34,14.285714285714286,FAIBLE,1,0,0,2
180295,6180,CLASSIQUE,40,50,63,14,9,5,3.5,0.1944444444444444,40.857142857142854,1659,31,22.22222222222222,FAIBLE,1,0,0,2
180295,6185,CLASSIQUE,40,50,64,17,12,5,4,0.18046875,41.484375,1659,30,26.5625,FAIBLE,1,0,0,2
180295,6190,CLASSIQUE,40,50,65,18,12,6,4.25,0.1807692307692307,42.23076923076923,1659,29,27.692307692307693,FAIBLE,2,0,2,2
180295,6195,CLASSIQUE,40,50,65,22,16,6,4.75,0.16538461538461532,43.84615384615385,1659,29,33.84615384615385,MOYENNE,2,2,2,0
180295,6200,CLASSIQUE,40,50,64,23,16,7,4.75,0.16015624999999994,44.640625,1660,30,35.9375,MOYENNE,2,2,2,0
180295,6205,CLASSIQUE,40,50,65,20,16,4,4.5,0.17307692307692302,44.353846153846156,1661,31,30.76923076923077,MOYENNE,2,2,2,0
180295,6210,CLASSIQUE,40,50,64,14,14,0,2.75,0.19531249999999992,44.640625,1663,33,21.875,FAIBLE,0,2,1,0
180295,6215,CLASSIQUE,40,50,63,11,10,1,2,0.20634920634920625,42.63492063492063,1666,36,17.46031746031746,FAIBLE,0,1,1,0
180295,6220,CLASSIQUE,40,50,63,5,4,1,0.75,0.23015873015873003,38.53968253968254,1669,38,7.936507936507937,FAIBLE,0,1,1,0
180295,6225,CLASSIQUE,40,50,61,4,2,2,1,0.2336065573770491,36.18032786885246,1672,40,6.557377049180328,FAIBLE,0,1,1,0
180295,6230,CLASSIQUE,40,50,60,4,2,2,1,0.23333333333333328,33.81666666666667,1675,41,6.666666666666667,FAIBLE,0,1,1,0
180295,6235,CLASSIQUE,40,50,59,4,2,2,1,0.23305084745762705,32.50847457627118,1677,40,6.779661016949152,FAIBLE,0,1,1,0
180295,6240,CLASSIQUE,40,50,57,4,2,2,1,0.23245614035087714,31.92982456140351,1681,40,7.017543859649122,FAIBLE,0,1,1,0
180295,6245,CLASSIQUE,40,50,56,4,2,2,1,0.23214285714285715,32.57142857142857,1682,38,7.142857142857143,FAIBLE,0,1,1,0
180295,6250,CLASSIQUE,40,50,56,4,2,2,1,0.23214285714285707,32.92857142857143,1683,36,7.142857142857143,FAIBLE,0,1,1,0
180295,6255,CLASSIQUE,40,50,58,5,3,2,1.25,0.2284482758620689,32.189655172413794,1683,32,8.620689655172415,FAIBLE,0,1,1,2
180295,6260,CLASSIQUE,40,50,59,8,4,4,2,0.21610169491525422,32.152542372881356,1683,29,13.559322033898304,FAIBLE,0,1,1,2
180295,6265,CLASSIQUE,40,50,61,11,4,7,2.5,0.20491803278688525,31.950819672131146,1683,26,18.0327868852459,FAIBLE,0,1,1,2
180295,6270,CLASSIQUE,40,50,61,14,4,10,3,0.1926229508196721,33.049180327868854,1683,24,22.950819672131146,FAIBLE,2,1,2,2
180295,6275,CLASSIQUE,40,50,62,19,5,14,4.25,0.17096774193548384,33.935483870967744,1683,24,30.64516129032258,MOYENNE,2,2,2,1
180295,6280,CLASSIQUE,40,50,63,21,5,16,4.75,0.1666666666666666,34.06349206349206,1684,25,33.333333333333336,MOYENNE,2,2,2,1
180295,6285,CLASSIQUE,40,50,65,25,6,19,5.5,0.1538461538461538,33.92307692307692,1685,26,38.46153846153846,MOYENNE,2,2,2,1
180295,6290,CLASSIQUE,40,50,65,20,3,17,4.25,0.17307692307692302,34.03076923076923,1687,28,30.76923076923077,MOYENNE,1,2,0,1
180295,6295,CLASSIQUE,40,50,63,8,1,7,2,0.21666666666666665,34.06349206349206,1690,31,12.698412698412698,FAIBLE,1,0,0,1
180295,6300,CLASSIQUE,40,50,63,7,1,6,1.75,0.22222222222222215,32.111111111111114,1693,33,11.11111111111111,FAIBLE,1,0,0,1
180295,6305,CLASSIQUE,40,50,62,8,1,7,2,0.2177419354838709,31.06451612903226,1694,33,12.903225806451612,FAIBLE,1,0,0,1
180295,6310,CLASSIQUE,40,50,60,8,1,7,2,0.21666666666666667,31.35,1696,33,13.333333333333334,FAIBLE,1,0,0,1
180295,6315,CLASSIQUE,40,50,57,8,1,7,2,0.21315789473684207,32.35087719298246,1699,33,14.035087719298245,FAIBLE,1,0,0,1
180295,6320,CLASSIQUE,40,50,56,9,1,8,2.25,0.20982142857142855,32.82142857142857,1700,31,16.071428571428573,FAIBLE,1,0,0,1
180295,6325,CLASSIQUE,40,50,55,11,1,10,2.25,0.2,33.654545454545456,1703,31,20,FAIBLE,1,0,0,1
180295,6330,CLASSIQUE,40,50,56,11,1,10,2.25,0.20089285714285715,34.035714285714285,1703,28,19.642857142857142,FAIBLE,1,0,0,1
180295,6335,CLASSIQUE,40,50,57,13,2,11,2.5,0.19298245614035092,34.49122807017544,1703,26,22.80701754385965,FAIBLE,1,0,0,2
180295,6340,CLASSIQUE,40,50,59,16,5,11,3.25,0.1788135593220339,34.559322033898304,1703,22,27.11864406779661,FAIBLE,1,0,0,2
180295,6345,CLASSIQUE,40,50,59,18,7,11,3.75,0.17372881355932207,36.08474576271186,1703,21,30.508474576271187,MOYENNE,1,0,0,2
180295,6350,CLASSIQUE,40,50,62,20,8,12,4.25,0.1693548387096774,35.82258064516129,1703,20,32.25806451612903,MOYENNE,2,0,2,2
180295,6355,CLASSIQUE,40,50,63,23,11,12,5,0.15873015873015875,36.98412698412698,1703,20,36.507936507936506,MOYENNE,2,2,2,0
180295,6360,CLASSIQUE,40,50,64,20,11,9,4.5,0.17187499999999997,36.390625,1704,21,31.25,MOYENNE,2,2,2,0
180295,6365,CLASSIQUE,40,50,63,21,11,10,5,0.1666666666666666,37.111111111111114,1705,22,33.333333333333336,MOYENNE,2,2,2,0
180295,6370,CLASSIQUE,40,50,61,12,8,4,2.5,0.19836065573770495,38.19672131147541,1707,24,19.672131147540984,FAIBLE,0,2,1,0
180295,6375,CLASSIQUE,40,50,59,10,7,3,2.5,0.20762711864406777,36.88135593220339,1710,27,16.949152542372882,FAIBLE,0,1,1,0
180295,6380,CLASSIQUE,40,50,57,5,4,1,1.25,0.22807017543859642,35.12280701754386,1713,29,8.771929824561404,FAIBLE,0,1,1,0
180295,6385,CLASSIQUE,40,50,54,5,4,1,1.25,0.22685185185185178,34.888888888888886,1716,31,9.25925925925926,FAIBLE,0,1,1,0
180295,6390,CLASSIQUE,40,50,55,6,5,1,1.5,0.2227272727272727,33.32727272727273,1717,30,10.909090909090908,FAIBLE,0,1,1,0
180295,6395,CLASSIQUE,40,50,55,7,5,2,1.75,0.21818181818181817,33.25454545454546,1718,28,12.727272727272727,FAIBLE,0,1,1,0
180295,6400,CLASSIQUE,40,50,55,9,6,3,2.25,0.20909090909090905,33.29090909090909,1720,27,16.363636363636363,FAIBLE,0,1,1,0
180295,6405,CLASSIQUE,40,50,55,10,7,3,2.5,0.20454545454545456,34.14545454545455,1721,27,18.181818181818183,FAIBLE,0,1,1,0
180295,6410,CLASSIQUE,40,50,58,10,7,3,2.5,0.20689655172413793,33.241379310344826,1721,25,17.24137931034483,FAIBLE,0,1,1,0
180295,6415,CLASSIQUE,40,50,58,10,7,3,2.5,0.2068965517241379,34.10344827586207,1721,22,17.24137931034483,FAIBLE,0,1,1,2
180295,6420,CLASSIQUE,40,50,59,12,7,5,3,0.19915254237288135,34.42372881355932,1721,21,20.338983050847457,FAIBLE,0,1,1,2
180295,6425,CLASSIQUE,40,50,60,16,7,9,3.5,0.18333333333333332,35.083333333333336,1721,18,26.666666666666668,FAIBLE,0,1,1,2
180295,6430,CLASSIQUE,40,50,62,19,7,12,4.25,0.17338709677419353,35.33870967741935,1721,18,30.64516129032258,MOYENNE,2,1,2,2
180295,6435,CLASSIQUE,40,50,63,28,10,18,5.25,0.13888888888888887,36.682539682539684,1721,18,44.44444444444444,MOYENNE,2,2,2,1
180295,6440,CLASSIQUE,40,50,63,26,8,18,4.75,0.14682539682539678,38.476190476190474,1722,19,41.26984126984127,MOYENNE,2,2,2,1
180295,6445,CLASSIQUE,40,50,65,28,10,18,5,0.1423076923076923,39.276923076923076,1723,20,43.07692307692308,MOYENNE,2,2,2,1
180295,6450,CLASSIQUE,40,50,64,20,5,15,2.75,0.171875,40.484375,1725,22,31.25,MOYENNE,1,2,0,1
180295,6455,CLASSIQUE,40,50,64,15,3,12,2.25,0.19140624999999994,38.609375,1727,24,23.4375,FAIBLE,1,0,0,1
180295,6460,CLASSIQUE,40,50,62,7,4,3,1.75,0.22177419354838704,37.03225806451613,1731,27,11.290322580645162,FAIBLE,1,0,0,1
180295,6465,CLASSIQUE,40,50,60,7,4,3,1.5,0.22083333333333333,37.8,1734,29,11.666666666666666,FAIBLE,1,0,0,1
180295,6470,CLASSIQUE,40,50,59,6,4,2,1.5,0.2245762711864406,38.271186440677965,1735,28,10.169491525423728,FAIBLE,1,0,0,1
180295,6475,CLASSIQUE,40,50,58,7,4,3,1.75,0.21982758620689655,39.12068965517241,1736,26,12.068965517241379,FAIBLE,1,0,0,1
180295,6480,CLASSIQUE,40,50,57,7,4,3,1.75,0.21578947368421048,40.421052631578945,1737,24,12.280701754385966,FAIBLE,1,0,0,1
180295,6485,CLASSIQUE,40,50,57,10,7,3,2.5,0.20614035087719296,41.21052631578947,1738,22,17.54385964912281,FAIBLE,1,0,0,1
180295,6490,CLASSIQUE,40,50,59,11,8,3,2.5,0.2033898305084746,40.67796610169491,1738,21,18.64406779661017,FAIBLE,1,0,0,1
180295,6495,CLASSIQUE,40,50,61,14,10,4,3,0.19262295081967212,40.36065573770492,1738,20,22.950819672131146,FAIBLE,1,0,0,2
180295,6500,CLASSIQUE,40,50,62,16,12,4,3.5,0.18548387096774197,40.88709677419355,1739,19,25.806451612903224,FAIBLE,1,0,0,2
180295,6505,CLASSIQUE,40,50,64,20,16,4,4.5,0.16953125000000002,41.09375,1739,18,31.25,MOYENNE,1,0,0,2
180295,6510,CLASSIQUE,40,50,65,21,16,5,4.75,0.1692307692307693,42.07692307692308,1739,18,32.30769230769231,MOYENNE,2,0,2,2
180295,6515,CLASSIQUE,40,50,66,23,20,3,5.25,0.1628787878787879,43.24242424242424,1739,18,34.84848484848485,MOYENNE,2,2,2,0
180295,6520,CLASSIQUE,40,50,68,29,23,6,6,0.14338235294117646,42.48529411764706,1740,19,42.64705882352941,MOYENNE,2,2,2,0
180295,6525,CLASSIQUE,40,50,69,30,24,6,6,0.14130434782608695,44,1740,19,43.47826086956522,MOYENNE,2,2,2,0
180295,6530,CLASSIQUE,40,50,69,22,21,1,4,0.17028985507246375,45.20289855072464,1741,20,31.884057971014492,MOYENNE,0,2,1,0
180295,6535,CLASSIQUE,40,50,69,13,11,2,2.25,0.2028985507246377,44.594202898550726,1743,22,18.840579710144926,FAIBLE,0,1,1,0
180295,6540,CLASSIQUE,40,50,71,4,2,2,1,0.22746478873239445,40.59154929577465,1745,23,5.633802816901408,FAIBLE,0,1,1,0
180295,6545,CLASSIQUE,40,50,69,7,5,2,1.5,0.22463768115942023,39.21739130434783,1747,24,10.144927536231885,FAIBLE,0,1,1,0
180295,6550,CLASSIQUE,40,50,68,7,4,3,1.5,0.2242647058823529,37.48529411764706,1749,24,10.294117647058824,FAIBLE,0,1,1,0
180295,6555,CLASSIQUE,40,50,68,7,3,4,1.75,0.2242647058823529,35.3235294117647,1752,25,10.294117647058824,FAIBLE,0,1,1,0
180295,6560,CLASSIQUE,40,50,65,7,3,4,1.75,0.223076923076923,34.646153846153844,1756,25,10.76923076923077,FAIBLE,0,1,1,0
180295,6565,CLASSIQUE,40,50,67,8,4,4,2,0.2171641791044776,33.73134328358209,1757,23,11.940298507462687,FAIBLE,0,1,1,0
180295,6570,CLASSIQUE,40,50,66,11,7,4,2.75,0.20833333333333331,34.78787878787879,1758,23,16.666666666666668,FAIBLE,0,1,1,0
180295,6575,CLASSIQUE,40,50,66,13,8,5,3,0.2007575757575757,35.65151515151515,1758,22,19.696969696969695,FAIBLE,0,1,1,2
180295,6580,CLASSIQUE,40,50,68,16,9,7,3.75,0.1911764705882352,35.63235294117647,1758,21,23.529411764705884,FAIBLE,0,1,1,2
180295,6585,CLASSIQUE,40,50,68,18,9,9,4.25,0.18382352941176466,36.89705882352941,1758,20,26.470588235294116,FAIBLE,0,1,1,2
180295,6590,CLASSIQUE,40,50,71,19,9,10,4.5,0.18239436619718308,36.647887323943664,1758,20,26.760563380281692,FAIBLE,2,1,2,2
180295,6595,CLASSIQUE,40,50,75,24,9,15,5.25,0.17,36.21333333333333,1758,20,32,MOYENNE,2,2,2,1
180295,6600,CLASSIQUE,40,50,74,26,11,15,5.75,0.16013513513513516,37.0945945945946,1759,20,35.13513513513514,MOYENNE,2,2,2,1
180295,6605,CLASSIQUE,40,50,75,28,10,18,6.5,0.15600000000000003,37.586666666666666,1760,21,37.333333333333336,MOYENNE,2,2,2,1
180295,6610,CLASSIQUE,40,50,76,18,3,15,4.25,0.19078947368421045,37.88157894736842,1762,23,23.68421052631579,FAIBLE,1,2,0,1
180295,6615,CLASSIQUE,40,50,75,10,1,9,2.5,0.21666666666666662,37.693333333333335,1764,25,13.333333333333334,FAIBLE,1,0,0,1
180295,6620,CLASSIQUE,40,50,74,8,2,6,2,0.22297297297297292,36.0945945945946,1766,26,10.81081081081081,FAIBLE,1,0,0,1
180295,6625,CLASSIQUE,40,50,73,7,2,5,1.75,0.22602739726027388,34.397260273972606,1768,28,9.58904109589041,FAIBLE,1,0,0,1
180295,6630,CLASSIQUE,40,50,72,7,2,5,1.75,0.22291666666666662,33.44444444444444,1771,30,9.722222222222221,FAIBLE,1,0,0,1
180295,6635,CLASSIQUE,40,50,70,10,4,6,2.5,0.21428571428571425,32.92857142857143,1774,31,14.285714285714286,FAIBLE,1,0,0,1
180295,6640,CLASSIQUE,40,50,68,11,4,7,2.75,0.20955882352941174,34.411764705882355,1776,31,16.176470588235293,FAIBLE,1,0,0,1
180295,6645,CLASSIQUE,40,50,69,13,5,8,3,0.20289855072463764,34.78260869565217,1776,29,18.840579710144926,FAIBLE,1,0,0,1
180295,6650,CLASSIQUE,40,50,69,14,5,9,3,0.19927536231884063,35.78260869565217,1776,27,20.28985507246377,FAIBLE,1,0,0,1
180295,6655,CLASSIQUE,40,50,69,15,6,9,3.25,0.19565217391304351,36.85507246376812,1776,24,21.73913043478261,FAIBLE,1,0,0,2
180295,6660,CLASSIQUE,40,50,70,17,8,9,3.75,0.1892857142857143,37.44285714285714,1776,20,24.285714285714285,FAIBLE,1,0,0,2
180295,6665,CLASSIQUE,40,50,72,21,12,9,4.25,0.17708333333333337,37.77777777777778,1776,19,29.166666666666668,FAIBLE,1,0,0,2
180295,6670,CLASSIQUE,40,50,76,22,13,9,4.5,0.17763157894736847,37.21052631578947,1776,18,28.94736842105263,FAIBLE,2,0,2,2
180295,6675,CLASSIQUE,40,50,77,28,19,9,5.75,0.15909090909090906,38.35064935064935,1776,18,36.36363636363637,MOYENNE,2,2,2,0
180295,6680,CLASSIQUE,40,50,76,31,21,10,6,0.14539473684210533,39.473684210526315,1777,19,40.78947368421053,MOYENNE,2,2,2,0
180295,6685,CLASSIQUE,40,50,75,36,24,12,6.75,0.12999999999999995,41.16,1778,20,48,MOYENNE,2,2,2,0
180295,6690,CLASSIQUE,40,50,73,28,22,6,5.25,0.1541095890410958,42.136986301369866,1780,22,38.35616438356164,MOYENNE,0,2,1,0
180295,6695,CLASSIQUE,40,50,71,15,11,4,2.25,0.1957746478873239,41.71830985915493,1783,25,21.12676056338028,FAIBLE,0,1,1,0
180295,6700,CLASSIQUE,40,50,66,8,5,3,1.75,0.21969696969696964,40.74242424242424,1788,29,12.121212121212121,FAIBLE,0,1,1,0
180295,6705,CLASSIQUE,40,50,63,9,6,3,2,0.21428571428571422,41.095238095238095,1792,32,14.285714285714286,FAIBLE,0,1,1,0
180295,6710,CLASSIQUE,40,50,60,10,7,3,2.25,0.2083333333333333,42.68333333333333,1795,33,16.666666666666668,FAIBLE,0,1,1,0
180295,6715,CLASSIQUE,40,50,59,10,7,3,2.25,0.2076271186440678,43.96610169491525,1797,33,16.949152542372882,FAIBLE,0,1,1,0
180295,6720,CLASSIQUE,40,50,60,13,7,6,3,0.1958333333333333,44.18333333333333,1798,32,21.666666666666668,FAIBLE,0,1,1,0
180295,6725,CLASSIQUE,40,50,62,13,7,6,3,0.19758064516129026,43.806451612903224,1798,30,20.967741935483872,FAIBLE,0,1,1,0
180295,6730,CLASSIQUE,40,50,65,13,7,6,3,0.19999999999999998,42.784615384615385,1798,27,20,FAIBLE,0,1,1,0
180295,6735,CLASSIQUE,40,50,66,13,7,6,3,0.2007575757575757,43.121212121212125,1798,24,19.696969696969695,FAIBLE,0,1,1,2
180295,6740,CLASSIQUE,40,50,67,17,7,10,4,0.18656716417910443,43.62686567164179,1798,22,25.37313432835821,FAIBLE,0,1,1,2
180295,6745,CLASSIQUE,40,50,70,17,7,10,4,0.18928571428571425,42.97142857142857,1798,22,24.285714285714285,FAIBLE,0,1,1,2
180295,6750,CLASSIQUE,40,50,71,18,7,11,4.25,0.1866197183098591,43.57746478873239,1798,22,25.35211267605634,FAIBLE,2,1,2,2
180295,6755,CLASSIQUE,40,50,71,25,8,17,5.5,0.16197183098591544,45.11267605633803,1798,22,35.2112676056338,MOYENNE,2,2,2,1
180295,6760,CLASSIQUE,40,50,71,28,9,19,5.75,0.15140845070422532,45.67605633802817,1799,23,39.436619718309856,MOYENNE,2,2,2,1
180295,6765,CLASSIQUE,40,50,74,29,9,20,5.75,0.15202702702702703,44.66216216216216,1800,24,39.189189189189186,MOYENNE,2,2,2,1
180295,6770,CLASSIQUE,40,50,74,20,2,18,3.5,0.1824324324324324,45.054054054054056,1802,26,27.027027027027028,FAIBLE,1,2,0,1
180295,6775,CLASSIQUE,40,50,73,14,2,12,2,0.20205479452054798,44.68493150684932,1804,28,19.17808219178082,FAIBLE,1,0,0,1
180295,6780,CLASSIQUE,40,50,73,6,3,3,1,0.22945205479452055,41.97260273972603,1807,30,8.219178082191782,FAIBLE,1,0,0,1
180295,6785,CLASSIQUE,40,50,70,6,5,1,1.5,0.2285714285714285,41.1,1810,32,8.571428571428571,FAIBLE,1,0,0,1
180295,6790,CLASSIQUE,40,50,67,6,5,1,1.5,0.2276119402985074,41.61194029850746,1813,33,8.955223880597014,FAIBLE,1,0,0,1
180295,6795,CLASSIQUE,40,50,64,7,5,2,1.75,0.22265624999999992,41.875,1816,33,10.9375,FAIBLE,1,0,0,1
180295,6800,CLASSIQUE,40,50,62,7,5,2,1.75,0.22177419354838704,42.596774193548384,1818,30,11.290322580645162,FAIBLE,1,0,0,1
180295,6805,CLASSIQUE,40,50,61,7,5,2,1.75,0.221311475409836,42.622950819672134,1821,29,11.475409836065573,FAIBLE,1,0,0,1
180295,6810,CLASSIQUE,40,50,61,7,5,2,1.75,0.22131147540983603,43.14754098360656,1823,28,11.475409836065573,FAIBLE,1,0,0,1
180295,6815,CLASSIQUE,40,50,62,9,6,3,2.25,0.2137096774193548,43.08064516129032,1823,26,14.516129032258064,FAIBLE,1,0,0,2
180295,6820,CLASSIQUE,40,50,66,12,9,3,3,0.20454545454545456,41.25757575757576,1823,25,18.181818181818183,FAIBLE,1,0,0,2
180295,6825,CLASSIQUE,40,50,66,15,12,3,3.75,0.19318181818181812,42.333333333333336,1823,25,22.727272727272727,FAIBLE,1,0,0,2
180295,6830,CLASSIQUE,40,50,66,15,12,3,3.75,0.1901515151515151,43.46969696969697,1823,25,22.727272727272727,FAIBLE,2,0,2,2
180295,6835,CLASSIQUE,40,50,67,20,16,4,5,0.17537313432835816,44.17910447761194,1823,25,29.850746268656717,FAIBLE,2,2,2,0
180295,6840,CLASSIQUE,40,50,69,24,18,6,5.5,0.16304347826086957,43.289855072463766,1824,26,34.78260869565217,MOYENNE,2,2,2,0
180295,6845,CLASSIQUE,40,50,69,27,19,8,5.75,0.15217391304347824,44.2463768115942,1825,27,39.130434782608695,MOYENNE,2,2,2,0
180295,6850,CLASSIQUE,40,50,68,18,15,3,3.25,0.18382352941176466,44.470588235294116,1827,29,26.470588235294116,FAIBLE,0,2,1,0
180295,6855,CLASSIQUE,40,50,67,10,9,1,2,0.21268656716417905,43.28358208955224,1829,31,14.925373134328359,FAIBLE,0,1,1,0
180295,6860,CLASSIQUE,40,50,64,5,4,1,1.25,0.23046874999999994,41.25,1832,33,7.8125,FAIBLE,0,1,1,0
180295,6865,CLASSIQUE,40,50,61,4,3,1,1,0.23360655737704913,40.40983606557377,1835,35,6.557377049180328,FAIBLE,0,1,1,0
180295,6870,CLASSIQUE,40,50,62,5,4,1,1.25,0.22983870967741923,38.306451612903224,1836,34,8.064516129032258,FAIBLE,0,1,1,0
180295,6875,CLASSIQUE,40,50,63,6,4,2,1.5,0.22619047619047616,36.904761904761905,1837,33,9.523809523809524,FAIBLE,0,1,1,0
180295,6880,CLASSIQUE,40,50,61,6,4,2,1.5,0.2254098360655737,36.21311475409836,1839,32,9.836065573770492,FAIBLE,0,1,1,0
180295,6885,CLASSIQUE,40,50,61,8,4,4,2,0.21721311475409832,36.42622950819672,1840,30,13.114754098360656,FAIBLE,0,1,1,0
180295,6890,CLASSIQUE,40,50,63,9,5,4,2.25,0.21428571428571425,35.92063492063492,1840,27,14.285714285714286,FAIBLE,0,1,1,0
180295,6895,CLASSIQUE,40,50,67,10,6,4,2.5,0.21268656716417908,34.47761194029851,1840,24,14.925373134328359,FAIBLE,0,1,1,2
180295,6900,CLASSIQUE,40,50,69,12,6,6,3,0.20652173913043476,34.2463768115942,1840,22,17.391304347826086,FAIBLE,0,1,1,2
180295,6905,CLASSIQUE,40,50,70,12,6,6,3,0.2071428571428571,34.614285714285714,1840,19,17.142857142857142,FAIBLE,0,1,1,2
180295,6910,CLASSIQUE,40,50,75,12,6,6,3,0.20866666666666667,33.10666666666667,1840,17,16,FAIBLE,2,1,2,2
180295,6915,CLASSIQUE,40,50,76,14,5,9,3.5,0.2039473684210526,33.61842105263158,1840,17,18.42105263157895,FAIBLE,2,2,2,1
180295,6920,CLASSIQUE,40,50,75,18,8,10,4.25,0.18999999999999995,34.08,1841,18,24,FAIBLE,2,2,2,1
180295,6925,CLASSIQUE,40,50,77,20,8,12,4.5,0.1792207792207792,33.74025974025974,1842,19,25.974025974025974,FAIBLE,2,2,2,1
180295,6930,CLASSIQUE,40,50,77,18,3,15,3.75,0.19155844155844157,33.03896103896104,1844,21,23.376623376623378,FAIBLE,1,2,0,1
180295,6935,CLASSIQUE,40,50,78,8,0,8,1.5,0.22435897435897437,30.243589743589745,1847,24,10.256410256410257,FAIBLE,1,0,0,1
180295,6940,CLASSIQUE,40,50,75,3,0,3,0.75,0.23999999999999996,27.946666666666665,1852,28,4,FAIBLE,1,0,0,1
180295,6945,CLASSIQUE,40,50,73,4,0,4,1,0.23630136986301364,25.616438356164384,1855,30,5.47945205479452,FAIBLE,1,0,0,1
180295,6950,CLASSIQUE,40,50,70,6,0,6,1.5,0.22857142857142854,25.15714285714286,1859,32,8.571428571428571,FAIBLE,1,0,0,1
180295,6955,CLASSIQUE,40,50,69,7,0,7,1.5,0.2246376811594202,24.26086956521739,1862,33,10.144927536231885,FAIBLE,1,0,0,1
180295,6960,CLASSIQUE,40,50,69,9,1,8,2,0.21739130434782605,24.840579710144926,1863,31,13.043478260869565,FAIBLE,1,0,0,1
180295,6965,CLASSIQUE,40,50,67,10,2,8,2.25,0.21268656716417905,26.28358208955224,1865,30,14.925373134328359,FAIBLE,1,0,0,1
180295,6970,CLASSIQUE,40,50,67,11,2,9,2.25,0.208955223880597,27.08955223880597,1866,30,16.417910447761194,FAIBLE,1,0,0,1
180295,6975,CLASSIQUE,40,50,70,14,4,10,3,0.2,26.814285714285713,1866,29,20,FAIBLE,1,0,0,2
180295,6980,CLASSIQUE,40,50,71,17,7,10,3.75,0.19014084507042256,27.507042253521128,1866,27,23.943661971830984,FAIBLE,1,0,0,2
180295,6985,CLASSIQUE,40,50,74,19,9,10,4.25,0.1837837837837838,27.64864864864865,1866,26,25.675675675675677,FAIBLE,1,0,0,2
180295,6990,CLASSIQUE,40,50,74,23,11,12,5,0.17229729729729729,29.10810810810811,1866,26,31.08108108108108,MOYENNE,2,0,2,2
180295,6995,CLASSIQUE,40,50,76,27,15,12,6,0.1592105263157895,30,1866,26,35.526315789473685,MOYENNE,2,2,2,0
180295,7000,CLASSIQUE,40,50,77,27,18,9,6,0.16233766233766228,30.09090909090909,1867,27,35.064935064935064,MOYENNE,2,2,2,0
180295,7005,CLASSIQUE,40,50,76,32,19,13,6.75,0.14539473684210522,31.25,1868,28,42.10526315789474,MOYENNE,2,2,2,0
180295,7010,CLASSIQUE,40,50,76,24,16,8,4.75,0.17105263157894732,31.092105263157894,1870,30,31.57894736842105,MOYENNE,0,2,1,0
180295,7015,CLASSIQUE,40,50,74,11,8,3,2.75,0.2128378378378378,30.216216216216218,1873,33,14.864864864864865,FAIBLE,0,1,1,0
180295,7020,CLASSIQUE,40,50,70,10,7,3,2,0.21428571428571427,30.15714285714286,1877,36,14.285714285714286,FAIBLE,0,1,1,0
180295,7025,CLASSIQUE,40,50,71,10,8,2,2.25,0.2119718309859155,28.774647887323944,1880,38,14.084507042253522,FAIBLE,0,1,1,0
180295,7030,CLASSIQUE,40,50,69,11,8,3,2.25,0.2101449275362319,29.971014492753625,1883,39,15.942028985507246,FAIBLE,0,1,1,0
180295,7035,CLASSIQUE,40,50,70,12,9,3,2.25,0.2042857142857143,30.385714285714286,1883,36,17.142857142857142,FAIBLE,0,1,1,0
180295,7040,CLASSIQUE,40,50,69,14,10,4,2.5,0.1992753623188406,31.82608695652174,1884,32,20.28985507246377,FAIBLE,0,1,1,0
180295,7045,CLASSIQUE,40,50,70,14,10,4,2.5,0.20000000000000004,32.371428571428574,1885,30,20,FAIBLE,0,1,1,0
180295,7050,CLASSIQUE,40,50,71,14,10,4,2.5,0.2007042253521127,32.901408450704224,1885,26,19.718309859154928,FAIBLE,0,1,1,0
180295,7055,CLASSIQUE,40,50,72,14,10,4,2.5,0.2013888888888889,33.416666666666664,1885,23,19.444444444444443,FAIBLE,0,1,1,2
180295,7060,CLASSIQUE,40,50,75,16,10,6,3,0.19200000000000003,33.053333333333335,1885,22,21.333333333333332,FAIBLE,0,1,1,2
180295,7065,CLASSIQUE,40,50,76,23,11,12,4,0.17434210526315788,34,1885,20,30.263157894736842,MOYENNE,0,1,1,2
180295,7070,CLASSIQUE,40,50,77,24,11,13,4.25,0.17207792207792208,35.064935064935064,1885,19,31.16883116883117,MOYENNE,2,1,2,2
180295,7075,CLASSIQUE,40,50,77,28,11,17,5.25,0.15714285714285706,36.76623376623377,1885,19,36.36363636363637,MOYENNE,2,2,2,1
180295,7080,CLASSIQUE,40,50,77,31,10,21,6.25,0.14935064935064932,37.922077922077925,1886,20,40.25974025974026,MOYENNE,2,2,2,1
180295,7085,CLASSIQUE,40,50,77,30,9,21,6.25,0.15259740259740256,39.753246753246756,1887,21,38.96103896103896,MOYENNE,2,2,2,1
180295,7090,CLASSIQUE,40,50,78,22,5,17,4.25,0.17948717948717943,39.91025641025641,1888,22,28.205128205128204,FAIBLE,1,2,0,1
180295,7095,CLASSIQUE,40,50,75,10,3,7,2,0.21666666666666662,40.48,1891,25,13.333333333333334,FAIBLE,1,0,0,1
180295,7100,CLASSIQUE,40,50,73,6,4,2,1.5,0.22945205479452044,38.63013698630137,1894,27,8.219178082191782,FAIBLE,1,0,0,1
180295,7105,CLASSIQUE,40,50,72,7,5,2,1.75,0.2256944444444444,36.611111111111114,1897,29,9.722222222222221,FAIBLE,1,0,0,1
180295,7110,CLASSIQUE,40,50,69,9,7,2,2.25,0.21739130434782603,36.95652173913044,1901,31,13.043478260869565,FAIBLE,1,0,0,1
180295,7115,CLASSIQUE,40,50,66,9,7,2,2.25,0.21590909090909086,38.515151515151516,1904,31,13.636363636363637,FAIBLE,1,0,0,1
180295,7120,CLASSIQUE,40,50,65,11,8,3,2.5,0.2076923076923077,39.738461538461536,1905,28,16.923076923076923,FAIBLE,1,0,0,1
180295,7125,CLASSIQUE,40,50,66,11,8,3,2.5,0.20833333333333334,39.96969696969697,1906,26,16.666666666666668,FAIBLE,1,0,0,1
180295,7130,CLASSIQUE,40,50,68,11,8,3,2.5,0.20955882352941171,39.60294117647059,1907,24,16.176470588235293,FAIBLE,1,0,0,1
180295,7135,CLASSIQUE,40,50,69,11,8,3,2.5,0.21014492753623187,39.82608695652174,1908,25,15.942028985507246,FAIBLE,1,0,0,2
180295,7140,CLASSIQUE,40,50,70,13,10,3,3,0.20071428571428568,40.08571428571429,1908,24,18.571428571428573,FAIBLE,1,0,0,2
180295,7145,CLASSIQUE,40,50,71,20,16,4,3.75,0.1795774647887324,40.732394366197184,1908,23,28.169014084507044,FAIBLE,1,0,0,2
180295,7150,CLASSIQUE,40,50,74,21,17,4,3.75,0.17905405405405408,40.5,1908,23,28.37837837837838,FAIBLE,2,0,2,2
180295,7155,CLASSIQUE,40,50,73,27,22,5,5,0.15684931506849314,41.465753424657535,1909,24,36.986301369863014,MOYENNE,2,2,2,0
180295,7160,CLASSIQUE,40,50,73,31,25,6,5.75,0.1438356164383561,42.657534246575345,1910,25,42.465753424657535,MOYENNE,2,2,2,0
180295,7165,CLASSIQUE,40,50,72,31,26,5,5.5,0.1423611111111111,44.833333333333336,1911,26,43.05555555555556,MOYENNE,2,2,2,0
180295,7170,CLASSIQUE,40,50,71,25,23,2,4,0.16197183098591547,46.183098591549296,1913,28,35.2112676056338,MOYENNE,0,2,1,0
180295,7175,CLASSIQUE,40,50,70,14,13,1,2,0.19999999999999996,46.18571428571428,1915,30,20,FAIBLE,0,1,1,0
180295,7180,CLASSIQUE,40,50,67,6,5,1,1.25,0.2276119402985074,45.73134328358209,1919,33,8.955223880597014,FAIBLE,0,1,1,0
180295,7185,CLASSIQUE,40,50,66,5,4,1,1.25,0.23106060606060605,44.09090909090909,1922,35,7.575757575757576,FAIBLE,0,1,1,0
180295,7190,CLASSIQUE,40,50,65,7,3,4,1.75,0.22307692307692303,42.84615384615385,1924,36,10.76923076923077,FAIBLE,0,1,1,0
180295,7195,CLASSIQUE,40,50,63,7,3,4,1.75,0.22222222222222215,42.57142857142857,1927,36,11.11111111111111,FAIBLE,0,1,1,0
180295,7200,CLASSIQUE,40,50,62,7,3,4,1.75,0.22177419354838707,41.403225806451616,1931,37,11.290322580645162,FAIBLE,0,1,1,0
180295,7205,CLASSIQUE,40,50,62,7,3,4,1.75,0.2217741935483871,41.62903225806452,1932,35,11.290322580645162,FAIBLE,0,1,1,0
180295,7210,CLASSIQUE,40,50,65,7,3,4,1.75,0.22307692307692303,40.246153846153845,1932,31,10.76923076923077,FAIBLE,0,1,1,0
180295,7215,CLASSIQUE,40,50,68,7,3,4,1.75,0.22426470588235292,38.98529411764706,1932,28,10.294117647058824,FAIBLE,0,1,1,2
180295,7220,CLASSIQUE,40,50,72,9,3,6,2.25,0.2159722222222222,37.34722222222222,1932,27,12.5,FAIBLE,0,1,1,2
180295,7225,CLASSIQUE,40,50,72,11,4,7,2.75,0.21180555555555555,38.06944444444444,1932,26,15.277777777777779,FAIBLE,0,1,1,2
180295,7230,CLASSIQUE,40,50,73,12,4,8,3,0.20890410958904104,38.31506849315068,1932,25,16.438356164383563,FAIBLE,2,1,2,2
180295,7235,CLASSIQUE,40,50,75,17,6,11,4.25,0.19199999999999995,38.25333333333333,1932,24,22.666666666666668,FAIBLE,2,2,2,1
180295,7240,CLASSIQUE,40,50,76,26,12,14,5.75,0.16447368421052627,37.80263157894737,1933,25,34.21052631578947,MOYENNE,2,2,2,1
180295,7245,CLASSIQUE,40,50,76,29,14,15,6,0.15460526315789475,38.85526315789474,1934,26,38.1578947368421,MOYENNE,2,2,2,1
180295,7250,CLASSIQUE,40,50,74,24,10,14,5,0.16891891891891886,39.932432432432435,1936,28,32.432432432432435,MOYENNE,1,2,0,1
180295,7255,CLASSIQUE,40,50,73,13,6,7,2.5,0.20547945205479443,38.76712328767123,1939,30,17.80821917808219,FAIBLE,1,0,0,1
180295,7260,CLASSIQUE,40,50,71,9,4,5,2.25,0.2161971830985915,38.08450704225352,1942,32,12.67605633802817,FAIBLE,1,0,0,1
180295,7265,CLASSIQUE,40,50,69,11,6,5,2.75,0.21014492753623185,37.6231884057971,1944,33,15.942028985507246,FAIBLE,1,0,0,1
180295,7270,CLASSIQUE,40,50,68,13,6,7,3,0.20220588235294112,36.970588235294116,1946,33,19.11764705882353,FAIBLE,1,0,0,1
180295,7275,CLASSIQUE,40,50,69,13,6,7,3,0.2028985507246376,35.7536231884058,1948,33,18.840579710144926,FAIBLE,1,0,0,1
180295,7280,CLASSIQUE,40,50,68,14,6,8,3,0.19852941176470587,35.89705882352941,1949,30,20.58823529411765,FAIBLE,1,0,0,1
180295,7285,CLASSIQUE,40,50,69,15,6,9,3.25,0.19565217391304351,33.89855072463768,1952,30,21.73913043478261,FAIBLE,1,0,0,1
180295,7290,CLASSIQUE,40,50,69,15,6,9,3.25,0.1956521739130435,33.81159420289855,1954,30,21.73913043478261,FAIBLE,1,0,0,1
180295,7295,CLASSIQUE,40,50,72,16,7,9,3.5,0.19444444444444445,33.458333333333336,1954,27,22.22222222222222,FAIBLE,1,0,0,2
180295,7300,CLASSIQUE,40,50,73,21,11,10,4.75,0.1780821917808219,34.24657534246575,1954,23,28.767123287671232,FAIBLE,1,0,0,2
180295,7305,CLASSIQUE,40,50,74,22,11,11,4.75,0.17567567567567566,35.24324324324324,1954,22,29.72972972972973,FAIBLE,1,0,0,2
180295,7310,CLASSIQUE,40,50,77,23,12,11,4.75,0.17532467532467533,35.311688311688314,1954,22,29.87012987012987,FAIBLE,2,0,2,2
180295,7315,CLASSIQUE,40,50,78,24,14,10,5,0.17115384615384618,36.42307692307692,1954,22,30.76923076923077,MOYENNE,2,2,2,0
180295,7320,CLASSIQUE,40,50,77,28,18,10,5.25,0.15909090909090914,37.298701298701296,1955,23,36.36363636363637,MOYENNE,2,2,2,0
180295,7325,CLASSIQUE,40,50,78,35,22,13,6.5,0.13782051282051294,37.88461538461539,1956,24,44.87179487179487,MOYENNE,2,2,2,0
180295,7330,CLASSIQUE,40,50,78,25,19,6,4,0.16987179487179485,37.80769230769231,1958,26,32.05128205128205,MOYENNE,0,2,1,0
180295,7335,CLASSIQUE,40,50,76,13,13,0,2.25,0.2046052631578947,37.53947368421053,1960,28,17.105263157894736,FAIBLE,0,1,1,0
180295,7340,CLASSIQUE,40,50,73,6,6,0,1.5,0.22808219178082184,36.47945205479452,1963,30,8.219178082191782,FAIBLE,0,1,1,0
180295,7345,CLASSIQUE,40,50,71,6,6,0,1.5,0.2288732394366196,35.71830985915493,1966,32,8.450704225352112,FAIBLE,0,1,1,0
180295,7350,CLASSIQUE,40,50,68,7,6,1,1.75,0.22426470588235287,36.39705882352941,1970,34,10.294117647058824,FAIBLE,0,1,1,0
180295,7355,CLASSIQUE,40,50,66,8,6,2,2,0.2196969696969696,37.06060606060606,1972,33,12.121212121212121,FAIBLE,0,1,1,0
180295,7360,CLASSIQUE,40,50,68,9,6,3,2.25,0.2139705882352941,35.98529411764706,1974,32,13.235294117647058,FAIBLE,0,1,1,0
180295,7365,CLASSIQUE,40,50,69,10,6,4,2.5,0.21376811594202894,35.69565217391305,1975,31,14.492753623188406,FAIBLE,0,1,1,0
180295,7370,CLASSIQUE,40,50,68,10,6,4,2.5,0.213235294117647,36.779411764705884,1976,30,14.705882352941176,FAIBLE,0,1,1,0
180295,7375,CLASSIQUE,40,50,69,11,6,5,2.75,0.21014492753623185,37.028985507246375,1976,28,15.942028985507246,FAIBLE,0,1,1,2
180295,7380,CLASSIQUE,40,50,69,14,6,8,3.5,0.19927536231884058,37.927536231884055,1976,27,20.28985507246377,FAIBLE,0,1,1,2
180295,7385,CLASSIQUE,40,50,70,16,6,10,4,0.1928571428571428,38.51428571428571,1976,24,22.857142857142858,FAIBLE,0,1,1,2
180295,7390,CLASSIQUE,40,50,74,17,6,11,4.25,0.19256756756756757,37.54054054054054,1976,22,22.972972972972972,FAIBLE,2,1,2,2
180295,7395,CLASSIQUE,40,50,76,22,7,15,5.5,0.1776315789473684,37.828947368421055,1976,22,28.94736842105263,FAIBLE,2,2,2,1
180295,7400,CLASSIQUE,40,50,76,31,10,21,6,0.14802631578947367,38.30263157894737,1977,23,40.78947368421053,MOYENNE,2,2,2,1
180295,7405,CLASSIQUE,40,50,76,32,11,21,6,0.144078947368421,39.55263157894737,1978,24,42.10526315789474,MOYENNE,2,2,2,1
180295,7410,CLASSIQUE,40,50,75,24,4,20,4,0.16999999999999993,40.17333333333333,1980,26,32,MOYENNE,1,2,0,1
180295,7415,CLASSIQUE,40,50,74,17,3,14,2.5,0.19256756756756754,39.972972972972975,1983,29,22.972972972972972,FAIBLE,1,0,0,1
180295,7420,CLASSIQUE,40,50,73,8,2,6,1.5,0.22260273972602734,37.986301369863014,1986,31,10.95890410958904,FAIBLE,1,0,0,1
180295,7425,CLASSIQUE,40,50,71,7,2,5,1.75,0.2253521126760563,38.352112676056336,1989,33,9.859154929577464,FAIBLE,1,0,0,1
180295,7430,CLASSIQUE,40,50,69,8,2,6,1.75,0.2210144927536232,39.47826086956522,1992,34,11.594202898550725,FAIBLE,1,0,0,1
180295,7435,CLASSIQUE,40,50,69,7,2,5,1.75,0.22173913043478258,39.971014492753625,1994,34,10.144927536231885,FAIBLE,1,0,0,1
180295,7440,CLASSIQUE,40,50,69,9,3,6,2.25,0.21739130434782605,40.608695652173914,1994,31,13.043478260869565,FAIBLE,1,0,0,1
180295,7445,CLASSIQUE,40,50,70,9,3,6,2.25,0.2157142857142857,40.67142857142857,1994,28,12.857142857142858,FAIBLE,1,0,0,1
180295,7450,CLASSIQUE,40,50,72,10,4,6,2.5,0.21527777777777773,40.236111111111114,1994,24,13.88888888888889,FAIBLE,1,0,0,1
180295,7455,CLASSIQUE,40,50,73,12,5,7,2.75,0.20890410958904107,40.397260273972606,1994,22,16.438356164383563,FAIBLE,1,0,0,2
180295,7460,CLASSIQUE,40,50,76,16,8,8,3.75,0.19736842105263153,39.723684210526315,1994,20,21.05263157894737,FAIBLE,1,0,0,2
180295,7465,CLASSIQUE,40,50,77,16,8,8,3.75,0.198051948051948,40.246753246753244,1994,19,20.77922077922078,FAIBLE,1,0,0,2
180295,7470,CLASSIQUE,40,50,79,20,9,11,4.5,0.1848101265822785,40.34177215189873,1994,18,25.31645569620253,FAIBLE,2,0,2,2
180295,7475,CLASSIQUE,40,50,80,26,15,11,6,0.16875,41.325,1994,18,32.5,MOYENNE,2,2,2,0
180295,7480,CLASSIQUE,40,50,81,24,16,8,6,0.17592592592592587,41.03703703703704,1995,19,29.62962962962963,FAIBLE,2,2,2,0
180295,7485,CLASSIQUE,40,50,80,25,17,8,6,0.17187499999999992,42,1996,20,31.25,MOYENNE,2,2,2,0
180295,7490,CLASSIQUE,40,50,80,17,14,3,4,0.19687499999999997,41.075,1998,22,21.25,FAIBLE,0,2,1,0
180295,7495,CLASSIQUE,40,50,77,11,10,1,2.25,0.21428571428571427,40.05194805194805,2001,25,14.285714285714286,FAIBLE,0,1,1,0
180295,7500,CLASSIQUE,40,50,74,5,4,1,1,0.233108108108108,38.310810810810814,2005,28,6.756756756756757,FAIBLE,0,1,1,0
180295,7505,CLASSIQUE,40,50,74,5,3,2,1.25,0.23310810810810806,35.41891891891892,2009,31,6.756756756756757,FAIBLE,0,1,1,0
180295,7510,CLASSIQUE,40,50,72,7,4,3,1.75,0.22569444444444445,34.125,2013,33,9.722222222222221,FAIBLE,0,1,1,0
180295,7515,CLASSIQUE,40,50,70,9,5,4,2,0.21785714285714278,33.714285714285715,2016,33,12.857142857142858,FAIBLE,0,1,1,0
180295,7520,CLASSIQUE,40,50,69,10,6,4,2.25,0.213768115942029,32.333333333333336,2019,33,14.492753623188406,FAIBLE,0,1,1,0
180295,7525,CLASSIQUE,40,50,69,10,6,4,2.25,0.2137681159420289,32.27536231884058,2020,31,14.492753623188406,FAIBLE,0,1,1,0
180295,7530,CLASSIQUE,40,50,67,10,6,4,2.25,0.2097014925373134,33.35820895522388,2022,30,14.925373134328359,FAIBLE,0,1,1,0
180295,7535,CLASSIQUE,40,50,67,13,8,5,3,0.2014925373134328,33.8955223880597,2023,29,19.402985074626866,FAIBLE,0,1,1,2
180295,7540,CLASSIQUE,40,50,67,16,9,7,3.5,0.19029850746268656,34.6865671641791,2024,30,23.880597014925375,FAIBLE,0,1,1,2
180295,7545,CLASSIQUE,40,50,68,22,10,12,4.5,0.16911764705882354,35.61764705882353,2024,30,32.35294117647059,MOYENNE,0,1,1,2
180295,7550,CLASSIQUE,40,50,69,22,10,12,4.5,0.17028985507246377,36.69565217391305,2024,30,31.884057971014492,MOYENNE,2,1,2,2
180295,7555,CLASSIQUE,40,50,71,30,12,18,6.25,0.1443661971830986,37.436619718309856,2024,30,42.25352112676056,MOYENNE,2,2,2,1
180295,7560,CLASSIQUE,40,50,70,30,10,20,6,0.14285714285714285,39.25714285714286,2025,31,42.857142857142854,MOYENNE,2,2,2,1
180295,7565,CLASSIQUE,40,50,69,31,11,20,6.25,0.13478260869565215,41.31884057971015,2026,32,44.927536231884055,MOYENNE,2,2,2,1
180295,7570,CLASSIQUE,40,50,68,20,4,16,4,0.17647058823529407,42.30882352941177,2028,34,29.41176470588235,FAIBLE,1,2,0,1
180295,7575,CLASSIQUE,40,50,67,17,4,13,3.5,0.18656716417910443,41.46268656716418,2031,37,25.37313432835821,FAIBLE,1,0,0,1
180295,7580,CLASSIQUE,40,50,65,8,4,4,2,0.21923076923076917,39.246153846153845,2034,39,12.307692307692308,FAIBLE,1,0,0,1
180295,7585,CLASSIQUE,40,50,63,7,4,3,1.75,0.22222222222222215,37.95238095238095,2037,41,11.11111111111111,FAIBLE,1,0,0,1
180295,7590,CLASSIQUE,40,50,62,8,5,3,2,0.21774193548387089,37.064516129032256,2040,42,12.903225806451612,FAIBLE,1,0,0,1
180295,7595,CLASSIQUE,40,50,64,8,5,3,2,0.21640624999999997,36.09375,2042,41,12.5,FAIBLE,1,0,0,1
180295,7600,CLASSIQUE,40,50,65,10,6,4,2.5,0.21153846153846154,36.184615384615384,2043,38,15.384615384615385,FAIBLE,1,0,0,1
180295,7605,CLASSIQUE,40,50,66,10,6,4,2.5,0.21212121212121207,36.39393939393939,2043,34,15.151515151515152,FAIBLE,1,0,0,1
180295,7610,CLASSIQUE,40,50,67,10,6,4,2.5,0.21268656716417908,36.59701492537314,2044,31,14.925373134328359,FAIBLE,1,0,0,1
180295,7615,CLASSIQUE,40,50,67,10,6,4,2.5,0.2126865671641791,37.343283582089555,2044,28,14.925373134328359,FAIBLE,1,0,0,2
180295,7620,CLASSIQUE,40,50,68,12,8,4,3,0.20588235294117643,37.5735294117647,2044,25,17.647058823529413,FAIBLE,1,0,0,2
180295,7625,CLASSIQUE,40,50,71,14,10,4,3.5,0.19788732394366193,36.95774647887324,2044,24,19.718309859154928,FAIBLE,1,0,0,2
180295,7630,CLASSIQUE,40,50,72,17,11,6,4.25,0.19027777777777777,37.541666666666664,2044,22,23.61111111111111,FAIBLE,2,0,2,2
180295,7635,CLASSIQUE,40,50,73,24,17,7,5.75,0.16780821917808214,38.52054794520548,2044,21,32.87671232876713,MOYENNE,2,2,2,0
180295,7640,CLASSIQUE,40,50,74,24,19,5,5.25,0.1689189189189189,38.432432432432435,2045,21,32.432432432432435,MOYENNE,2,2,2,0
180295,7645,CLASSIQUE,40,50,73,29,20,9,6.25,0.14931506849315065,40.02739726027397,2046,22,39.726027397260275,MOYENNE,2,2,2,0
180295,7650,CLASSIQUE,40,50,71,24,20,4,5,0.1626760563380281,41.12676056338028,2048,24,33.80281690140845,MOYENNE,0,2,1,0
180295,7655,CLASSIQUE,40,50,70,11,8,3,2.75,0.20857142857142855,40.385714285714286,2051,27,15.714285714285714,FAIBLE,0,1,1,0
180295,7660,CLASSIQUE,40,50,67,8,4,4,2,0.22014925373134323,39.32835820895522,2055,30,11.940298507462687,FAIBLE,0,1,1,0
180295,7665,CLASSIQUE,40,50,68,8,4,4,2,0.22058823529411764,36.9264705882353,2057,31,11.764705882352942,FAIBLE,0,1,1,0
180295,7670,CLASSIQUE,40,50,68,10,5,5,2.5,0.21323529411764702,35.63235294117647,2059,31,14.705882352941176,FAIBLE,0,1,1,0
180295,7675,CLASSIQUE,40,50,65,12,5,7,3,0.2023076923076923,36.63076923076923,2062,31,18.46153846153846,FAIBLE,0,1,1,0
180295,7680,CLASSIQUE,40,50,65,13,6,7,3.25,0.19999999999999996,36.6,2064,30,20,FAIBLE,0,1,1,0
180295,7685,CLASSIQUE,40,50,65,14,7,7,3.5,0.19615384615384615,37.323076923076925,2065,28,21.53846153846154,FAIBLE,0,1,1,0
180295,7690,CLASSIQUE,40,50,69,14,7,7,3.5,0.19927536231884055,36.17391304347826,2065,25,20.28985507246377,FAIBLE,0,1,1,0
180295,7695,CLASSIQUE,40,50,69,14,7,7,3.5,0.19927536231884058,37.18840579710145,2065,23,20.28985507246377,FAIBLE,0,1,1,2
180295,7700,CLASSIQUE,40,50,70,18,8,10,4.25,0.18571428571428567,37.72857142857143,2065,22,25.714285714285715,FAIBLE,0,1,1,2
180295,7705,CLASSIQUE,40,50,71,20,8,12,4.75,0.17957746478873238,38.563380281690144,2065,22,28.169014084507044,FAIBLE,0,1,1,2
180295,7710,CLASSIQUE,40,50,71,23,10,13,5.25,0.16901408450704222,40.070422535211264,2065,21,32.394366197183096,MOYENNE,2,1,2,2
180295,7715,CLASSIQUE,40,50,73,27,11,16,6.25,0.15753424657534243,40.6986301369863,2065,21,36.986301369863014,MOYENNE,2,2,2,1
180295,7720,CLASSIQUE,40,50,73,30,13,17,6.75,0.14452054794520544,41.273972602739725,2066,22,41.0958904109589,MOYENNE,2,2,2,1
180295,7725,CLASSIQUE,40,50,76,33,15,18,7,0.14144736842105274,40.93421052631579,2067,23,43.421052631578945,MOYENNE,2,2,2,1
180295,7730,CLASSIQUE,40,50,76,23,8,15,4.75,0.17434210526315788,41.80263157894737,2069,25,30.263157894736842,MOYENNE,1,2,0,1
180295,7735,CLASSIQUE,40,50,74,15,6,9,3.5,0.1993243243243243,41.554054054054056,2071,27,20.27027027027027,FAIBLE,1,0,0,1
180295,7740,CLASSIQUE,40,50,72,7,6,1,1.75,0.22569444444444434,40.263888888888886,2075,30,9.722222222222221,FAIBLE,1,0,0,1
180295,7745,CLASSIQUE,40,50,70,7,6,1,1.75,0.225,39.17142857142857,2078,32,10,FAIBLE,1,0,0,1
180295,7750,CLASSIQUE,40,50,67,7,6,1,1.75,0.22388059701492535,39.16417910447761,2081,33,10.447761194029852,FAIBLE,1,0,0,1
180295,7755,CLASSIQUE,40,50,64,8,6,2,2,0.21874999999999992,38.828125,2085,34,12.5,FAIBLE,1,0,0,1
180295,7760,CLASSIQUE,40,50,64,8,6,2,2,0.21874999999999997,39.453125,2085,30,12.5,FAIBLE,1,0,0,1
180295,7765,CLASSIQUE,40,50,64,9,6,3,2.25,0.21484375,40.109375,2086,29,14.0625,FAIBLE,1,0,0,1
180295,7770,CLASSIQUE,40,50,65,11,7,4,2.75,0.20769230769230768,40.23076923076923,2086,27,16.923076923076923,FAIBLE,1,0,0,1
180295,7775,CLASSIQUE,40,50,64,11,7,4,2.75,0.20703125,41.71875,2087,25,17.1875,FAIBLE,1,0,0,2
180295,7780,CLASSIQUE,40,50,66,14,10,4,3.5,0.19696969696969696,41.378787878787875,2087,23,21.21212121212121,FAIBLE,1,0,0,2
180295,7785,CLASSIQUE,40,50,69,17,13,4,4,0.18840579710144928,40.73913043478261,2087,22,24.63768115942029,FAIBLE,1,0,0,2
180295,7790,CLASSIQUE,40,50,70,19,14,5,4.25,0.18214285714285708,41.42857142857143,2087,22,27.142857142857142,FAIBLE,2,0,2,2
180295,7795,CLASSIQUE,40,50,71,26,20,6,5.75,0.15845070422535207,42.38028169014085,2087,22,36.61971830985915,MOYENNE,2,2,2,0
180295,7800,CLASSIQUE,40,50,71,30,22,8,6.25,0.14436619718309854,43.08450704225352,2088,23,42.25352112676056,MOYENNE,2,2,2,0
180295,7805,CLASSIQUE,40,50,72,34,22,12,6.75,0.13194444444444445,43.55555555555556,2089,24,47.22222222222222,MOYENNE,2,2,2,0
180295,7810,CLASSIQUE,40,50,73,26,21,5,4.75,0.16095890410958896,42.726027397260275,2091,26,35.61643835616438,MOYENNE,0,2,1,0
180295,7815,CLASSIQUE,40,50,71,11,9,2,1.5,0.21126760563380276,42.04225352112676,2094,29,15.492957746478874,FAIBLE,0,1,1,0
180295,7820,CLASSIQUE,40,50,70,6,4,2,1.5,0.2285714285714285,39.17142857142857,2097,31,8.571428571428571,FAIBLE,0,1,1,0
180295,7825,CLASSIQUE,40,50,69,5,3,2,1.25,0.23188405797101447,37.95652173913044,2100,33,7.246376811594203,FAIBLE,0,1,1,0
180295,7830,CLASSIQUE,40,50,67,6,4,2,1.5,0.22462686567164175,37.83582089552239,2103,34,8.955223880597014,FAIBLE,0,1,1,0
180295,7835,CLASSIQUE,40,50,67,8,4,4,2,0.22014925373134325,38.298507462686565,2104,33,11.940298507462687,FAIBLE,0,1,1,0
180295,7840,CLASSIQUE,40,50,67,9,4,5,2.25,0.21492537313432833,38.92537313432836,2105,30,13.432835820895523,FAIBLE,0,1,1,0
180295,7845,CLASSIQUE,40,50,69,11,6,5,2.75,0.21014492753623187,38.53623188405797,2105,27,15.942028985507246,FAIBLE,0,1,1,0
180295,7850,CLASSIQUE,40,50,69,11,6,5,2.75,0.21014492753623187,39.333333333333336,2105,24,15.942028985507246,FAIBLE,0,1,1,0
180295,7855,CLASSIQUE,40,50,72,12,7,5,3,0.2083333333333333,38.47222222222222,2105,20,16.666666666666668,FAIBLE,0,1,1,2
180295,7860,CLASSIQUE,40,50,73,12,7,5,3,0.20753424657534245,38.76712328767123,2105,20,16.438356164383563,FAIBLE,0,1,1,2
180295,7865,CLASSIQUE,40,50,74,13,8,5,3.25,0.20608108108108106,39.12162162162162,2105,19,17.56756756756757,FAIBLE,0,1,1,2
180295,7870,CLASSIQUE,40,50,76,15,8,7,3.75,0.20065789473684206,39,2105,19,19.736842105263158,FAIBLE,2,1,2,2
180295,7875,CLASSIQUE,40,50,79,23,12,11,5.5,0.17721518987341767,38.74683544303797,2105,18,29.11392405063291,FAIBLE,2,2,2,1
180295,7880,CLASSIQUE,40,50,79,24,12,12,5.25,0.17151898734177212,39.11392405063291,2106,19,30.379746835443036,MOYENNE,2,2,2,1
180295,7885,CLASSIQUE,40,50,79,25,12,13,5.5,0.17088607594936706,39.75949367088607,2107,20,31.645569620253166,MOYENNE,2,2,2,1
180295,7890,CLASSIQUE,40,50,78,20,6,14,4.25,0.18589743589743582,39.64102564102564,2109,22,25.641025641025642,FAIBLE,1,2,0,1
180295,7895,CLASSIQUE,40,50,75,11,2,9,2.5,0.2106666666666666,38.626666666666665,2112,25,14.666666666666666,FAIBLE,1,0,0,1
180295,7900,CLASSIQUE,40,50,70,7,3,4,1.75,0.22499999999999995,37.32857142857143,2117,29,10,FAIBLE,1,0,0,1
180295,7905,CLASSIQUE,40,50,68,10,4,6,2.5,0.21323529411764697,36.044117647058826,2120,31,14.705882352941176,FAIBLE,1,0,0,1
180295,7910,CLASSIQUE,40,50,66,10,4,6,2.5,0.21060606060606057,35.63636363636363,2123,32,15.151515151515152,FAIBLE,1,0,0,1
180295,7915,CLASSIQUE,40,50,64,11,4,7,2.75,0.20703124999999994,35.65625,2126,32,17.1875,FAIBLE,1,0,0,1
180295,7920,CLASSIQUE,40,50,64,13,6,7,3.25,0.196875,35.9375,2128,31,20.3125,FAIBLE,1,0,0,1
180295,7925,CLASSIQUE,40,50,60,14,7,7,3.5,0.19166666666666668,38.75,2132,32,23.333333333333332,FAIBLE,1,0,0,1
180295,7930,CLASSIQUE,40,50,60,14,7,7,3.5,0.19166666666666668,39.916666666666664,2133,30,23.333333333333332,FAIBLE,1,0,0,1
180295,7935,CLASSIQUE,40,50,62,14,7,7,3.5,0.19354838709677413,39.75806451612903,2133,29,22.580645161290324,FAIBLE,1,0,0,2
180295,7940,CLASSIQUE,40,50,63,16,9,7,4,0.18650793650793646,40.285714285714285,2133,28,25.396825396825395,FAIBLE,1,0,0,2
180295,7945,CLASSIQUE,40,50,65,19,12,7,4.5,0.17692307692307693,40.43076923076923,2133,28,29.23076923076923,FAIBLE,1,0,0,2
180295,7950,CLASSIQUE,40,50,66,19,12,7,4.5,0.178030303030303,41.25757575757576,2133,28,28.78787878787879,FAIBLE,2,0,2,2
180295,7955,CLASSIQUE,40,50,67,24,18,6,5.25,0.16044776119402987,42.26865671641791,2133,28,35.82089552238806,MOYENNE,2,2,2,0
180295,7960,CLASSIQUE,40,50,68,26,19,7,5.5,0.15294117647058825,42.13235294117647,2134,29,38.23529411764706,MOYENNE,2,2,2,0
180295,7965,CLASSIQUE,40,50,68,28,19,9,6,0.14705882352941177,42.73529411764706,2135,30,41.1764705882353,MOYENNE,2,2,2,0
180295,7970,CLASSIQUE,40,50,67,18,16,2,3.5,0.1828358208955224,42.25373134328358,2137,32,26.865671641791046,FAIBLE,0,2,1,0
180295,7975,CLASSIQUE,40,50,67,8,6,2,1.75,0.2201492537313432,41.59701492537314,2138,33,11.940298507462687,FAIBLE,0,1,1,0
180295,7980,CLASSIQUE,40,50,65,6,3,3,1.5,0.22692307692307687,39.8,2141,35,9.23076923076923,FAIBLE,0,1,1,0
180295,7985,CLASSIQUE,40,50,63,4,1,3,1,0.23412698412698407,39.19047619047619,2144,37,6.349206349206349,FAIBLE,0,1,1,0
180295,7990,CLASSIQUE,40,50,64,5,1,4,1.25,0.22734374999999996,37.359375,2146,37,7.8125,FAIBLE,0,1,1,0
180295,7995,CLASSIQUE,40,50,64,6,2,4,1.5,0.22656249999999994,36.8125,2147,35,9.375,FAIBLE,0,1,1,0
180295,8000,CLASSIQUE,40,50,63,6,2,4,1.5,0.22301587301587303,37.46031746031746,2149,32,9.523809523809524,FAIBLE,0,1,1,0
180295,8005,CLASSIQUE,40,50,63,7,2,5,1.75,0.2222222222222222,38.01587301587302,2151,31,11.11111111111111,FAIBLE,0,1,1,0
180295,8010,CLASSIQUE,40,50,64,8,3,5,2,0.21874999999999997,37.984375,2152,29,12.5,FAIBLE,0,1,1,0
180295,8015,CLASSIQUE,40,50,64,8,3,5,2,0.21875,38.609375,2152,26,12.5,FAIBLE,0,1,1,2
180295,8020,CLASSIQUE,40,50,64,12,4,8,3,0.20312499999999997,39.375,2152,24,18.75,FAIBLE,0,1,1,2
180295,8025,CLASSIQUE,40,50,65,14,4,10,3.5,0.19615384615384612,39.83076923076923,2152,20,21.53846153846154,FAIBLE,0,1,1,2
180295,8030,CLASSIQUE,40,50,66,16,4,12,3.75,0.18939393939393934,40.39393939393939,2152,19,24.242424242424242,FAIBLE,2,1,2,2
180295,8035,CLASSIQUE,40,50,67,22,5,17,5.25,0.16791044776119396,41.25373134328358,2152,19,32.83582089552239,MOYENNE,2,2,2,1
180295,8040,CLASSIQUE,40,50,67,27,10,17,5.75,0.14999999999999997,41.53731343283582,2153,20,40.298507462686565,MOYENNE,2,2,2,1
180295,8045,CLASSIQUE,40,50,68,30,12,18,6,0.13970588235294118,42.19117647058823,2154,21,44.11764705882353,MOYENNE,2,2,2,1
180295,8050,CLASSIQUE,40,50,68,26,7,19,5.25,0.15294117647058822,42.588235294117645,2156,23,38.23529411764706,MOYENNE,1,2,0,1
180295,8055,CLASSIQUE,40,50,67,12,3,9,2.25,0.20522388059701493,42.059701492537314,2158,25,17.91044776119403,FAIBLE,1,0,0,1
180295,8060,CLASSIQUE,40,50,64,5,3,2,1.25,0.23046874999999997,40.453125,2161,27,7.8125,FAIBLE,1,0,0,1
180295,8065,CLASSIQUE,40,50,64,7,5,2,1.5,0.22265624999999994,38.234375,2164,29,10.9375,FAIBLE,1,0,0,1
180295,8070,CLASSIQUE,40,50,64,6,4,2,1.5,0.22656249999999994,36.671875,2167,30,9.375,FAIBLE,1,0,0,1
180295,8075,CLASSIQUE,40,50,62,6,4,2,1.5,0.22580645161290316,36.564516129032256,2170,32,9.67741935483871,FAIBLE,1,0,0,1
180295,8080,CLASSIQUE,40,50,62,6,4,2,1.5,0.22338709677419352,36.645161290322584,2171,30,9.67741935483871,FAIBLE,1,0,0,1
180295,8085,CLASSIQUE,40,50,63,8,5,3,2,0.21825396825396823,36.698412698412696,2173,29,12.698412698412698,FAIBLE,1,0,0,1
180295,8090,CLASSIQUE,40,50,64,8,5,3,2,0.21875,36.75,2173,27,12.5,FAIBLE,1,0,0,1
180295,8095,CLASSIQUE,40,50,67,8,5,3,2,0.22014925373134325,35.701492537313435,2173,26,11.940298507462687,FAIBLE,1,0,0,2
180295,8100,CLASSIQUE,40,50,68,12,9,3,3,0.2058823529411764,35.85294117647059,2173,24,17.647058823529413,FAIBLE,1,0,0,2
180295,8105,CLASSIQUE,40,50,68,14,10,4,3.5,0.19779411764705881,36.8235294117647,2173,22,20.58823529411765,FAIBLE,1,0,0,2
180295,8110,CLASSIQUE,40,50,69,16,11,5,3.75,0.19202898550724637,37.43478260869565,2173,21,23.18840579710145,FAIBLE,2,0,2,2
180295,8115,CLASSIQUE,40,50,70,21,16,5,4.75,0.17499999999999996,38.27142857142857,2173,21,30,MOYENNE,2,2,2,0
180295,8120,CLASSIQUE,40,50,72,23,17,6,4.75,0.1701388888888889,37.27777777777778,2174,22,31.944444444444443,MOYENNE,2,2,2,0
180295,8125,CLASSIQUE,40,50,73,25,18,7,5.5,0.16164383561643836,37.465753424657535,2175,23,34.24657534246575,MOYENNE,2,2,2,0
180295,8130,CLASSIQUE,40,50,72,19,15,4,4,0.18194444444444444,37.375,2177,25,26.38888888888889,FAIBLE,0,2,1,0
180295,8135,CLASSIQUE,40,50,70,17,13,4,3.25,0.18928571428571433,36.81428571428572,2179,27,24.285714285714285,FAIBLE,0,1,1,0
180295,8140,CLASSIQUE,40,50,68,10,6,4,2,0.21323529411764708,34.55882352941177,2182,29,14.705882352941176,FAIBLE,0,1,1,0
180295,8145,CLASSIQUE,40,50,66,9,5,4,2,0.21287878787878783,32.27272727272727,2185,31,13.636363636363637,FAIBLE,0,1,1,0
180295,8150,CLASSIQUE,40,50,63,10,5,5,2.5,0.21031746031746024,31.19047619047619,2188,32,15.873015873015873,FAIBLE,0,1,1,0
180295,8155,CLASSIQUE,40,50,61,10,5,5,2.5,0.20901639344262285,31.901639344262296,2191,33,16.39344262295082,FAIBLE,0,1,1,0
180295,8160,CLASSIQUE,40,50,60,11,5,6,2.75,0.20249999999999999,32.9,2193,32,18.333333333333332,FAIBLE,0,1,1,0
180295,8165,CLASSIQUE,40,50,61,14,7,7,3.25,0.19262295081967204,33.21311475409836,2194,30,22.950819672131146,FAIBLE,0,1,1,0
180295,8170,CLASSIQUE,40,50,62,14,7,7,3.25,0.1935483870967742,33.725806451612904,2195,28,22.580645161290324,FAIBLE,0,1,1,0
180295,8175,CLASSIQUE,40,50,65,14,7,7,3.25,0.1961538461538461,33.246153846153845,2195,25,21.53846153846154,FAIBLE,0,1,1,2
180295,8180,CLASSIQUE,40,50,66,16,7,9,3.75,0.18939393939393936,33.84848484848485,2195,24,24.242424242424242,FAIBLE,0,1,1,2
180295,8185,CLASSIQUE,40,50,68,18,7,11,4.25,0.1838235294117647,34.161764705882355,2195,22,26.470588235294116,FAIBLE,0,1,1,2
180295,8190,CLASSIQUE,40,50,68,18,7,11,4.25,0.1838235294117647,35.48529411764706,2195,22,26.470588235294116,FAIBLE,2,1,2,2
180295,8195,CLASSIQUE,40,50,69,22,8,14,4.75,0.17028985507246377,36.44927536231884,2195,22,31.884057971014492,MOYENNE,2,2,2,1
180295,8200,CLASSIQUE,40,50,69,21,7,14,4.75,0.17391304347826086,36.6231884057971,2196,23,30.434782608695652,MOYENNE,2,2,2,1
180295,8205,CLASSIQUE,40,50,69,22,6,16,5,0.16739130434782604,36.89855072463768,2197,24,31.884057971014492,MOYENNE,2,2,2,1
180295,8210,CLASSIQUE,40,50,69,17,2,15,3.5,0.1847826086956522,36.21739130434783,2199,26,24.63768115942029,FAIBLE,1,2,0,1
180295,8215,CLASSIQUE,40,50,69,10,1,9,2.25,0.2123188405797101,34.84057971014493,2202,29,14.492753623188406,FAIBLE,1,0,0,1
180295,8220,CLASSIQUE,40,50,65,6,1,5,1.5,0.22692307692307687,34.58461538461538,2207,33,9.23076923076923,FAIBLE,1,0,0,1
180295,8225,CLASSIQUE,40,50,64,6,1,5,1.25,0.22656249999999994,33.703125,2210,35,9.375,FAIBLE,1,0,0,1
180295,8230,CLASSIQUE,40,50,65,6,2,4,1.5,0.22692307692307687,32.753846153846155,2211,34,9.23076923076923,FAIBLE,1,0,0,1
180295,8235,CLASSIQUE,40,50,66,6,2,4,1.5,0.2272727272727272,32.71212121212121,2211,32,9.090909090909092,FAIBLE,1,0,0,1
180295,8240,CLASSIQUE,40,50,65,8,3,5,2,0.21923076923076923,33.784615384615385,2213,31,12.307692307692308,FAIBLE,1,0,0,1
180295,8245,CLASSIQUE,40,50,65,9,3,6,2,0.21538461538461534,34.46153846153846,2213,28,13.846153846153847,FAIBLE,1,0,0,1
180295,8250,CLASSIQUE,40,50,66,9,3,6,2,0.21590909090909088,34.621212121212125,2214,26,13.636363636363637,FAIBLE,1,0,0,1
180295,8255,CLASSIQUE,40,50,67,11,4,7,2.25,0.20895522388059706,34.82089552238806,2214,23,16.417910447761194,FAIBLE,1,0,0,2
180295,8260,CLASSIQUE,40,50,70,14,7,7,3,0.20000000000000004,34.17142857142857,2214,21,20,FAIBLE,1,0,0,2
180295,8265,CLASSIQUE,40,50,72,19,11,8,3.5,0.18125000000000002,34.416666666666664,2214,20,26.38888888888889,FAIBLE,1,0,0,2
180295,8270,CLASSIQUE,40,50,73,23,13,10,4,0.17123287671232876,35.45205479452055,2214,19,31.506849315068493,MOYENNE,2,0,2,2
180295,8275,CLASSIQUE,40,50,75,25,16,9,4.5,0.16666666666666666,36.17333333333333,2214,19,33.333333333333336,MOYENNE,2,2,2,0
180295,8280,CLASSIQUE,40,50,76,29,18,11,5.5,0.15197368421052632,36.19736842105263,2215,20,38.1578947368421,MOYENNE,2,2,2,0
180295,8285,CLASSIQUE,40,50,76,32,19,13,6.25,0.14473684210526316,37.078947368421055,2216,21,42.10526315789474,MOYENNE,2,2,2,0
180295,8290,CLASSIQUE,40,50,75,23,17,6,4.25,0.17333333333333334,37.56,2218,23,30.666666666666668,MOYENNE,0,2,1,0
180295,8295,CLASSIQUE,40,50,74,11,9,2,1.75,0.2128378378378378,35.87837837837838,2221,26,14.864864864864865,FAIBLE,0,1,1,0
180295,8300,CLASSIQUE,40,50,70,7,6,1,1.5,0.22499999999999995,35.74285714285714,2225,29,10,FAIBLE,0,1,1,0
180295,8305,CLASSIQUE,40,50,70,6,5,1,1.5,0.22642857142857134,34.57142857142857,2228,31,8.571428571428571,FAIBLE,0,1,1,0
180295,8310,CLASSIQUE,40,50,68,8,6,2,2,0.22058823529411759,35.10294117647059,2230,31,11.764705882352942,FAIBLE,0,1,1,0
180295,8315,CLASSIQUE,40,50,68,8,6,2,2,0.2205882352941176,35.30882352941177,2232,30,11.764705882352942,FAIBLE,0,1,1,0
180295,8320,CLASSIQUE,40,50,68,9,6,3,2.25,0.21691176470588233,35.955882352941174,2233,26,13.235294117647058,FAIBLE,0,1,1,0
180295,8325,CLASSIQUE,40,50,69,10,7,3,2.5,0.21376811594202894,36.130434782608695,2234,24,14.492753623188406,FAIBLE,0,1,1,0
180295,8330,CLASSIQUE,40,50,69,11,8,3,2.5,0.21014492753623187,36.869565217391305,2235,24,15.942028985507246,FAIBLE,0,1,1,0
180295,8335,CLASSIQUE,40,50,70,12,8,4,2.75,0.20714285714285716,37.142857142857146,2235,24,17.142857142857142,FAIBLE,0,1,1,2
180295,8340,CLASSIQUE,40,50,70,14,8,6,3.25,0.2,38.042857142857144,2235,22,20,FAIBLE,0,1,1,2
180295,8345,CLASSIQUE,40,50,72,14,8,6,3.25,0.20138888888888884,37.958333333333336,2235,22,19.444444444444443,FAIBLE,0,1,1,2
180295,8350,CLASSIQUE,40,50,72,16,8,8,3.75,0.1944444444444444,39,2235,21,22.22222222222222,FAIBLE,2,1,2,2
180295,8355,CLASSIQUE,40,50,73,24,10,14,5.5,0.1678082191780822,39.80821917808219,2235,21,32.87671232876713,MOYENNE,2,2,2,1
180295,8360,CLASSIQUE,40,50,72,29,9,20,6,0.1493055555555555,40.861111111111114,2236,22,40.27777777777778,MOYENNE,2,2,2,1
180295,8365,CLASSIQUE,40,50,71,30,9,21,6,0.14436619718309857,42.352112676056336,2237,23,42.25352112676056,MOYENNE,2,2,2,1
180295,8370,CLASSIQUE,40,50,70,23,2,21,4,0.16642857142857137,42.27142857142857,2239,25,32.857142857142854,MOYENNE,1,2,0,1
180295,8375,CLASSIQUE,40,50,71,15,2,13,2.25,0.19718309859154923,39.63380281690141,2242,28,21.12676056338028,FAIBLE,1,0,0,1
180295,8380,CLASSIQUE,40,50,67,6,2,4,1,0.22761194029850743,38.16417910447761,2247,32,8.955223880597014,FAIBLE,1,0,0,1
180295,8385,CLASSIQUE,40,50,65,7,2,5,1.5,0.22307692307692303,37.46153846153846,2251,35,10.76923076923077,FAIBLE,1,0,0,1
180295,8390,CLASSIQUE,40,50,64,7,3,4,1.25,0.22265624999999997,36.9375,2252,34,10.9375,FAIBLE,1,0,0,1
180295,8395,CLASSIQUE,40,50,63,6,3,3,1.25,0.22619047619047614,36.84126984126984,2253,32,9.523809523809524,FAIBLE,1,0,0,1
180295,8400,CLASSIQUE,40,50,61,6,4,2,1.5,0.22540983606557372,37.32786885245902,2255,30,9.836065573770492,FAIBLE,1,0,0,1
180295,8405,CLASSIQUE,40,50,62,6,4,2,1.5,0.22580645161290322,36,2257,29,9.67741935483871,FAIBLE,1,0,0,1
180295,8410,CLASSIQUE,40,50,61,6,4,2,1.5,0.22540983606557377,37.08196721311475,2258,28,9.836065573770492,FAIBLE,1,0,0,1
180295,8415,CLASSIQUE,40,50,62,7,5,2,1.75,0.22177419354838707,36.983870967741936,2258,26,11.290322580645162,FAIBLE,1,0,0,2
180295,8420,CLASSIQUE,40,50,64,9,7,2,2.25,0.21484374999999994,36.421875,2258,25,14.0625,FAIBLE,1,0,0,2
180295,8425,CLASSIQUE,40,50,65,16,11,5,3.5,0.1884615384615384,36.87692307692308,2258,24,24.615384615384617,FAIBLE,1,0,0,2
180295,8430,CLASSIQUE,40,50,67,19,14,5,4.25,0.1791044776119403,37.059701492537314,2258,23,28.35820895522388,FAIBLE,2,0,2,2
180295,8435,CLASSIQUE,40,50,67,21,16,5,4.75,0.171641791044776,38.62686567164179,2258,23,31.34328358208955,MOYENNE,2,2,2,0
180295,8440,CLASSIQUE,40,50,67,20,16,4,4.5,0.17537313432835813,39.76119402985075,2259,24,29.850746268656717,FAIBLE,2,2,2,0
180295,8445,CLASSIQUE,40,50,69,24,17,7,5.5,0.16304347826086954,40.08695652173913,2260,25,34.78260869565217,MOYENNE,2,2,2,0
180295,8450,CLASSIQUE,40,50,69,18,16,2,4,0.1847826086956521,40.01449275362319,2262,27,26.08695652173913,FAIBLE,0,2,1,0
180295,8455,CLASSIQUE,40,50,69,10,9,1,2,0.213768115942029,38.768115942028984,2264,29,14.492753623188406,FAIBLE,0,1,1,0
180295,8460,CLASSIQUE,40,50,67,6,5,1,1.25,0.2276119402985074,36.940298507462686,2267,31,8.955223880597014,FAIBLE,0,1,1,0
180295,8465,CLASSIQUE,40,50,65,5,4,1,1.25,0.23076923076923073,35.815384615384616,2270,33,7.6923076923076925,FAIBLE,0,1,1,0
180295,8470,CLASSIQUE,40,50,62,5,4,1,1.25,0.2298387096774193,36.08064516129032,2273,34,8.064516129032258,FAIBLE,0,1,1,0
180295,8475,CLASSIQUE,40,50,61,6,4,2,1.5,0.22540983606557377,35.49180327868852,2275,33,9.836065573770492,FAIBLE,0,1,1,0
180295,8480,CLASSIQUE,40,50,61,6,4,2,1.5,0.22540983606557374,33.77049180327869,2278,31,9.836065573770492,FAIBLE,0,1,1,0
180295,8485,CLASSIQUE,40,50,60,7,4,3,1.75,0.21916666666666665,34,2279,28,11.666666666666666,FAIBLE,0,1,1,0
180295,8490,CLASSIQUE,40,50,60,8,5,3,2,0.21666666666666662,33.833333333333336,2280,28,13.333333333333334,FAIBLE,0,1,1,0
180295,8495,CLASSIQUE,40,50,59,10,6,4,2.5,0.20762711864406774,34.898305084745765,2281,28,16.949152542372882,FAIBLE,0,1,1,2
180295,8500,CLASSIQUE,40,50,61,14,6,8,3.5,0.19262295081967207,34.52459016393443,2282,27,22.950819672131146,FAIBLE,0,1,1,2
180295,8505,CLASSIQUE,40,50,64,16,6,10,4,0.1875,34.140625,2282,25,25,FAIBLE,0,1,1,2
180295,8510,CLASSIQUE,40,50,64,18,6,12,4.5,0.17968749999999994,35.453125,2282,24,28.125,FAIBLE,2,1,2,2
180295,8515,CLASSIQUE,40,50,65,20,6,14,5,0.17307692307692302,36.43076923076923,2282,24,30.76923076923077,MOYENNE,2,2,2,1
180295,8520,CLASSIQUE,40,50,66,22,6,16,5.25,0.1666666666666666,36.166666666666664,2283,25,33.333333333333336,MOYENNE,2,2,2,1
180295,8525,CLASSIQUE,40,50,67,22,6,16,5.25,0.167910447761194,36.343283582089555,2284,26,32.83582089552239,MOYENNE,2,2,2,1
180295,8530,CLASSIQUE,40,50,65,14,0,14,3.25,0.19307692307692298,37.52307692307692,2286,28,21.53846153846154,FAIBLE,1,2,0,1
180295,8535,CLASSIQUE,40,50,62,10,2,8,2.5,0.2096774193548387,37.403225806451616,2289,31,16.129032258064516,FAIBLE,1,0,0,1
180295,8540,CLASSIQUE,40,50,61,8,2,6,2,0.2172131147540983,34.557377049180324,2293,34,13.114754098360656,FAIBLE,1,0,0,1
180295,8545,CLASSIQUE,40,50,59,8,2,6,2,0.21355932203389827,32.932203389830505,2296,36,13.559322033898304,FAIBLE,1,0,0,1
180295,8550,CLASSIQUE,40,50,59,10,2,8,2.5,0.20762711864406777,32.08474576271186,2298,36,16.949152542372882,FAIBLE,1,0,0,1
180295,8555,CLASSIQUE,40,50,59,11,3,8,2.75,0.20338983050847453,31.610169491525422,2300,36,18.64406779661017,FAIBLE,1,0,0,1
180295,8560,CLASSIQUE,40,50,59,11,3,8,2.75,0.20338983050847453,31.440677966101696,2301,34,18.64406779661017,FAIBLE,1,0,0,1
180295,8565,CLASSIQUE,40,50,58,14,5,9,3.25,0.18965517241379307,32.327586206896555,2302,32,24.137931034482758,FAIBLE,1,0,0,1
180295,8570,CLASSIQUE,40,50,59,15,6,9,3.5,0.18644067796610164,33.03389830508475,2303,30,25.423728813559322,FAIBLE,1,0,0,1
180295,8575,CLASSIQUE,40,50,61,16,6,10,3.5,0.18442622950819676,33.24590163934426,2303,28,26.229508196721312,FAIBLE,1,0,0,2
180295,8580,CLASSIQUE,40,50,61,18,8,10,4,0.1762295081967213,34.60655737704918,2303,25,29.508196721311474,FAIBLE,1,0,0,2
180295,8585,CLASSIQUE,40,50,62,22,10,12,4.5,0.1612903225806452,35.74193548387097,2303,24,35.483870967741936,MOYENNE,1,0,0,2
180295,8590,CLASSIQUE,40,50,63,22,10,12,4.5,0.1626984126984127,36.92063492063492,2303,23,34.92063492063492,MOYENNE,2,0,2,2
180295,8595,CLASSIQUE,40,50,64,22,15,7,4.75,0.16406249999999997,38.171875,2303,22,34.375,MOYENNE,2,2,2,0
180295,8600,CLASSIQUE,40,50,65,28,18,10,5.75,0.1423076923076923,38.723076923076924,2304,22,43.07692307692308,MOYENNE,2,2,2,0
180295,8605,CLASSIQUE,40,50,66,27,18,9,5.75,0.1477272727272727,39.84848484848485,2305,23,40.90909090909091,MOYENNE,2,2,2,0
180295,8610,CLASSIQUE,40,50,64,15,13,2,3.25,0.1914062499999999,41.1875,2307,25,23.4375,FAIBLE,0,2,1,0
180295,8615,CLASSIQUE,40,50,62,11,10,1,2,0.20564516129032248,40.41935483870968,2309,27,17.741935483870968,FAIBLE,0,1,1,0
180295,8620,CLASSIQUE,40,50,59,6,5,1,1.25,0.22457627118644058,38.983050847457626,2312,29,10.169491525423728,FAIBLE,0,1,1,0
180295,8625,CLASSIQUE,40,50,56,5,4,1,1.25,0.2276785714285714,39.714285714285715,2315,31,8.928571428571429,FAIBLE,0,1,1,0
180295,8630,CLASSIQUE,40,50,56,6,5,1,1.5,0.22321428571428564,39.375,2317,31,10.714285714285714,FAIBLE,0,1,1,0
180295,8635,CLASSIQUE,40,50,55,7,6,1,1.75,0.21818181818181812,40.4,2318,29,12.727272727272727,FAIBLE,0,1,1,0
180295,8640,CLASSIQUE,40,50,56,7,6,1,1.75,0.21874999999999994,40.30357142857143,2319,26,12.5,FAIBLE,0,1,1,0
180295,8645,CLASSIQUE,40,50,57,8,7,1,2,0.21491228070175433,40.228070175438596,2319,23,14.035087719298245,FAIBLE,0,1,1,0
180295,8650,CLASSIQUE,40,50,56,8,7,1,2,0.21428571428571422,41.660714285714285,2320,22,14.285714285714286,FAIBLE,0,1,1,0
180295,8655,CLASSIQUE,40,50,57,8,7,1,2,0.21491228070175436,41.63157894736842,2320,20,14.035087719298245,FAIBLE,0,1,1,2
180295,8660,CLASSIQUE,40,50,58,10,7,3,2.5,0.20689655172413793,41.6551724137931,2320,19,17.24137931034483,FAIBLE,0,1,1,2
180295,8665,CLASSIQUE,40,50,59,15,7,8,3,0.1864406779661017,42.05084745762712,2320,18,25.423728813559322,FAIBLE,0,1,1,2
180295,8670,CLASSIQUE,40,50,61,18,7,11,3.5,0.1762295081967213,42.01639344262295,2320,17,29.508196721311474,FAIBLE,2,1,2,2
180295,8675,CLASSIQUE,40,50,62,23,8,15,4.25,0.157258064516129,43.04838709677419,2320,17,37.096774193548384,MOYENNE,2,2,2,1
180295,8680,CLASSIQUE,40,50,61,25,9,16,4.5,0.14754098360655735,44.81967213114754,2321,18,40.98360655737705,MOYENNE,2,2,2,1
180295,8685,CLASSIQUE,40,50,61,25,8,17,4.5,0.14754098360655735,46.50819672131148,2322,19,40.98360655737705,MOYENNE,2,2,2,1
180295,8690,CLASSIQUE,40,50,59,20,3,17,3.25,0.16525423728813554,47.86440677966102,2324,21,33.898305084745765,MOYENNE,1,2,0,1
180295,8695,CLASSIQUE,40,50,60,11,2,9,1.5,0.2041666666666666,45.55,2326,23,18.333333333333332,FAIBLE,1,0,0,1
180295,8700,CLASSIQUE,40,50,57,4,2,2,0.75,0.23245614035087714,44.421052631578945,2330,26,7.017543859649122,FAIBLE,1,0,0,1
180295,8705,CLASSIQUE,40,50,56,4,2,2,1,0.23214285714285707,43.910714285714285,2332,27,7.142857142857143,FAIBLE,1,0,0,1
180295,8710,CLASSIQUE,40,50,57,4,2,2,1,0.2324561403508772,41.98245614035088,2333,26,7.017543859649122,FAIBLE,1,0,0,1
180295,8715,CLASSIQUE,40,50,57,5,2,3,1.25,0.22807017543859645,41.24561403508772,2334,25,8.771929824561404,FAIBLE,1,0,0,1
180295,8720,CLASSIQUE,40,50,56,6,3,3,1.5,0.22321428571428567,42.089285714285715,2335,23,10.714285714285714,FAIBLE,1,0,0,1
180295,8725,CLASSIQUE,40,50,56,7,4,3,1.75,0.21874999999999994,42.57142857142857,2336,21,12.5,FAIBLE,1,0,0,1
180295,8730,CLASSIQUE,40,50,57,7,4,3,1.75,0.21929824561403502,42.43859649122807,2336,19,12.280701754385966,FAIBLE,1,0,0,1
180295,8735,CLASSIQUE,40,50,58,9,5,4,2.25,0.2112068965517241,42.41379310344828,2336,18,15.517241379310345,FAIBLE,1,0,0,2
180295,8740,CLASSIQUE,40,50,58,12,8,4,3,0.19827586206896547,43.258620689655174,2336,17,20.689655172413794,FAIBLE,1,0,0,2
180295,8745,CLASSIQUE,40,50,58,14,10,4,3.5,0.18965517241379307,44.44827586206897,2336,17,24.137931034482758,FAIBLE,1,0,0,2
180295,8750,CLASSIQUE,40,50,60,17,12,5,4,0.1791666666666666,44.3,2336,16,28.333333333333332,FAIBLE,2,0,2,2
180295,8755,CLASSIQUE,40,50,62,21,15,6,5,0.16532258064516123,44.483870967741936,2336,16,33.87096774193548,MOYENNE,2,2,2,0
180295,8760,CLASSIQUE,40,50,62,23,16,7,5.5,0.15725806451612898,44.91935483870968,2337,17,37.096774193548384,MOYENNE,2,2,2,0
180295,8765,CLASSIQUE,40,50,62,24,17,7,5.75,0.15322580645161285,45.75806451612903,2338,18,38.70967741935484,MOYENNE,2,2,2,0
180295,8770,CLASSIQUE,40,50,62,20,16,4,4.75,0.16935483870967732,45.145161290322584,2340,20,32.25806451612903,MOYENNE,0,2,1,0
180295,8775,CLASSIQUE,40,50,61,10,8,2,2.25,0.20901639344262285,43.114754098360656,2343,23,16.39344262295082,FAIBLE,0,1,1,0
180295,8780,CLASSIQUE,40,50,59,7,4,3,1.75,0.22033898305084734,40,2347,26,11.864406779661017,FAIBLE,0,1,1,0
180295,8785,CLASSIQUE,40,50,57,5,3,2,1.25,0.2280701754385964,37.526315789473685,2350,28,8.771929824561404,FAIBLE,0,1,1,0
180295,8790,CLASSIQUE,40,50,56,6,4,2,1.5,0.22321428571428564,35.339285714285715,2352,28,10.714285714285714,FAIBLE,0,1,1,0
180295,8795,CLASSIQUE,40,50,54,6,4,2,1.5,0.22222222222222215,34.31481481481482,2355,29,11.11111111111111,FAIBLE,0,1,1,0
180295,8800,CLASSIQUE,40,50,50,7,4,3,1.75,0.21499999999999994,33.62,2359,29,14,FAIBLE,0,1,1,0
180295,8805,CLASSIQUE,40,50,49,8,4,4,2,0.20918367346938777,34.285714285714285,2362,30,16.3265306122449,FAIBLE,0,1,1,0
180295,8810,CLASSIQUE,40,50,49,8,4,4,2,0.20918367346938777,34.734693877551024,2363,30,16.3265306122449,FAIBLE,0,1,1,0
180295,8815,CLASSIQUE,40,50,50,9,4,5,2.25,0.20299999999999996,34.86,2363,29,18,FAIBLE,0,1,1,2
180295,8820,CLASSIQUE,40,50,54,10,5,5,2.5,0.2027777777777778,33.2037037037037,2363,28,18.51851851851852,FAIBLE,0,1,1,2
180295,8825,CLASSIQUE,40,50,54,11,6,5,2.5,0.19907407407407404,34.22222222222222,2363,27,20.37037037037037,FAIBLE,0,1,1,2
180295,8830,CLASSIQUE,40,50,55,12,6,6,2.75,0.1936363636363636,34.63636363636363,2363,27,21.818181818181817,FAIBLE,2,1,2,2
180295,8835,CLASSIQUE,40,50,56,20,8,12,4.75,0.16071428571428564,35.42857142857143,2363,27,35.714285714285715,MOYENNE,2,2,2,1
180295,8840,CLASSIQUE,40,50,57,23,10,13,5.25,0.14912280701754382,35.31578947368421,2364,28,40.35087719298246,MOYENNE,2,2,2,1
180295,8845,CLASSIQUE,40,50,56,24,10,14,5.5,0.1428571428571428,38.035714285714285,2365,29,42.857142857142854,MOYENNE,2,2,2,1
180295,8850,CLASSIQUE,40,50,55,13,3,10,2.5,0.19090909090909092,40.25454545454546,2366,30,23.636363636363637,FAIBLE,1,2,0,1
180295,8855,CLASSIQUE,40,50,55,7,1,6,1.75,0.21818181818181812,39.38181818181818,2367,31,12.727272727272727,FAIBLE,1,0,0,1
180295,8860,CLASSIQUE,40,50,54,7,2,5,1.5,0.21759259259259253,37.148148148148145,2369,32,12.962962962962964,FAIBLE,1,0,0,1
180295,8865,CLASSIQUE,40,50,53,5,2,3,1.25,0.22641509433962256,35.283018867924525,2371,33,9.433962264150944,FAIBLE,1,0,0,1
180295,8870,CLASSIQUE,40,50,52,8,4,4,2,0.21153846153846148,34.76923076923077,2373,33,15.384615384615385,FAIBLE,1,0,0,1
180295,8875,CLASSIQUE,40,50,52,8,4,4,2,0.21153846153846154,34.21153846153846,2374,31,15.384615384615385,FAIBLE,1,0,0,1
180295,8880,CLASSIQUE,40,50,52,10,6,4,2.5,0.2019230769230769,34.92307692307692,2375,28,19.23076923076923,FAIBLE,1,0,0,1
180295,8885,CLASSIQUE,40,50,52,10,6,4,2.5,0.1990384615384615,35.88461538461539,2375,25,19.23076923076923,FAIBLE,1,0,0,1
180295,8890,CLASSIQUE,40,50,55,11,6,5,2.75,0.19999999999999996,34.92727272727273,2375,23,20,FAIBLE,1,0,0,1
180295,8895,CLASSIQUE,40,50,58,11,6,5,2.75,0.20258620689655168,34.06896551724138,2375,20,18.96551724137931,FAIBLE,1,0,0,2
180295,8900,CLASSIQUE,40,50,58,13,7,6,3.25,0.1939655172413793,35.08620689655172,2375,16,22.413793103448278,FAIBLE,1,0,0,2
180295,8905,CLASSIQUE,40,50,62,13,7,6,3.25,0.1975806451612903,33.87096774193548,2375,13,20.967741935483872,FAIBLE,1,0,0,2
180295,8910,CLASSIQUE,40,50,63,15,9,6,3.75,0.18968253968253967,34.42857142857143,2375,12,23.80952380952381,FAIBLE,2,0,2,2
180295,8915,CLASSIQUE,40,50,65,19,15,4,4,0.17692307692307688,34.815384615384616,2375,12,29.23076923076923,FAIBLE,2,2,2,0
180295,8920,CLASSIQUE,40,50,64,22,15,7,4.75,0.16406249999999994,35.53125,2376,13,34.375,MOYENNE,2,2,2,0
180295,8925,CLASSIQUE,40,50,64,24,15,9,5.25,0.153125,36.125,2377,14,37.5,MOYENNE,2,2,2,0
180295,8930,CLASSIQUE,40,50,64,17,14,3,3.25,0.1843749999999999,36.28125,2379,16,26.5625,FAIBLE,0,2,1,0
180295,8935,CLASSIQUE,40,50,64,5,4,1,1,0.23046874999999992,36.046875,2381,18,7.8125,FAIBLE,0,1,1,0
180295,8940,CLASSIQUE,40,50,62,4,1,3,1,0.23387096774193541,35.064516129032256,2383,19,6.451612903225806,FAIBLE,0,1,1,0
180295,8945,CLASSIQUE,40,50,62,5,2,3,1.25,0.2282258064516129,33.354838709677416,2385,20,8.064516129032258,FAIBLE,0,1,1,0
180295,8950,CLASSIQUE,40,50,63,7,2,5,1.75,0.22222222222222215,32.07936507936508,2387,21,11.11111111111111,FAIBLE,0,1,1,0
180295,8955,CLASSIQUE,40,50,64,8,2,6,2,0.21874999999999997,31.203125,2388,21,12.5,FAIBLE,0,1,1,0
180295,8960,CLASSIQUE,40,50,61,8,2,6,2,0.21475409836065573,32.47540983606557,2391,22,13.114754098360656,FAIBLE,0,1,1,0
180295,8965,CLASSIQUE,40,50,61,10,4,6,2.5,0.20901639344262296,33.278688524590166,2392,21,16.39344262295082,FAIBLE,0,1,1,0
180295,8970,CLASSIQUE,40,50,63,11,4,7,2.75,0.20396825396825402,33.03174603174603,2393,20,17.46031746031746,FAIBLE,0,1,1,0
180295,8975,CLASSIQUE,40,50,63,13,5,8,3,0.19841269841269835,34.06349206349206,2393,19,20.634920634920636,FAIBLE,0,1,1,2
180295,8980,CLASSIQUE,40,50,65,15,5,10,3.5,0.19230769230769226,34.06153846153846,2393,18,23.076923076923077,FAIBLE,0,1,1,2
180295,8985,CLASSIQUE,40,50,66,18,6,12,3.75,0.1787878787878788,34.833333333333336,2393,18,27.272727272727273,FAIBLE,0,1,1,2
180295,8990,CLASSIQUE,40,50,68,20,7,13,4.25,0.17647058823529413,35.220588235294116,2393,18,29.41176470588235,FAIBLE,2,1,2,2
180295,8995,CLASSIQUE,40,50,69,26,9,17,5.75,0.15434782608695655,36.36231884057971,2393,18,37.68115942028985,MOYENNE,2,2,2,1
180295,9000,CLASSIQUE,40,50,69,29,8,21,6,0.14492753623188406,36.98550724637681,2394,19,42.028985507246375,MOYENNE,2,2,2,1
180295,9005,CLASSIQUE,40,50,69,33,10,23,6.5,0.13043478260869565,38.57971014492754,2395,20,47.82608695652174,MOYENNE,2,2,2,1
180295,9010,CLASSIQUE,40,50,68,25,4,21,4.75,0.15808823529411764,39.36764705882353,2397,22,36.76470588235294,MOYENNE,1,2,0,1
180295,9015,CLASSIQUE,40,50,67,14,1,13,2.25,0.19776119402985073,38.07462686567164,2400,25,20.895522388059703,FAIBLE,1,0,0,1
180295,9020,CLASSIQUE,40,50,64,5,2,3,1,0.23046874999999992,37.015625,2404,28,7.8125,FAIBLE,1,0,0,1
180295,9025,CLASSIQUE,40,50,64,7,2,5,1.5,0.22265624999999994,35.8125,2406,29,10.9375,FAIBLE,1,0,0,1
180295,9030,CLASSIQUE,40,50,66,6,2,4,1.5,0.22727272727272718,34.378787878787875,2407,28,9.090909090909092,FAIBLE,1,0,0,1
180295,9035,CLASSIQUE,40,50,65,8,4,4,2,0.21923076923076917,34.30769230769231,2409,28,12.307692307692308,FAIBLE,1,0,0,1
180295,9040,CLASSIQUE,40,50,67,8,4,4,2,0.22014925373134325,33.80597014925373,2410,27,11.940298507462687,FAIBLE,1,0,0,1
180295,9045,CLASSIQUE,40,50,67,8,4,4,2,0.21865671641791046,34.40298507462686,2410,25,11.940298507462687,FAIBLE,1,0,0,1
180295,9050,CLASSIQUE,40,50,69,10,6,4,2.25,0.213768115942029,34.072463768115945,2410,23,14.492753623188406,FAIBLE,1,0,0,1
180295,9055,CLASSIQUE,40,50,69,10,6,4,2.25,0.21376811594202894,34.79710144927536,2410,22,14.492753623188406,FAIBLE,1,0,0,2
180295,9060,CLASSIQUE,40,50,72,12,8,4,2.75,0.2083333333333333,34.083333333333336,2410,19,16.666666666666668,FAIBLE,1,0,0,2
180295,9065,CLASSIQUE,40,50,75,15,11,4,3.25,0.19999999999999998,33.68,2410,18,20,FAIBLE,1,0,0,2
180295,9070,CLASSIQUE,40,50,77,15,11,4,3.25,0.20129870129870125,33.77922077922078,2410,17,19.48051948051948,FAIBLE,2,0,2,2
180295,9075,CLASSIQUE,40,50,80,22,17,5,5,0.18124999999999997,33.725,2410,17,27.5,FAIBLE,2,2,2,0
180295,9080,CLASSIQUE,40,50,80,22,17,5,5,0.17874999999999996,33.775,2411,18,27.5,FAIBLE,2,2,2,0
180295,9085,CLASSIQUE,40,50,82,30,19,11,6.25,0.15853658536585366,33.80487804878049,2412,19,36.58536585365854,MOYENNE,2,2,2,0
180295,9090,CLASSIQUE,40,50,81,22,15,7,3.75,0.1820987654320987,34.75308641975309,2414,21,27.160493827160494,FAIBLE,0,2,1,0
180295,9095,CLASSIQUE,40,50,80,9,7,2,2,0.22187499999999996,33.825,2416,23,11.25,FAIBLE,0,1,1,0
180295,9100,CLASSIQUE,40,50,79,7,5,2,1.75,0.22784810126582278,31.11392405063291,2419,25,8.860759493670885,FAIBLE,0,1,1,0
180295,9105,CLASSIQUE,40,50,76,7,5,2,1.75,0.22697368421052633,30.42105263157895,2423,28,9.210526315789474,FAIBLE,0,1,1,0
180295,9110,CLASSIQUE,40,50,74,9,7,2,2,0.21959459459459454,30.2027027027027,2427,30,12.162162162162161,FAIBLE,0,1,1,0
180295,9115,CLASSIQUE,40,50,73,10,7,3,2.25,0.21575342465753422,30.34246575342466,2429,29,13.698630136986301,FAIBLE,0,1,1,0
180295,9120,CLASSIQUE,40,50,76,13,10,3,2.5,0.20460526315789473,29.513157894736842,2430,26,17.105263157894736,FAIBLE,0,1,1,0
180295,9125,CLASSIQUE,40,50,78,14,10,4,2.75,0.20512820512820512,29.653846153846153,2430,24,17.94871794871795,FAIBLE,0,1,1,0
180295,9130,CLASSIQUE,40,50,78,14,10,4,2.75,0.20512820512820512,30.55128205128205,2431,24,17.94871794871795,FAIBLE,0,1,1,0
180295,9135,CLASSIQUE,40,50,79,17,12,5,3.25,0.19620253164556967,31.088607594936708,2431,22,21.518987341772153,FAIBLE,0,1,1,2
180295,9140,CLASSIQUE,40,50,82,19,12,7,3.75,0.19207317073170732,31.024390243902438,2431,21,23.170731707317074,FAIBLE,0,1,1,2
180295,9145,CLASSIQUE,40,50,83,21,12,9,4.25,0.18554216867469883,31.867469879518072,2431,21,25.301204819277107,FAIBLE,0,1,1,2
180295,9150,CLASSIQUE,40,50,83,25,14,11,4.75,0.17409638554216866,33.31325301204819,2431,21,30.120481927710845,MOYENNE,2,1,2,2
180295,9155,CLASSIQUE,40,50,84,29,14,15,5.25,0.1636904761904762,34.595238095238095,2431,21,34.523809523809526,MOYENNE,2,2,2,1
180295,9160,CLASSIQUE,40,50,84,35,16,19,6,0.14583333333333334,35.857142857142854,2432,22,41.666666666666664,MOYENNE,2,2,2,1
180295,9165,CLASSIQUE,40,50,84,38,17,21,6.25,0.13690476190476192,37.404761904761905,2433,23,45.23809523809524,MOYENNE,2,2,2,1
180295,9170,CLASSIQUE,40,50,83,31,11,20,4.75,0.15662650602409642,38.18072289156626,2435,25,37.34939759036145,MOYENNE,1,2,0,1
180295,9175,CLASSIQUE,40,50,81,12,1,11,2.5,0.21296296296296297,38.160493827160494,2438,28,14.814814814814815,FAIBLE,1,0,0,1
180295,9180,CLASSIQUE,40,50,80,11,3,8,2.25,0.215625,36.0875,2442,31,13.75,FAIBLE,1,0,0,1
180295,9185,CLASSIQUE,40,50,76,8,2,6,1.75,0.2236842105263157,35.81578947368421,2446,34,10.526315789473685,FAIBLE,1,0,0,1
180295,9190,CLASSIQUE,40,50,75,9,4,5,2,0.22,35.053333333333335,2448,34,12,FAIBLE,1,0,0,1
180295,9195,CLASSIQUE,40,50,72,8,3,5,2,0.2222222222222222,35.56944444444444,2451,35,11.11111111111111,FAIBLE,1,0,0,1
180295,9200,CLASSIQUE,40,50,71,8,3,5,2,0.22183098591549294,35.49295774647887,2453,34,11.267605633802816,FAIBLE,1,0,0,1
180295,9205,CLASSIQUE,40,50,71,8,3,5,2,0.2218309859154929,35.87323943661972,2455,32,11.267605633802816,FAIBLE,1,0,0,1
180295,9210,CLASSIQUE,40,50,70,8,3,5,2,0.2214285714285714,36.8,2456,29,11.428571428571429,FAIBLE,1,0,0,1
180295,9215,CLASSIQUE,40,50,71,8,3,5,2,0.2218309859154929,36.84507042253521,2457,28,11.267605633802816,FAIBLE,1,0,0,2
180295,9220,CLASSIQUE,40,50,71,12,7,5,3,0.20774647887323944,37.50704225352113,2457,27,16.901408450704224,FAIBLE,1,0,0,2
180295,9225,CLASSIQUE,40,50,73,16,11,5,3.75,0.19520547945205474,37.50684931506849,2457,27,21.91780821917808,FAIBLE,1,0,0,2
180295,9230,CLASSIQUE,40,50,75,17,12,5,3.75,0.1933333333333333,37.626666666666665,2457,26,22.666666666666668,FAIBLE,2,0,2,2
180295,9235,CLASSIQUE,40,50,75,22,16,6,5,0.17666666666666664,38.93333333333333,2457,26,29.333333333333332,FAIBLE,2,2,2,0
180295,9240,CLASSIQUE,40,50,74,27,22,5,5,0.1581081081081081,40.17567567567568,2458,27,36.486486486486484,MOYENNE,2,2,2,0
180295,9245,CLASSIQUE,40,50,73,35,25,10,5.75,0.13013698630136983,42.67123287671233,2459,28,47.945205479452056,MOYENNE,2,2,2,0
180295,9250,CLASSIQUE,40,50,72,24,22,2,3.25,0.16666666666666666,43.77777777777778,2461,30,33.333333333333336,MOYENNE,0,2,1,0
180295,9255,CLASSIQUE,40,50,74,15,13,2,1.75,0.1993243243243243,41.189189189189186,2463,32,20.27027027027027,FAIBLE,0,1,1,0
180295,9260,CLASSIQUE,40,50,75,4,3,1,0.75,0.23666666666666658,37.56,2466,34,5.333333333333333,FAIBLE,0,1,1,0
180295,9265,CLASSIQUE,40,50,74,3,2,1,0.75,0.23986486486486477,35.86486486486486,2469,36,4.054054054054054,FAIBLE,0,1,1,0
180295,9270,CLASSIQUE,40,50,71,3,2,1,0.5,0.23943661971830982,35.943661971830984,2472,37,4.225352112676056,FAIBLE,0,1,1,0
180295,9275,CLASSIQUE,40,50,70,3,1,2,0.75,0.23642857142857138,36.17142857142857,2475,37,4.285714285714286,FAIBLE,0,1,1,0
180295,9280,CLASSIQUE,40,50,68,4,2,2,1,0.23529411764705882,36.9264705882353,2478,36,5.882352941176471,FAIBLE,0,1,1,0
180295,9285,CLASSIQUE,40,50,69,4,2,2,1,0.23550724637681153,36.68115942028985,2480,34,5.797101449275362,FAIBLE,0,1,1,0
180295,9290,CLASSIQUE,40,50,70,4,2,2,1,0.2357142857142857,36.44285714285714,2480,32,5.714285714285714,FAIBLE,0,1,1,0
180295,9295,CLASSIQUE,40,50,71,4,2,2,1,0.23591549295774647,36.2112676056338,2480,29,5.633802816901408,FAIBLE,0,1,1,2
180295,9300,CLASSIQUE,40,50,72,8,2,6,2,0.22222222222222218,36.083333333333336,2480,27,11.11111111111111,FAIBLE,0,1,1,2
180295,9305,CLASSIQUE,40,50,73,9,3,6,2.25,0.2191780821917808,36.16438356164384,2480,25,12.32876712328767,FAIBLE,0,1,1,2
180295,9310,CLASSIQUE,40,50,75,13,4,9,3.25,0.2006666666666667,36,2480,24,17.333333333333332,FAIBLE,2,1,2,2
180295,9315,CLASSIQUE,40,50,75,22,7,15,5.25,0.1766666666666666,37.24,2480,23,29.333333333333332,FAIBLE,2,2,2,1
180295,9320,CLASSIQUE,40,50,74,22,7,15,5,0.17567567567567563,38,2481,24,29.72972972972973,FAIBLE,2,2,2,1
180295,9325,CLASSIQUE,40,50,73,24,8,16,5.25,0.16712328767123288,39.42465753424658,2482,25,32.87671232876713,MOYENNE,2,2,2,1
180295,9330,CLASSIQUE,40,50,72,17,2,15,3.75,0.19097222222222213,40.083333333333336,2484,27,23.61111111111111,FAIBLE,1,2,0,1
180295,9335,CLASSIQUE,40,50,70,13,5,8,2.75,0.2035714285714285,39.7,2486,29,18.571428571428573,FAIBLE,1,0,0,1
180295,9340,CLASSIQUE,40,50,68,8,3,5,1.75,0.2205882352941176,37.98529411764706,2489,31,11.764705882352942,FAIBLE,1,0,0,1
180295,9345,CLASSIQUE,40,50,65,7,3,4,1.75,0.22307692307692303,36.90769230769231,2492,33,10.76923076923077,FAIBLE,1,0,0,1
180295,9350,CLASSIQUE,40,50,63,7,3,4,1.75,0.22222222222222213,35.698412698412696,2495,34,11.11111111111111,FAIBLE,1,0,0,1
180295,9355,CLASSIQUE,40,50,60,7,3,4,1.75,0.22083333333333327,34.2,2500,37,11.666666666666666,FAIBLE,1,0,0,1
180295,9360,CLASSIQUE,40,50,57,7,3,4,1.75,0.21929824561403508,34.526315789473685,2503,37,12.280701754385966,FAIBLE,1,0,0,1
180295,9365,CLASSIQUE,40,50,57,7,3,4,1.75,0.21929824561403502,33.54385964912281,2505,36,12.280701754385966,FAIBLE,1,0,0,1
180295,9370,CLASSIQUE,40,50,56,7,3,4,1.75,0.21874999999999994,33.910714285714285,2507,35,12.5,FAIBLE,1,0,0,1
180295,9375,CLASSIQUE,40,50,55,7,3,4,1.75,0.21545454545454548,34.41818181818182,2508,33,12.727272727272727,FAIBLE,1,0,0,2
180295,9380,CLASSIQUE,40,50,54,10,6,4,2.5,0.20370370370370366,35.166666666666664,2510,32,18.51851851851852,FAIBLE,1,0,0,2
180295,9385,CLASSIQUE,40,50,55,14,10,4,3.25,0.1863636363636363,35.72727272727273,2510,30,25.454545454545453,FAIBLE,1,0,0,2
180295,9390,CLASSIQUE,40,50,57,15,11,4,3.25,0.1842105263157894,35.719298245614034,2510,30,26.31578947368421,FAIBLE,2,0,2,2
180295,9395,CLASSIQUE,40,50,58,15,12,3,3.25,0.18534482758620682,36.46551724137931,2510,30,25.862068965517242,FAIBLE,2,2,2,0
180295,9400,CLASSIQUE,40,50,58,17,13,4,3.5,0.17672413793103442,36.706896551724135,2511,31,29.310344827586206,FAIBLE,2,2,2,0
180295,9405,CLASSIQUE,40,50,59,20,15,5,4.25,0.16525423728813554,37.47457627118644,2512,32,33.898305084745765,MOYENNE,2,2,2,0
180295,9410,CLASSIQUE,40,50,57,14,14,0,2.5,0.18859649122807012,38.59649122807018,2514,34,24.56140350877193,FAIBLE,0,2,1,0
180295,9415,CLASSIQUE,40,50,55,10,10,0,1.5,0.2045454545454545,37.345454545454544,2517,37,18.181818181818183,FAIBLE,0,1,1,0
180295,9420,CLASSIQUE,40,50,54,4,3,1,1,0.23148148148148143,33.44444444444444,2520,39,7.407407407407407,FAIBLE,0,1,1,0
180295,9425,CLASSIQUE,40,50,53,3,2,1,0.75,0.23584905660377356,29.71698113207547,2523,41,5.660377358490566,FAIBLE,0,1,1,0
180295,9430,CLASSIQUE,40,50,50,3,2,1,0.75,0.23499999999999996,30.72,2526,42,6,FAIBLE,0,1,1,0
180295,9435,CLASSIQUE,40,50,50,3,2,1,0.75,0.23499999999999993,30.58,2527,41,6,FAIBLE,0,1,1,0
180295,9440,CLASSIQUE,40,50,49,3,2,1,0.75,0.23469387755102034,31.285714285714285,2528,39,6.122448979591836,FAIBLE,0,1,1,0
180295,9445,CLASSIQUE,40,50,49,3,2,1,0.75,0.23469387755102036,31.591836734693878,2529,37,6.122448979591836,FAIBLE,0,1,1,0
180295,9450,CLASSIQUE,40,50,49,3,2,1,0.75,0.23163265306122444,31.897959183673468,2529,34,6.122448979591836,FAIBLE,0,1,1,0
180295,9455,CLASSIQUE,40,50,50,4,3,1,1,0.22999999999999993,31.66,2529,29,8,FAIBLE,0,1,1,2
180295,9460,CLASSIQUE,40,50,51,7,4,3,1.75,0.21568627450980393,31.50980392156863,2529,26,13.72549019607843,FAIBLE,0,1,1,2
180295,9465,CLASSIQUE,40,50,53,8,4,4,2,0.21226415094339618,31.056603773584907,2529,24,15.09433962264151,FAIBLE,0,1,1,2
180295,9470,CLASSIQUE,40,50,53,10,4,6,2.5,0.20283018867924524,31.90566037735849,2529,22,18.867924528301888,FAIBLE,2,1,2,2
180295,9475,CLASSIQUE,40,50,55,13,3,10,3,0.19090909090909078,31.90909090909091,2529,21,23.636363636363637,FAIBLE,2,2,2,1
180295,9480,CLASSIQUE,40,50,55,12,2,10,3,0.19545454545454538,31.345454545454544,2530,20,21.818181818181817,FAIBLE,2,2,2,1
180295,9485,CLASSIQUE,40,50,56,12,2,10,3,0.1964285714285714,30.839285714285715,2531,21,21.428571428571427,FAIBLE,2,2,2,1
180295,9490,CLASSIQUE,40,50,56,12,1,11,2.75,0.1946428571428571,30.714285714285715,2533,23,21.428571428571427,FAIBLE,1,2,0,1
180295,9495,CLASSIQUE,40,50,53,8,1,7,1.75,0.21226415094339615,32.283018867924525,2536,26,15.09433962264151,FAIBLE,1,0,0,1
180295,9500,CLASSIQUE,40,50,50,3,1,2,0.75,0.23499999999999993,31.4,2540,29,6,FAIBLE,1,0,0,1
180295,9505,CLASSIQUE,40,50,48,3,1,2,0.75,0.23020833333333332,31.4375,2542,30,6.25,FAIBLE,1,0,0,1
180295,9510,CLASSIQUE,40,50,47,4,2,2,1,0.22872340425531912,31.48936170212766,2544,30,8.51063829787234,FAIBLE,1,0,0,1
180295,9515,CLASSIQUE,40,50,47,4,2,2,1,0.22872340425531915,30.914893617021278,2545,28,8.51063829787234,FAIBLE,1,0,0,1
180295,9520,CLASSIQUE,40,50,47,4,2,2,1,0.22872340425531912,30.404255319148938,2546,26,8.51063829787234,FAIBLE,1,0,0,1
180295,9525,CLASSIQUE,40,50,49,6,3,3,1.5,0.21938775510204078,28.591836734693878,2548,25,12.244897959183673,FAIBLE,1,0,0,1
180295,9530,CLASSIQUE,40,50,49,7,3,4,1.75,0.21428571428571425,29.285714285714285,2548,22,14.285714285714286,FAIBLE,1,0,0,1
180295,9535,CLASSIQUE,40,50,49,8,4,4,2,0.20918367346938768,30.081632653061224,2548,21,16.3265306122449,FAIBLE,1,0,0,2
180295,9540,CLASSIQUE,40,50,50,10,6,4,2.5,0.19999999999999993,30.34,2548,20,20,FAIBLE,1,0,0,2
180295,9545,CLASSIQUE,40,50,54,14,10,4,3,0.18518518518518512,29.27777777777778,2548,19,25.925925925925927,FAIBLE,1,0,0,2
180295,9550,CLASSIQUE,40,50,54,15,11,4,3,0.1805555555555555,30.62962962962963,2548,19,27.77777777777778,FAIBLE,2,0,2,2
180295,9555,CLASSIQUE,40,50,56,16,13,3,3,0.17857142857142855,31.035714285714285,2548,19,28.571428571428573,FAIBLE,2,2,2,0
180295,9560,CLASSIQUE,40,50,56,16,14,2,2.75,0.1785714285714286,30.571428571428573,2549,20,28.571428571428573,FAIBLE,2,2,2,0
180295,9565,CLASSIQUE,40,50,56,16,14,2,2.75,0.17857142857142858,30.5,2550,21,28.571428571428573,FAIBLE,2,2,2,0
180295,9570,CLASSIQUE,40,50,56,15,14,1,2.25,0.18303571428571427,29.571428571428573,2552,23,26.785714285714285,FAIBLE,0,2,1,0
180295,9575,CLASSIQUE,40,50,56,9,8,1,1.25,0.20982142857142852,27.839285714285715,2554,25,16.071428571428573,FAIBLE,0,1,1,0
180295,9580,CLASSIQUE,40,50,53,5,4,1,1,0.22641509433962262,25.28301886792453,2557,27,9.433962264150944,FAIBLE,0,1,1,0
180295,9585,CLASSIQUE,40,50,53,4,3,1,0.75,0.231132075471698,22.81132075471698,2559,28,7.547169811320755,FAIBLE,0,1,1,0
180295,9590,CLASSIQUE,40,50,52,3,2,1,0.75,0.23557692307692307,23.01923076923077,2561,28,5.769230769230769,FAIBLE,0,1,1,0
180295,9595,CLASSIQUE,40,50,52,6,3,3,1.5,0.22115384615384606,23.192307692307693,2563,27,11.538461538461538,FAIBLE,0,1,1,0
180295,9600,CLASSIQUE,40,50,51,6,3,3,1.5,0.2205882352941176,24.07843137254902,2566,26,11.764705882352942,FAIBLE,0,1,1,0
180295,9605,CLASSIQUE,40,50,51,6,3,3,1.5,0.2137254901960784,24.666666666666668,2567,25,11.764705882352942,FAIBLE,0,1,1,0
180295,9610,CLASSIQUE,40,50,51,8,3,5,2,0.21078431372549017,25.45098039215686,2567,23,15.686274509803921,FAIBLE,0,1,1,0
180295,9615,CLASSIQUE,40,50,52,9,4,5,2.25,0.20673076923076922,25.75,2567,22,17.307692307692307,FAIBLE,0,1,1,2
180295,9620,CLASSIQUE,40,50,53,12,4,8,3,0.19339622641509435,26.18867924528302,2567,21,22.641509433962263,FAIBLE,0,1,1,2
180295,9625,CLASSIQUE,40,50,53,14,4,10,3.5,0.17924528301886788,27.49056603773585,2567,19,26.41509433962264,FAIBLE,0,1,1,2
180295,9630,CLASSIQUE,40,50,54,16,5,11,3.75,0.17592592592592593,28.462962962962962,2567,19,29.62962962962963,FAIBLE,2,1,2,2
180295,9635,CLASSIQUE,40,50,55,18,6,12,4.25,0.16818181818181813,29.454545454545453,2567,19,32.72727272727273,MOYENNE,2,2,2,1
180295,9640,CLASSIQUE,40,50,58,25,12,13,5.25,0.14224137931034478,29.82758620689655,2567,19,43.10344827586207,MOYENNE,2,2,2,1
180295,9645,CLASSIQUE,40,50,60,26,12,14,5.5,0.14000000000000004,30.966666666666665,2567,19,43.333333333333336,MOYENNE,2,2,2,1
180295,9650,CLASSIQUE,40,50,60,21,7,14,4.25,0.16249999999999995,31.566666666666666,2568,20,35,MOYENNE,1,2,0,1
180295,9655,CLASSIQUE,40,50,59,9,3,6,2,0.21186440677966095,32.50847457627118,2569,21,15.254237288135593,FAIBLE,1,0,0,1
180295,9660,CLASSIQUE,40,50,59,8,2,6,1.75,0.2161016949152542,31.220338983050848,2571,22,13.559322033898304,FAIBLE,1,0,0,1
180295,9665,CLASSIQUE,40,50,58,6,2,4,1.5,0.22413793103448273,30.448275862068964,2573,23,10.344827586206897,FAIBLE,1,0,0,1
180295,9670,CLASSIQUE,40,50,58,6,2,4,1.5,0.22068965517241373,29.896551724137932,2574,22,10.344827586206897,FAIBLE,1,0,0,1
180295,9675,CLASSIQUE,40,50,57,7,3,4,1.75,0.21929824561403502,30.087719298245613,2576,22,12.280701754385966,FAIBLE,1,0,0,1
180295,9680,CLASSIQUE,40,50,55,7,3,4,1.75,0.21636363636363634,31.054545454545455,2578,21,12.727272727272727,FAIBLE,1,0,0,1
180295,9685,CLASSIQUE,40,50,55,10,3,7,2.25,0.20454545454545456,30.654545454545456,2580,21,18.181818181818183,FAIBLE,1,0,0,1
180295,9690,CLASSIQUE,40,50,55,11,4,7,2.5,0.19999999999999993,31.636363636363637,2581,20,20,FAIBLE,1,0,0,1
180295,9695,CLASSIQUE,40,50,58,12,4,8,2.5,0.19827586206896552,31.017241379310345,2581,18,20.689655172413794,FAIBLE,1,0,0,2
180295,9700,CLASSIQUE,40,50,59,16,8,8,3.5,0.18220338983050846,31.661016949152543,2581,15,27.11864406779661,FAIBLE,1,0,0,2
180295,9705,CLASSIQUE,40,50,60,16,8,8,3.5,0.18333333333333332,32.46666666666667,2581,14,26.666666666666668,FAIBLE,1,0,0,2
180295,9710,CLASSIQUE,40,50,62,16,8,8,3.5,0.18548387096774194,32.70967741935484,2581,14,25.806451612903224,FAIBLE,2,0,2,2
180295,9715,CLASSIQUE,40,50,65,22,13,9,5,0.1653846153846154,32.69230769230769,2581,14,33.84615384615385,MOYENNE,2,2,2,0
180295,9720,CLASSIQUE,40,50,64,20,14,6,4.5,0.171875,34.65625,2582,15,31.25,MOYENNE,2,2,2,0
180295,9725,CLASSIQUE,40,50,65,21,14,7,5,0.1692307692307692,35.707692307692305,2583,16,32.30769230769231,MOYENNE,2,2,2,0
180295,9730,CLASSIQUE,40,50,64,14,12,2,3.25,0.19531249999999994,36.0625,2584,17,21.875,FAIBLE,0,2,1,0
180295,9735,CLASSIQUE,40,50,64,6,4,2,1,0.22656249999999992,33.6875,2586,19,9.375,FAIBLE,0,1,1,0
180295,9740,CLASSIQUE,40,50,63,3,1,2,0.75,0.23809523809523803,31.666666666666668,2588,21,4.761904761904762,FAIBLE,0,1,1,0
180295,9745,CLASSIQUE,40,50,61,2,0,2,0.5,0.24180327868852455,30.950819672131146,2591,24,3.278688524590164,FAIBLE,0,1,1,0
180295,9750,CLASSIQUE,40,50,62,3,0,3,0.75,0.23790322580645154,29,2593,25,4.838709677419355,FAIBLE,0,1,1,0
180295,9755,CLASSIQUE,40,50,60,4,1,3,1,0.2333333333333333,29.316666666666666,2595,26,6.666666666666667,FAIBLE,0,1,1,0
180295,9760,CLASSIQUE,40,50,59,5,2,3,1.25,0.22627118644067795,29.8135593220339,2597,26,8.474576271186441,FAIBLE,0,1,1,0
180295,9765,CLASSIQUE,40,50,58,7,2,5,1.75,0.21982758620689652,30.879310344827587,2598,25,12.068965517241379,FAIBLE,0,1,1,0
180295,9770,CLASSIQUE,40,50,57,7,2,5,1.75,0.21929824561403502,32.03508771929825,2599,25,12.280701754385966,FAIBLE,0,1,1,0
180295,9775,CLASSIQUE,40,50,58,8,2,6,2,0.21551724137931028,32.1551724137931,2599,23,13.793103448275861,FAIBLE,0,1,1,2
180295,9780,CLASSIQUE,40,50,62,10,2,8,2.5,0.2096774193548387,30.774193548387096,2599,21,16.129032258064516,FAIBLE,0,1,1,2
180295,9785,CLASSIQUE,40,50,63,14,2,12,3,0.19444444444444442,31.3015873015873,2599,19,22.22222222222222,FAIBLE,0,1,1,2
180295,9790,CLASSIQUE,40,50,65,17,2,15,3.5,0.1838461538461538,31.523076923076925,2599,18,26.153846153846153,FAIBLE,2,1,2,2
180295,9795,CLASSIQUE,40,50,66,24,4,20,5.25,0.15909090909090903,32.60606060606061,2599,18,36.36363636363637,MOYENNE,2,2,2,1
180295,9800,CLASSIQUE,40,50,70,30,8,22,6,0.13999999999999996,31.9,2600,19,42.857142857142854,MOYENNE,2,2,2,1
180295,9805,CLASSIQUE,40,50,70,31,8,23,6.25,0.13928571428571426,33.457142857142856,2601,20,44.285714285714285,MOYENNE,2,2,2,1
180295,9810,CLASSIQUE,40,50,70,24,3,21,4.25,0.16428571428571428,33.68571428571428,2603,22,34.285714285714285,MOYENNE,1,2,0,1
180295,9815,CLASSIQUE,40,50,68,13,1,12,2.25,0.20220588235294118,33.029411764705884,2606,25,19.11764705882353,FAIBLE,1,0,0,1
180295,9820,CLASSIQUE,40,50,66,7,2,5,1.75,0.22348484848484843,31.227272727272727,2609,27,10.606060606060606,FAIBLE,1,0,0,1
180295,9825,CLASSIQUE,40,50,64,5,1,4,1.25,0.22812499999999997,30.75,2612,29,7.8125,FAIBLE,1,0,0,1
180295,9830,CLASSIQUE,40,50,64,6,1,5,1.5,0.22656249999999997,30.78125,2614,30,9.375,FAIBLE,1,0,0,1
180295,9835,CLASSIQUE,40,50,65,6,1,5,1.5,0.22692307692307684,30.76923076923077,2614,28,9.23076923076923,FAIBLE,1,0,0,1
180295,9840,CLASSIQUE,40,50,65,6,1,5,1.5,0.22692307692307692,31.23076923076923,2616,28,9.23076923076923,FAIBLE,1,0,0,1
180295,9845,CLASSIQUE,40,50,66,8,2,6,2,0.21969696969696959,31.257575757575758,2616,25,12.121212121212121,FAIBLE,1,0,0,1
180295,9850,CLASSIQUE,40,50,68,12,4,8,3,0.20588235294117643,31.044117647058822,2616,23,17.647058823529413,FAIBLE,1,0,0,1
180295,9855,CLASSIQUE,40,50,68,13,4,9,3,0.20220588235294112,31.970588235294116,2616,21,19.11764705882353,FAIBLE,1,0,0,2
180295,9860,CLASSIQUE,40,50,69,14,5,9,3.25,0.19927536231884052,32.47826086956522,2616,19,20.28985507246377,FAIBLE,1,0,0,2
180295,9865,CLASSIQUE,40,50,71,15,5,10,3.25,0.19718309859154926,32.605633802816904,2616,18,21.12676056338028,FAIBLE,1,0,0,2
180295,9870,CLASSIQUE,40,50,72,15,5,10,3.25,0.19791666666666663,33.19444444444444,2616,17,20.833333333333332,FAIBLE,2,0,2,2
180295,9875,CLASSIQUE,40,50,73,18,8,10,3.75,0.18835616438356165,33.917808219178085,2616,17,24.65753424657534,FAIBLE,2,2,2,0
180295,9880,CLASSIQUE,40,50,73,16,8,8,3.75,0.19520547945205474,33.61643835616438,2617,18,21.91780821917808,FAIBLE,2,2,2,0
180295,9885,CLASSIQUE,40,50,73,22,10,12,4.75,0.1746575342465753,34.054794520547944,2618,19,30.136986301369863,MOYENNE,2,2,2,0
180295,9890,CLASSIQUE,40,50,72,16,11,5,3,0.1916666666666666,34.19444444444444,2620,21,22.22222222222222,FAIBLE,0,2,1,0
180295,9895,CLASSIQUE,40,50,69,10,5,5,2.25,0.21376811594202888,33.91304347826087,2623,24,14.492753623188406,FAIBLE,0,1,1,0
180295,9900,CLASSIQUE,40,50,69,5,2,3,1.25,0.23188405797101444,30.507246376811594,2627,27,7.246376811594203,FAIBLE,0,1,1,0
180295,9905,CLASSIQUE,40,50,67,4,1,3,1,0.23507462686567157,28.686567164179106,2630,29,5.970149253731344,FAIBLE,0,1,1,0
180295,9910,CLASSIQUE,40,50,66,5,1,4,1.25,0.231060606060606,27.37878787878788,2634,31,7.575757575757576,FAIBLE,0,1,1,0
180295,9915,CLASSIQUE,40,50,64,7,2,5,1.75,0.22265625,27.625,2636,30,10.9375,FAIBLE,0,1,1,0
180295,9920,CLASSIQUE,40,50,63,7,2,5,1.75,0.22222222222222215,27.26984126984127,2638,29,11.11111111111111,FAIBLE,0,1,1,0
180295,9925,CLASSIQUE,40,50,64,7,2,5,1.75,0.22265624999999994,27.125,2640,28,10.9375,FAIBLE,0,1,1,0
180295,9930,CLASSIQUE,40,50,64,7,2,5,1.75,0.22265625,27.671875,2640,26,10.9375,FAIBLE,0,1,1,0
180295,9935,CLASSIQUE,40,50,65,9,3,6,2.25,0.21538461538461534,27.846153846153847,2640,26,13.846153846153847,FAIBLE,0,1,1,2
180295,9940,CLASSIQUE,40,50,66,11,3,8,2.75,0.20681818181818185,28.151515151515152,2640,24,16.666666666666668,FAIBLE,0,1,1,2
180295,9945,CLASSIQUE,40,50,72,16,4,12,3.5,0.19444444444444442,26.833333333333332,2640,24,22.22222222222222,FAIBLE,0,1,1,2
180295,9950,CLASSIQUE,40,50,74,17,5,12,3.5,0.19256756756756754,27.243243243243242,2640,24,22.972972972972972,FAIBLE,2,1,2,2
180295,9955,CLASSIQUE,40,50,75,27,8,19,5.75,0.15999999999999995,28.36,2640,24,36,MOYENNE,2,2,2,1
180295,9960,CLASSIQUE,40,50,74,24,5,19,5.25,0.16891891891891886,29.594594594594593,2641,25,32.432432432432435,MOYENNE,2,2,2,1
180295,9965,CLASSIQUE,40,50,75,25,6,19,5.5,0.16666666666666663,30.186666666666667,2642,26,33.333333333333336,MOYENNE,2,2,2,1
180295,9970,CLASSIQUE,40,50,73,20,3,17,4.25,0.18150684931506844,30.698630136986303,2644,28,27.397260273972602,FAIBLE,1,2,0,1
180295,9975,CLASSIQUE,40,50,72,11,3,8,2.5,0.2118055555555555,29.90277777777778,2646,30,15.277777777777779,FAIBLE,1,0,0,1
180295,9980,CLASSIQUE,40,50,68,8,4,4,2,0.22058823529411764,29.735294117647058,2650,33,11.764705882352942,FAIBLE,1,0,0,1
180295,9985,CLASSIQUE,40,50,69,10,4,6,2.5,0.21231884057971012,29.28985507246377,2653,35,14.492753623188406,FAIBLE,1,0,0,1
180295,9990,CLASSIQUE,40,50,67,11,5,6,2.75,0.20895522388059695,30.37313432835821,2655,35,16.417910447761194,FAIBLE,1,0,0,1
180295,9995,CLASSIQUE,40,50,63,14,7,7,3,0.1944444444444444,32.95238095238095,2659,36,22.22222222222222,FAIBLE,1,0,0,1
180295,10000,CLASSIQUE,40,50,66,14,7,7,3,0.19696969696969693,32.515151515151516,2660,33,21.21212121212121,FAIBLE,1,0,0,1
180295,10005,CLASSIQUE,40,50,66,14,7,7,3,0.1969696969696969,33.57575757575758,2660,30,21.21212121212121,FAIBLE,1,0,0,1
180295,10010,CLASSIQUE,40,50,66,14,7,7,3,0.1969696969696969,34.63636363636363,2661,27,21.21212121212121,FAIBLE,1,0,0,1
180295,10015,CLASSIQUE,40,50,66,14,7,7,3,0.19696969696969696,35.696969696969695,2661,25,21.21212121212121,FAIBLE,1,0,0,2
180295,10020,CLASSIQUE,40,50,66,18,10,8,3.75,0.18181818181818182,36.93939393939394,2662,24,27.272727272727273,FAIBLE,1,0,0,2
180295,10025,CLASSIQUE,40,50,67,23,14,9,4.5,0.164179104477612,37.97014925373134,2662,22,34.32835820895522,MOYENNE,1,0,0,2
180295,10030,CLASSIQUE,40,50,68,25,14,11,4.75,0.1580882352941177,39.14705882352941,2662,22,36.76470588235294,MOYENNE,2,0,2,2
180295,10035,CLASSIQUE,40,50,71,29,18,11,5.75,0.14788732394366202,39.45070422535211,2662,22,40.84507042253521,MOYENNE,2,2,2,0
180295,10040,CLASSIQUE,40,50,73,27,19,8,5.25,0.15753424657534246,38.80821917808219,2663,23,36.986301369863014,MOYENNE,2,2,2,0
180295,10045,CLASSIQUE,40,50,72,28,20,8,5.25,0.15208333333333338,40.583333333333336,2664,24,38.888888888888886,MOYENNE,2,2,2,0
180295,10050,CLASSIQUE,40,50,73,25,20,5,4.25,0.16438356164383566,40.47945205479452,2666,26,34.24657534246575,MOYENNE,0,2,1,0
180295,10055,CLASSIQUE,40,50,71,11,10,1,1.75,0.2112676056338028,40.647887323943664,2669,29,15.492957746478874,FAIBLE,0,1,1,0
180295,10060,CLASSIQUE,40,50,69,5,4,1,1.25,0.23188405797101438,38.95652173913044,2672,31,7.246376811594203,FAIBLE,0,1,1,0
180295,10065,CLASSIQUE,40,50,66,4,3,1,1,0.2348484848484848,38.36363636363637,2675,33,6.0606060606060606,FAIBLE,0,1,1,0
180295,10070,CLASSIQUE,40,50,66,5,4,1,1.25,0.231060606060606,36.5,2677,33,7.575757575757576,FAIBLE,0,1,1,0
180295,10075,CLASSIQUE,40,50,65,7,6,1,1.75,0.223076923076923,35.66153846153846,2680,34,10.76923076923077,FAIBLE,0,1,1,0
180295,10080,CLASSIQUE,40,50,65,8,7,1,2,0.21923076923076923,34.8,2682,32,12.307692307692308,FAIBLE,0,1,1,0
180295,10085,CLASSIQUE,40,50,65,8,7,1,2,0.2192307692307692,35.41538461538462,2683,30,12.307692307692308,FAIBLE,0,1,1,0
180295,10090,CLASSIQUE,40,50,66,8,7,1,2,0.21969696969696967,35.484848484848484,2683,28,12.121212121212121,FAIBLE,0,1,1,0
180295,10095,CLASSIQUE,40,50,67,9,7,2,2.25,0.21641791044776118,35.56716417910448,2683,24,13.432835820895523,FAIBLE,0,1,1,2
180295,10100,CLASSIQUE,40,50,68,15,7,8,3.75,0.19485294117647056,35.98529411764706,2683,23,22.058823529411764,FAIBLE,0,1,1,2
180295,10105,CLASSIQUE,40,50,70,16,7,9,4,0.18999999999999997,36.08571428571429,2683,23,22.857142857142858,FAIBLE,0,1,1,2
180295,10110,CLASSIQUE,40,50,71,17,7,10,4.25,0.19014084507042248,36.774647887323944,2683,22,23.943661971830984,FAIBLE,2,1,2,2
180295,10115,CLASSIQUE,40,50,72,22,7,15,5.25,0.17361111111111108,37.69444444444444,2683,22,30.555555555555557,MOYENNE,2,2,2,1
180295,10120,CLASSIQUE,40,50,71,25,7,18,5.25,0.15985915492957745,38.74647887323944,2684,22,35.2112676056338,MOYENNE,2,2,2,1
180295,10125,CLASSIQUE,40,50,72,31,9,22,6.5,0.14097222222222217,39.111111111111114,2685,23,43.05555555555556,MOYENNE,2,2,2,1
180295,10130,CLASSIQUE,40,50,70,23,4,19,4.5,0.16785714285714284,40.18571428571428,2687,25,32.857142857142854,MOYENNE,1,2,0,1
180295,10135,CLASSIQUE,40,50,69,16,3,13,3,0.1920289855072463,40.710144927536234,2689,27,23.18840579710145,FAIBLE,1,0,0,1
180295,10140,CLASSIQUE,40,50,67,11,3,8,2.5,0.20895522388059695,40.83582089552239,2691,28,16.417910447761194,FAIBLE,1,0,0,1
180295,10145,CLASSIQUE,40,50,64,9,3,6,2.25,0.21249999999999994,42.015625,2695,31,14.0625,FAIBLE,1,0,0,1
180295,10150,CLASSIQUE,40,50,64,10,4,6,2.5,0.21093749999999994,41.703125,2697,31,15.625,FAIBLE,1,0,0,1
180295,10155,CLASSIQUE,40,50,63,11,5,6,2.75,0.20634920634920628,42.26984126984127,2699,30,17.46031746031746,FAIBLE,1,0,0,1
180295,10160,CLASSIQUE,40,50,63,11,5,6,2.75,0.20634920634920634,42.38095238095238,2700,28,17.46031746031746,FAIBLE,1,0,0,1
180295,10165,CLASSIQUE,40,50,62,11,5,6,2.75,0.20564516129032256,43.645161290322584,2702,27,17.741935483870968,FAIBLE,1,0,0,1
180295,10170,CLASSIQUE,40,50,62,12,6,6,3,0.19919354838709674,44.596774193548384,2702,25,19.35483870967742,FAIBLE,1,0,0,1
180295,10175,CLASSIQUE,40,50,64,13,7,6,3.25,0.19921874999999997,44.21875,2702,22,20.3125,FAIBLE,1,0,0,2
180295,10180,CLASSIQUE,40,50,66,15,9,6,3.75,0.19318181818181815,43.90909090909091,2702,20,22.727272727272727,FAIBLE,1,0,0,2
180295,10185,CLASSIQUE,40,50,66,17,11,6,4.25,0.18560606060606052,45.18181818181818,2702,19,25.757575757575758,FAIBLE,1,0,0,2
180295,10190,CLASSIQUE,40,50,68,18,12,6,4.5,0.18382352941176464,45.14705882352941,2702,19,26.470588235294116,FAIBLE,2,0,2,2
180295,10195,CLASSIQUE,40,50,70,21,16,5,5.25,0.1721428571428571,45.3,2702,19,30,MOYENNE,2,2,2,0
180295,10200,CLASSIQUE,40,50,70,22,18,4,5.25,0.17142857142857137,45.32857142857143,2703,20,31.428571428571427,MOYENNE,2,2,2,0
180295,10205,CLASSIQUE,40,50,70,24,18,6,5.75,0.16428571428571423,45.65714285714286,2704,21,34.285714285714285,MOYENNE,2,2,2,0
180295,10210,CLASSIQUE,40,50,70,20,17,3,4.5,0.1785714285714285,44.74285714285714,2706,23,28.571428571428573,FAIBLE,0,2,1,0
180295,10215,CLASSIQUE,40,50,68,11,9,2,2.25,0.20955882352941171,43.05882352941177,2709,26,16.176470588235293,FAIBLE,0,1,1,0
180295,10220,CLASSIQUE,40,50,66,5,3,2,1.25,0.23106060606060597,39.78787878787879,2713,29,7.575757575757576,FAIBLE,0,1,1,0
180295,10225,CLASSIQUE,40,50,63,6,3,3,1.5,0.22619047619047614,39.285714285714285,2716,31,9.523809523809524,FAIBLE,0,1,1,0
180295,10230,CLASSIQUE,40,50,64,7,3,4,1.75,0.22265624999999992,37.09375,2718,31,10.9375,FAIBLE,0,1,1,0
180295,10235,CLASSIQUE,40,50,61,8,3,5,2,0.2172131147540983,37.73770491803279,2721,32,13.114754098360656,FAIBLE,0,1,1,0
180295,10240,CLASSIQUE,40,50,60,10,4,6,2.5,0.2083333333333333,36.75,2725,34,16.666666666666668,FAIBLE,0,1,1,0
180295,10245,CLASSIQUE,40,50,63,11,4,7,2.75,0.20634920634920628,35.111111111111114,2726,31,17.46031746031746,FAIBLE,0,1,1,0
180295,10250,CLASSIQUE,40,50,63,12,5,7,3,0.20238095238095238,35.73015873015873,2727,30,19.047619047619047,FAIBLE,0,1,1,0
180295,10255,CLASSIQUE,40,50,64,13,5,8,3.25,0.19921875,36.125,2727,28,20.3125,FAIBLE,0,1,1,2
180295,10260,CLASSIQUE,40,50,65,18,5,13,4.25,0.18076923076923074,36.83076923076923,2727,27,27.692307692307693,FAIBLE,0,1,1,2
180295,10265,CLASSIQUE,40,50,68,18,5,13,4.25,0.1838235294117647,36.529411764705884,2727,25,26.470588235294116,FAIBLE,0,1,1,2
180295,10270,CLASSIQUE,40,50,70,20,5,15,4.25,0.17571428571428568,36.82857142857143,2727,25,28.571428571428573,FAIBLE,2,1,2,2
180295,10275,CLASSIQUE,40,50,70,27,8,19,5.5,0.15428571428571428,38.58571428571429,2727,25,38.57142857142857,MOYENNE,2,2,2,1
180295,10280,CLASSIQUE,40,50,71,32,11,21,6,0.13732394366197181,38.95774647887324,2728,26,45.070422535211264,MOYENNE,2,2,2,1
180295,10285,CLASSIQUE,40,50,72,34,12,22,6.25,0.13194444444444445,40.208333333333336,2729,27,47.22222222222222,MOYENNE,2,2,2,1
180295,10290,CLASSIQUE,40,50,72,26,6,20,4.5,0.1597222222222222,41.59722222222222,2731,29,36.111111111111114,MOYENNE,1,2,0,1
180295,10295,CLASSIQUE,40,50,71,10,3,7,1.75,0.21478873239436616,41.70422535211268,2734,32,14.084507042253522,FAIBLE,1,0,0,1
180295,10300,CLASSIQUE,40,50,70,7,4,3,1.75,0.2207142857142857,40,2736,33,10,FAIBLE,1,0,0,1
180295,10305,CLASSIQUE,40,50,69,10,6,4,2.25,0.2130434782608696,38.79710144927536,2738,34,14.492753623188406,FAIBLE,1,0,0,1
180295,10310,CLASSIQUE,40,50,67,11,7,4,2.5,0.20895522388059687,39.134328358208954,2741,35,16.417910447761194,FAIBLE,1,0,0,1
180295,10315,CLASSIQUE,40,50,68,11,7,4,2.5,0.20955882352941171,38.05882352941177,2743,34,16.176470588235293,FAIBLE,1,0,0,1
180295,10320,CLASSIQUE,40,50,68,12,7,5,2.75,0.20588235294117643,38.838235294117645,2744,31,17.647058823529413,FAIBLE,1,0,0,1
180295,10325,CLASSIQUE,40,50,70,13,8,5,2.75,0.20357142857142863,38.6,2744,28,18.571428571428573,FAIBLE,1,0,0,1
180295,10330,CLASSIQUE,40,50,71,15,9,6,3.25,0.19718309859154928,39.014084507042256,2744,26,21.12676056338028,FAIBLE,1,0,0,1
180295,10335,CLASSIQUE,40,50,73,15,9,6,3.25,0.19863013698630141,38.97260273972603,2744,23,20.54794520547945,FAIBLE,1,0,0,2
180295,10340,CLASSIQUE,40,50,75,19,11,8,4,0.1866666666666667,39.04,2744,19,25.333333333333332,FAIBLE,1,0,0,2
180295,10345,CLASSIQUE,40,50,76,19,11,8,4,0.1875,39.776315789473685,2744,18,25,FAIBLE,1,0,0,2
180295,10350,CLASSIQUE,40,50,76,20,12,8,4.25,0.18421052631578946,41.0921052631579,2744,17,26.31578947368421,FAIBLE,2,0,2,2
180295,10355,CLASSIQUE,40,50,76,26,18,8,5.5,0.16447368421052636,42.64473684210526,2744,17,34.21052631578947,MOYENNE,2,2,2,0
180295,10360,CLASSIQUE,40,50,76,29,20,9,6,0.15460526315789475,43.14473684210526,2745,18,38.1578947368421,MOYENNE,2,2,2,0
180295,10365,CLASSIQUE,40,50,76,34,22,12,6.5,0.13684210526315796,44.421052631578945,2746,19,44.73684210526316,MOYENNE,2,2,2,0
180295,10370,CLASSIQUE,40,50,75,26,19,7,4.5,0.16333333333333333,45.013333333333335,2748,21,34.666666666666664,MOYENNE,0,2,1,0
180295,10375,CLASSIQUE,40,50,74,15,13,2,2.75,0.20067567567567562,43.608108108108105,2750,23,20.27027027027027,FAIBLE,0,1,1,0
180295,10380,CLASSIQUE,40,50,74,10,8,2,1.75,0.21621621621621623,39.9054054054054,2753,25,13.513513513513514,FAIBLE,0,1,1,0
180295,10385,CLASSIQUE,40,50,71,5,4,1,1.25,0.22957746478873237,38.028169014084504,2756,27,7.042253521126761,FAIBLE,0,1,1,0
180295,10390,CLASSIQUE,40,50,71,8,5,3,2,0.2218309859154929,36.57746478873239,2758,27,11.267605633802816,FAIBLE,0,1,1,0
180295,10395,CLASSIQUE,40,50,71,8,5,3,2,0.22183098591549288,36.59154929577465,2759,25,11.267605633802816,FAIBLE,0,1,1,0
180295,10400,CLASSIQUE,40,50,71,9,5,4,2.25,0.21830985915492954,36.53521126760563,2761,25,12.67605633802817,FAIBLE,0,1,1,0
180295,10405,CLASSIQUE,40,50,70,9,5,4,2.25,0.21785714285714283,37.457142857142856,2764,26,12.857142857142858,FAIBLE,0,1,1,0
180295,10410,CLASSIQUE,40,50,71,10,6,4,2.5,0.21478873239436616,37.57746478873239,2764,23,14.084507042253522,FAIBLE,0,1,1,0
180295,10415,CLASSIQUE,40,50,73,10,6,4,2.5,0.2157534246575342,37.23287671232877,2764,21,13.698630136986301,FAIBLE,0,1,1,2
180295,10420,CLASSIQUE,40,50,75,13,6,7,3,0.20666666666666664,36.986666666666665,2764,20,17.333333333333332,FAIBLE,0,1,1,2
180295,10425,CLASSIQUE,40,50,75,17,6,11,3.5,0.1933333333333333,38.04,2764,20,22.666666666666668,FAIBLE,0,1,1,2
180295,10430,CLASSIQUE,40,50,77,19,6,13,4,0.18831168831168832,38.1948051948052,2764,20,24.675324675324674,FAIBLE,2,1,2,2
180295,10435,CLASSIQUE,40,50,79,26,8,18,5.5,0.16772151898734178,38.65822784810127,2764,20,32.91139240506329,MOYENNE,2,2,2,1
180295,10440,CLASSIQUE,40,50,79,30,9,21,5.25,0.1550632911392405,39.34177215189873,2765,21,37.9746835443038,MOYENNE,2,2,2,1
180295,10445,CLASSIQUE,40,50,79,33,11,22,6,0.14556962025316456,40.48101265822785,2766,22,41.77215189873418,MOYENNE,2,2,2,1
180295,10450,CLASSIQUE,40,50,78,24,6,18,3.5,0.17307692307692307,41,2768,24,30.76923076923077,MOYENNE,1,2,0,1
180295,10455,CLASSIQUE,40,50,77,14,3,11,1.75,0.2019480519480519,39.79220779220779,2771,27,18.181818181818183,FAIBLE,1,0,0,1
180295,10460,CLASSIQUE,40,50,72,12,5,7,1.75,0.20833333333333334,38.736111111111114,2776,31,16.666666666666668,FAIBLE,1,0,0,1
180295,10465,CLASSIQUE,40,50,69,8,5,3,1.75,0.22101449275362312,38.56521739130435,2779,33,11.594202898550725,FAIBLE,1,0,0,1
180295,10470,CLASSIQUE,40,50,68,9,6,3,2,0.21691176470588236,38.13235294117647,2782,34,13.235294117647058,FAIBLE,1,0,0,1
180295,10475,CLASSIQUE,40,50,65,10,7,3,2,0.21153846153846154,39.815384615384616,2785,35,15.384615384615385,FAIBLE,1,0,0,1
180295,10480,CLASSIQUE,40,50,63,10,7,3,2,0.21031746031746035,41.79365079365079,2787,34,15.873015873015873,FAIBLE,1,0,0,1
180295,10485,CLASSIQUE,40,50,64,12,8,4,2.5,0.2,41.96875,2788,32,18.75,FAIBLE,1,0,0,1
180295,10490,CLASSIQUE,40,50,65,13,9,4,2.5,0.2,42.323076923076925,2788,30,20,FAIBLE,1,0,0,1
180295,10495,CLASSIQUE,40,50,66,14,9,5,2.75,0.19696969696969696,42.71212121212121,2788,29,21.21212121212121,FAIBLE,1,0,0,2
180295,10500,CLASSIQUE,40,50,68,18,12,6,3.75,0.18382352941176472,42.64705882352941,2788,27,26.470588235294116,FAIBLE,1,0,0,2
180295,10505,CLASSIQUE,40,50,70,21,15,6,4.25,0.17499999999999996,42.885714285714286,2788,24,30,MOYENNE,1,0,0,2
180295,10510,CLASSIQUE,40,50,72,21,15,6,4.25,0.1756944444444445,43.15277777777778,2788,24,29.166666666666668,FAIBLE,2,0,2,2
180295,10515,CLASSIQUE,40,50,73,24,18,6,5,0.1678082191780822,44.178082191780824,2788,24,32.87671232876713,MOYENNE,2,2,2,0
180295,10520,CLASSIQUE,40,50,73,23,19,4,4.75,0.17123287671232873,44.397260273972606,2789,25,31.506849315068493,MOYENNE,2,2,2,0
180295,10525,CLASSIQUE,40,50,75,30,21,9,5.25,0.15,44.026666666666664,2790,26,40,MOYENNE,2,2,2,0
180295,10530,CLASSIQUE,40,50,74,20,19,1,3.25,0.18243243243243248,44.25675675675676,2792,28,27.027027027027028,FAIBLE,0,2,1,0
180295,10535,CLASSIQUE,40,50,72,14,12,2,1.75,0.20000000000000007,43.736111111111114,2795,31,19.444444444444443,FAIBLE,0,1,1,0
180295,10540,CLASSIQUE,40,50,70,2,2,0,0.5,0.2428571428571428,41.4,2799,34,2.857142857142857,FAIBLE,0,1,1,0
180295,10545,CLASSIQUE,40,50,67,3,3,0,0.5,0.23582089552238797,39.92537313432836,2802,36,4.477611940298507,FAIBLE,0,1,1,0
180295,10550,CLASSIQUE,40,50,66,7,7,0,1.75,0.22348484848484848,37.93939393939394,2805,37,10.606060606060606,FAIBLE,0,1,1,0
180295,10555,CLASSIQUE,40,50,65,7,6,1,1.75,0.22076923076923075,36.676923076923075,2808,37,10.76923076923077,FAIBLE,0,1,1,0
180295,10560,CLASSIQUE,40,50,62,7,6,1,1.75,0.22177419354838707,37.38709677419355,2811,35,11.290322580645162,FAIBLE,0,1,1,0
180295,10565,CLASSIQUE,40,50,61,7,6,1,1.75,0.221311475409836,38.131147540983605,2813,34,11.475409836065573,FAIBLE,0,1,1,0
180295,10570,CLASSIQUE,40,50,62,8,7,1,2,0.2177419354838709,38.12903225806452,2813,31,12.903225806451612,FAIBLE,0,1,1,0
180295,10575,CLASSIQUE,40,50,64,9,7,2,2.25,0.21484374999999997,37.578125,2813,28,14.0625,FAIBLE,0,1,1,2
180295,10580,CLASSIQUE,40,50,65,11,7,4,2.75,0.20769230769230765,37.738461538461536,2813,26,16.923076923076923,FAIBLE,0,1,1,2
180295,10585,CLASSIQUE,40,50,65,13,7,6,3.25,0.19923076923076924,38.723076923076924,2813,25,20,FAIBLE,0,1,1,2
180295,10590,CLASSIQUE,40,50,67,15,8,7,3.5,0.19402985074626863,38.656716417910445,2813,25,22.388059701492537,FAIBLE,2,1,2,2
180295,10595,CLASSIQUE,40,50,67,20,10,10,4.75,0.17537313432835816,39.97014925373134,2813,25,29.850746268656717,FAIBLE,2,2,2,1
180295,10600,CLASSIQUE,40,50,67,24,14,10,5,0.16044776119402984,41.32835820895522,2814,26,35.82089552238806,MOYENNE,2,2,2,1
180295,10605,CLASSIQUE,40,50,67,26,14,12,5.5,0.1529850746268657,43.059701492537314,2815,27,38.80597014925373,MOYENNE,2,2,2,1
180295,10610,CLASSIQUE,40,50,65,16,7,9,3.25,0.1884615384615384,44.55384615384615,2817,29,24.615384615384617,FAIBLE,1,2,0,1
180295,10615,CLASSIQUE,40,50,63,5,2,3,1.25,0.2285714285714285,43.888888888888886,2820,32,7.936507936507937,FAIBLE,1,0,0,1
180295,10620,CLASSIQUE,40,50,62,7,4,3,1.5,0.2217741935483871,40.54838709677419,2823,34,11.290322580645162,FAIBLE,1,0,0,1
180295,10625,CLASSIQUE,40,50,60,6,2,4,1.5,0.22499999999999995,39.28333333333333,2825,35,10,FAIBLE,1,0,0,1
180295,10630,CLASSIQUE,40,50,58,6,2,4,1.5,0.2241379310344827,38.3448275862069,2828,36,10.344827586206897,FAIBLE,1,0,0,1
180295,10635,CLASSIQUE,40,50,59,6,2,4,1.5,0.22457627118644063,36.47457627118644,2830,35,10.169491525423728,FAIBLE,1,0,0,1
180295,10640,CLASSIQUE,40,50,57,6,2,4,1.5,0.22368421052631574,37.24561403508772,2832,33,10.526315789473685,FAIBLE,1,0,0,1
180295,10645,CLASSIQUE,40,50,58,6,2,4,1.5,0.22413793103448273,37.12068965517241,2832,30,10.344827586206897,FAIBLE,1,0,0,1
180295,10650,CLASSIQUE,40,50,58,6,2,4,1.5,0.2241379310344827,37.63793103448276,2832,27,10.344827586206897,FAIBLE,1,0,0,1
180295,10655,CLASSIQUE,40,50,59,6,2,4,1.5,0.2245762711864406,37.50847457627118,2832,24,10.169491525423728,FAIBLE,1,0,0,2
180295,10660,CLASSIQUE,40,50,60,8,4,4,2,0.21666666666666662,37.43333333333333,2832,21,13.333333333333334,FAIBLE,1,0,0,2
180295,10665,CLASSIQUE,40,50,61,11,6,5,2.75,0.2049180327868852,37.65573770491803,2832,19,18.0327868852459,FAIBLE,1,0,0,2
180295,10670,CLASSIQUE,40,50,63,12,7,5,3,0.2023809523809523,37.34920634920635,2832,19,19.047619047619047,FAIBLE,2,0,2,2
180295,10675,CLASSIQUE,40,50,63,18,13,5,4.25,0.17857142857142855,38.58730158730159,2832,19,28.571428571428573,FAIBLE,2,2,2,0
180295,10680,CLASSIQUE,40,50,64,20,16,4,4,0.171875,37.84375,2833,20,31.25,MOYENNE,2,2,2,0
180295,10685,CLASSIQUE,40,50,63,21,17,4,4,0.16666666666666666,38.57142857142857,2834,21,33.333333333333336,MOYENNE,2,2,2,0
180295,10690,CLASSIQUE,40,50,61,14,14,0,2.25,0.19262295081967212,38.442622950819676,2836,23,22.950819672131146,FAIBLE,0,2,1,0
180295,10695,CLASSIQUE,40,50,59,10,10,0,1.25,0.20762711864406777,36.28813559322034,2839,26,16.949152542372882,FAIBLE,0,1,1,0
180295,10700,CLASSIQUE,40,50,57,2,2,0,0.5,0.24122807017543854,32.771929824561404,2843,29,3.508771929824561,FAIBLE,0,1,1,0
180295,10705,CLASSIQUE,40,50,53,2,2,0,0.5,0.240566037735849,31.169811320754718,2847,32,3.7735849056603774,FAIBLE,0,1,1,0
180295,10710,CLASSIQUE,40,50,52,3,3,0,0.75,0.23557692307692302,29.423076923076923,2850,33,5.769230769230769,FAIBLE,0,1,1,0
180295,10715,CLASSIQUE,40,50,52,4,3,1,1,0.23076923076923067,29.076923076923077,2852,32,7.6923076923076925,FAIBLE,0,1,1,0
180295,10720,CLASSIQUE,40,50,51,4,3,1,1,0.23039215686274503,29.80392156862745,2854,31,7.8431372549019605,FAIBLE,0,1,1,0
180295,10725,CLASSIQUE,40,50,51,4,3,1,1,0.23039215686274508,30.058823529411764,2856,31,7.8431372549019605,FAIBLE,0,1,1,0
180295,10730,CLASSIQUE,40,50,50,4,3,1,1,0.23,31.04,2857,29,8,FAIBLE,0,1,1,0
180295,10735,CLASSIQUE,40,50,51,6,3,3,1.5,0.2205882352941176,30.92156862745098,2857,27,11.764705882352942,FAIBLE,0,1,1,2
180295,10740,CLASSIQUE,40,50,53,8,3,5,2,0.21226415094339615,30.37735849056604,2857,25,15.09433962264151,FAIBLE,0,1,1,2
180295,10745,CLASSIQUE,40,50,56,9,3,6,2.25,0.20982142857142852,29.553571428571427,2857,25,16.071428571428573,FAIBLE,0,1,1,2
180295,10750,CLASSIQUE,40,50,57,10,4,6,2.5,0.20614035087719298,29.894736842105264,2857,25,17.54385964912281,FAIBLE,2,1,2,2
180295,10755,CLASSIQUE,40,50,58,15,6,9,3.75,0.1853448275862069,30.46551724137931,2857,25,25.862068965517242,FAIBLE,2,2,2,1
180295,10760,CLASSIQUE,40,50,58,19,9,10,4,0.16810344827586204,31.586206896551722,2858,26,32.758620689655174,MOYENNE,2,2,2,1
180295,10765,CLASSIQUE,40,50,57,22,9,13,4.75,0.1535087719298245,33.73684210526316,2859,27,38.59649122807018,MOYENNE,2,2,2,1
180295,10770,CLASSIQUE,40,50,59,14,4,10,2.75,0.19067796610169485,33.016949152542374,2860,28,23.728813559322035,FAIBLE,1,2,0,1
180295,10775,CLASSIQUE,40,50,59,8,0,8,2,0.2161016949152542,32,2863,31,13.559322033898304,FAIBLE,1,0,0,1
180295,10780,CLASSIQUE,40,50,57,4,0,4,1,0.23245614035087714,30.157894736842106,2866,33,7.017543859649122,FAIBLE,1,0,0,1
180295,10785,CLASSIQUE,40,50,57,4,0,4,1,0.2324561403508772,27.75438596491228,2868,34,7.017543859649122,FAIBLE,1,0,0,1
180295,10790,CLASSIQUE,40,50,56,6,0,6,1.5,0.22321428571428564,26.107142857142858,2871,35,10.714285714285714,FAIBLE,1,0,0,1
180295,10795,CLASSIQUE,40,50,53,7,1,6,1.75,0.21698113207547168,26.67924528301887,2874,35,13.20754716981132,FAIBLE,1,0,0,1
180295,10800,CLASSIQUE,40,50,53,8,1,7,2,0.21226415094339623,27.358490566037737,2875,32,15.09433962264151,FAIBLE,1,0,0,1
180295,10805,CLASSIQUE,40,50,54,8,1,7,2,0.21296296296296297,27.59259259259259,2876,29,14.814814814814815,FAIBLE,1,0,0,1
180295,10810,CLASSIQUE,40,50,54,8,1,7,2,0.21296296296296297,28.333333333333332,2876,26,14.814814814814815,FAIBLE,1,0,0,1
180295,10815,CLASSIQUE,40,50,54,8,1,7,2,0.21111111111111108,29.074074074074073,2876,24,14.814814814814815,FAIBLE,1,0,0,2
180295,10820,CLASSIQUE,40,50,55,11,3,8,2.75,0.19999999999999993,29.418181818181818,2876,22,20,FAIBLE,1,0,0,2
180295,10825,CLASSIQUE,40,50,59,15,7,8,3.75,0.18644067796610164,28.610169491525422,2876,20,25.423728813559322,FAIBLE,1,0,0,2
180295,10830,CLASSIQUE,40,50,60,16,8,8,4,0.18333333333333326,29.4,2876,19,26.666666666666668,FAIBLE,2,0,2,2
180295,10835,CLASSIQUE,40,50,61,19,12,7,4.75,0.17213114754098355,30.459016393442624,2876,19,31.147540983606557,MOYENNE,2,2,2,0
180295,10840,CLASSIQUE,40,50,61,20,13,7,5,0.16803278688524584,31.852459016393443,2877,20,32.78688524590164,MOYENNE,2,2,2,0
180295,10845,CLASSIQUE,40,50,63,22,13,9,5.25,0.16269841269841265,32.57142857142857,2877,20,34.92063492063492,MOYENNE,2,2,2,0
180295,10850,CLASSIQUE,40,50,63,15,10,5,3.5,0.1904761904761904,32.285714285714285,2878,21,23.80952380952381,FAIBLE,0,2,1,0
180295,10855,CLASSIQUE,40,50,62,10,8,2,2.5,0.20967741935483866,29.919354838709676,2880,23,16.129032258064516,FAIBLE,0,1,1,0
180295,10860,CLASSIQUE,40,50,61,6,5,1,1.5,0.2245901639344262,26.901639344262296,2883,25,9.836065573770492,FAIBLE,0,1,1,0
180295,10865,CLASSIQUE,40,50,59,7,6,1,1.75,0.2203389830508474,25.338983050847457,2886,27,11.864406779661017,FAIBLE,0,1,1,0
180295,10870,CLASSIQUE,40,50,57,7,6,1,1.75,0.21929824561403505,26.228070175438596,2889,29,12.280701754385966,FAIBLE,0,1,1,0
180295,10875,CLASSIQUE,40,50,57,7,6,1,1.75,0.21578947368421048,26.29824561403509,2890,27,12.280701754385966,FAIBLE,0,1,1,0
180295,10880,CLASSIQUE,40,50,58,8,6,2,2,0.21551724137931033,26.103448275862068,2891,25,13.793103448275861,FAIBLE,0,1,1,0
180295,10885,CLASSIQUE,40,50,59,8,6,2,2,0.21610169491525424,26.338983050847457,2891,23,13.559322033898304,FAIBLE,0,1,1,0
180295,10890,CLASSIQUE,40,50,61,9,7,2,2.25,0.2131147540983606,26.16393442622951,2891,20,14.754098360655737,FAIBLE,0,1,1,0
180295,10895,CLASSIQUE,40,50,61,10,7,3,2.5,0.2090163934426229,26.950819672131146,2892,18,16.39344262295082,FAIBLE,0,1,1,2
180295,10900,CLASSIQUE,40,50,65,15,7,8,3.75,0.19230769230769232,26.276923076923076,2892,17,23.076923076923077,FAIBLE,0,1,1,2
180295,10905,CLASSIQUE,40,50,65,16,7,9,3.75,0.18846153846153843,27.50769230769231,2892,16,24.615384615384617,FAIBLE,0,1,1,2
180295,10910,CLASSIQUE,40,50,65,17,7,10,4,0.18461538461538457,28.8,2892,16,26.153846153846153,FAIBLE,2,1,2,2
180295,10915,CLASSIQUE,40,50,68,23,9,14,5.5,0.16544117647058817,28.985294117647058,2892,16,33.8235294117647,MOYENNE,2,2,2,1
180295,10920,CLASSIQUE,40,50,70,23,7,16,5.25,0.1664285714285714,29.257142857142856,2893,17,32.857142857142854,MOYENNE,2,2,2,1
180295,10925,CLASSIQUE,40,50,70,27,8,19,5.75,0.15428571428571425,30.914285714285715,2894,18,38.57142857142857,MOYENNE,2,2,2,1
180295,10930,CLASSIQUE,40,50,68,18,4,14,3.5,0.18382352941176466,32.455882352941174,2896,20,26.470588235294116,FAIBLE,1,2,0,1
180295,10935,CLASSIQUE,40,50,67,11,3,8,2.25,0.20895522388059698,32.059701492537314,2899,23,16.417910447761194,FAIBLE,1,0,0,1
180295,10940,CLASSIQUE,40,50,65,4,3,1,1,0.23461538461538453,30.53846153846154,2902,25,6.153846153846154,FAIBLE,1,0,0,1
180295,10945,CLASSIQUE,40,50,64,7,5,2,1.75,0.22265624999999994,30.828125,2905,28,10.9375,FAIBLE,1,0,0,1
180295,10950,CLASSIQUE,40,50,67,7,5,2,1.75,0.2208955223880597,29.388059701492537,2906,28,10.447761194029852,FAIBLE,1,0,0,1
180295,10955,CLASSIQUE,40,50,70,9,6,3,2.25,0.21785714285714286,28.642857142857142,2907,27,12.857142857142858,FAIBLE,1,0,0,1
180295,10960,CLASSIQUE,40,50,69,11,7,4,2.75,0.21014492753623185,29.768115942028984,2908,25,15.942028985507246,FAIBLE,1,0,0,1
180295,10965,CLASSIQUE,40,50,72,11,7,4,2.75,0.21180555555555547,29.291666666666668,2908,22,15.277777777777779,FAIBLE,1,0,0,1
180295,10970,CLASSIQUE,40,50,72,13,8,5,3,0.2048611111111111,30.11111111111111,2909,20,18.055555555555557,FAIBLE,1,0,0,1
180295,10975,CLASSIQUE,40,50,74,14,9,5,3.25,0.20270270270270266,30.18918918918919,2910,20,18.91891891891892,FAIBLE,1,0,0,2
180295,10980,CLASSIQUE,40,50,75,18,12,6,4.25,0.19,30.84,2910,19,24,FAIBLE,1,0,0,2
180295,10985,CLASSIQUE,40,50,75,24,17,7,5.25,0.16866666666666671,32.32,2910,19,32,MOYENNE,1,0,0,2
180295,10990,CLASSIQUE,40,50,76,27,19,8,5.5,0.1605263157894737,33.60526315789474,2910,19,35.526315789473685,MOYENNE,2,0,2,2
180295,10995,CLASSIQUE,40,50,79,31,23,8,6.25,0.1518987341772152,34.22784810126582,2910,18,39.24050632911393,MOYENNE,2,2,2,0
180295,11000,CLASSIQUE,40,50,80,32,25,7,6.75,0.15,34.8875,2911,19,40,MOYENNE,2,2,2,0
180295,11005,CLASSIQUE,40,50,79,37,26,11,7.5,0.13291139240506328,37.30379746835443,2912,20,46.835443037974684,MOYENNE,2,2,2,0
180295,11010,CLASSIQUE,40,50,78,32,26,6,6,0.1474358974358975,39.47435897435897,2913,21,41.02564102564103,MOYENNE,0,2,1,0
180295,11015,CLASSIQUE,40,50,78,19,15,4,3.75,0.18717948717948718,38.705128205128204,2915,23,24.358974358974358,FAIBLE,0,1,1,0
180295,11020,CLASSIQUE,40,50,78,9,7,2,2.25,0.21987179487179484,36.67948717948718,2918,25,11.538461538461538,FAIBLE,0,1,1,0
180295,11025,CLASSIQUE,40,50,75,11,8,3,2.75,0.21066666666666664,36.49333333333333,2921,27,14.666666666666666,FAIBLE,0,1,1,0
180295,11030,CLASSIQUE,40,50,73,12,8,4,3,0.20890410958904104,36.21917808219178,2923,27,16.438356164383563,FAIBLE,0,1,1,0
180295,11035,CLASSIQUE,40,50,70,13,8,5,3.25,0.20142857142857143,37.385714285714286,2926,27,18.571428571428573,FAIBLE,0,1,1,0
180295,11040,CLASSIQUE,40,50,68,16,10,6,3.75,0.19117647058823528,38.779411764705884,2929,27,23.529411764705884,FAIBLE,0,1,1,0
180295,11045,CLASSIQUE,40,50,68,16,10,6,3.75,0.19117647058823528,39.955882352941174,2930,25,23.529411764705884,FAIBLE,0,1,1,0
180295,11050,CLASSIQUE,40,50,68,16,10,6,3.75,0.19117647058823525,41.13235294117647,2930,24,23.529411764705884,FAIBLE,0,1,1,0
180295,11055,CLASSIQUE,40,50,70,17,11,6,3.75,0.1892857142857143,41.128571428571426,2930,23,24.285714285714285,FAIBLE,0,1,1,2
180295,11060,CLASSIQUE,40,50,71,20,11,9,4.5,0.1795774647887324,41.83098591549296,2930,22,28.169014084507044,FAIBLE,0,1,1,2
180295,11065,CLASSIQUE,40,50,73,26,11,15,5.5,0.16095890410958907,42.31506849315068,2930,22,35.61643835616438,MOYENNE,0,1,1,2
180295,11070,CLASSIQUE,40,50,74,26,11,15,5.5,0.16216216216216217,43.5,2930,21,35.13513513513514,MOYENNE,2,1,2,2
180295,11075,CLASSIQUE,40,50,75,31,12,19,6.75,0.14666666666666667,44.84,2930,20,41.333333333333336,MOYENNE,2,2,2,1
180295,11080,CLASSIQUE,40,50,75,33,13,20,6.5,0.14000000000000004,46.49333333333333,2931,21,44,MOYENNE,2,2,2,1
180295,11085,CLASSIQUE,40,50,74,33,13,20,6.5,0.13851351351351351,48.87837837837838,2932,22,44.5945945945946,MOYENNE,2,2,2,1
180295,11090,CLASSIQUE,40,50,74,20,3,17,3.75,0.18243243243243237,49.472972972972975,2933,23,27.027027027027028,FAIBLE,1,2,0,1
180295,11095,CLASSIQUE,40,50,73,12,3,9,2.5,0.20890410958904104,48.67123287671233,2935,25,16.438356164383563,FAIBLE,1,0,0,1
180295,11100,CLASSIQUE,40,50,70,9,3,6,2,0.21785714285714278,47.357142857142854,2939,28,12.857142857142858,FAIBLE,1,0,0,1
180295,11105,CLASSIQUE,40,50,69,5,2,3,1.25,0.2318840579710144,45.028985507246375,2942,30,7.246376811594203,FAIBLE,1,0,0,1
180295,11110,CLASSIQUE,40,50,66,6,3,3,1.5,0.2272727272727272,45.121212121212125,2945,32,9.090909090909092,FAIBLE,1,0,0,1
180295,11115,CLASSIQUE,40,50,65,6,3,3,1.5,0.22692307692307687,45.707692307692305,2946,31,9.23076923076923,FAIBLE,1,0,0,1
180295,11120,CLASSIQUE,40,50,64,7,3,4,1.75,0.22265624999999992,46.40625,2949,31,10.9375,FAIBLE,1,0,0,1
180295,11125,CLASSIQUE,40,50,65,8,4,4,2,0.21923076923076917,45.784615384615385,2950,29,12.307692307692308,FAIBLE,1,0,0,1
180295,11130,CLASSIQUE,40,50,66,8,4,4,2,0.21969696969696964,45.696969696969695,2950,27,12.121212121212121,FAIBLE,1,0,0,1
180295,11135,CLASSIQUE,40,50,70,9,5,4,2.25,0.21785714285714283,43.67142857142857,2950,24,12.857142857142858,FAIBLE,1,0,0,2
180295,11140,CLASSIQUE,40,50,70,12,8,4,3,0.2071428571428571,44.371428571428574,2950,21,17.142857142857142,FAIBLE,1,0,0,2
180295,11145,CLASSIQUE,40,50,71,14,10,4,3.5,0.20070422535211263,44.71830985915493,2950,20,19.718309859154928,FAIBLE,1,0,0,2
180295,11150,CLASSIQUE,40,50,71,15,10,5,3.75,0.19718309859154923,45.71830985915493,2950,20,21.12676056338028,FAIBLE,2,0,2,2
180295,11155,CLASSIQUE,40,50,71,19,14,5,4.75,0.18028169014084502,45.521126760563384,2951,21,26.760563380281692,FAIBLE,2,2,2,0
180295,11160,CLASSIQUE,40,50,70,23,19,4,4.75,0.16785714285714282,46.34285714285714,2952,22,32.857142857142854,MOYENNE,2,2,2,0
180295,11165,CLASSIQUE,40,50,71,26,20,6,5.25,0.15845070422535207,46.28169014084507,2953,23,36.61971830985915,MOYENNE,2,2,2,0
180295,11170,CLASSIQUE,40,50,69,22,18,4,4,0.17028985507246375,46.971014492753625,2955,25,31.884057971014492,MOYENNE,0,2,1,0
180295,11175,CLASSIQUE,40,50,67,11,9,2,2,0.20895522388059695,46.417910447761194,2958,28,16.417910447761194,FAIBLE,0,1,1,0
180295,11180,CLASSIQUE,40,50,64,6,4,2,1,0.22656249999999994,44.65625,2962,31,9.375,FAIBLE,0,1,1,0
180295,11185,CLASSIQUE,40,50,60,6,3,3,1.5,0.22166666666666668,44.53333333333333,2966,34,10,FAIBLE,0,1,1,0
180295,11190,CLASSIQUE,40,50,58,8,4,4,2,0.21551724137931028,43.689655172413794,2969,36,13.793103448275861,FAIBLE,0,1,1,0
180295,11195,CLASSIQUE,40,50,56,9,4,5,2.25,0.20982142857142852,43.5,2972,37,16.071428571428573,FAIBLE,0,1,1,0
180295,11200,CLASSIQUE,40,50,54,9,4,5,2.25,0.2083333333333333,44.574074074074076,2976,37,16.666666666666668,FAIBLE,0,1,1,0
180295,11205,CLASSIQUE,40,50,54,9,4,5,2.25,0.20833333333333326,45.407407407407405,2976,34,16.666666666666668,FAIBLE,0,1,1,0
180295,11210,CLASSIQUE,40,50,55,9,4,5,2.25,0.20909090909090905,45.4,2976,31,16.363636363636363,FAIBLE,0,1,1,0
180295,11215,CLASSIQUE,40,50,57,10,4,6,2.5,0.20614035087719296,44.666666666666664,2976,30,17.54385964912281,FAIBLE,0,1,1,2
180295,11220,CLASSIQUE,40,50,57,13,5,8,3.25,0.1929824561403508,45.64912280701754,2976,27,22.80701754385965,FAIBLE,0,1,1,2
180295,11225,CLASSIQUE,40,50,60,16,5,11,3.75,0.18333333333333326,44.65,2976,26,26.666666666666668,FAIBLE,0,1,1,2
180295,11230,CLASSIQUE,40,50,60,16,5,11,3.75,0.1833333333333333,45.983333333333334,2976,26,26.666666666666668,FAIBLE,2,1,2,2
180295,11235,CLASSIQUE,40,50,60,17,4,13,4,0.17249999999999993,47.38333333333333,2976,26,28.333333333333332,FAIBLE,2,2,2,1
180295,11240,CLASSIQUE,40,50,60,22,7,15,4.75,0.15833333333333327,47.583333333333336,2977,27,36.666666666666664,MOYENNE,2,2,2,1
180295,11245,CLASSIQUE,40,50,60,22,7,15,4.75,0.15833333333333321,48.333333333333336,2978,28,36.666666666666664,MOYENNE,2,2,2,1
180295,11250,CLASSIQUE,40,50,58,14,1,13,3,0.18189655172413793,49.06896551724138,2980,30,24.137931034482758,FAIBLE,1,2,0,1
180295,11255,CLASSIQUE,40,50,56,7,1,6,1.5,0.21874999999999994,47.767857142857146,2983,32,12.5,FAIBLE,1,0,0,1
180295,11260,CLASSIQUE,40,50,52,3,1,2,0.75,0.23557692307692302,46.01923076923077,2987,35,5.769230769230769,FAIBLE,1,0,0,1
180295,11265,CLASSIQUE,40,50,49,4,1,3,1,0.2295918367346938,43.91836734693877,2990,37,8.16326530612245,FAIBLE,1,0,0,1
180295,11270,CLASSIQUE,40,50,48,5,1,4,1.25,0.22395833333333323,41.458333333333336,2992,37,10.416666666666666,FAIBLE,1,0,0,1
180295,11275,CLASSIQUE,40,50,46,6,2,4,1.5,0.21739130434782594,39.30434782608695,2995,37,13.043478260869565,FAIBLE,1,0,0,1
180295,11280,CLASSIQUE,40,50,45,6,2,4,1.5,0.21666666666666667,40.422222222222224,2996,34,13.333333333333334,FAIBLE,1,0,0,1
180295,11285,CLASSIQUE,40,50,47,6,2,4,1.5,0.21808510638297868,39,2997,31,12.76595744680851,FAIBLE,1,0,0,1
180295,11290,CLASSIQUE,40,50,46,6,2,4,1.5,0.21739130434782605,40.5,2998,29,13.043478260869565,FAIBLE,1,0,0,1
180295,11295,CLASSIQUE,40,50,49,7,3,4,1.75,0.21428571428571427,38.6530612244898,2998,26,14.285714285714286,FAIBLE,1,0,0,2
180295,11300,CLASSIQUE,40,50,51,10,6,4,2.5,0.20098039215686267,38.05882352941177,2998,22,19.607843137254903,FAIBLE,1,0,0,2
180295,11305,CLASSIQUE,40,50,51,10,6,4,2.5,0.20098039215686267,39.03921568627451,2998,22,19.607843137254903,FAIBLE,1,0,0,2
180295,11310,CLASSIQUE,40,50,53,12,7,5,3,0.1933962264150943,38.58490566037736,2998,22,22.641509433962263,FAIBLE,2,0,2,2
180295,11315,CLASSIQUE,40,50,57,12,8,4,2.75,0.19736842105263153,37.1578947368421,2998,22,21.05263157894737,FAIBLE,2,2,2,0
180295,11320,CLASSIQUE,40,50,57,13,9,4,3.25,0.1929824561403508,37.228070175438596,2999,23,22.80701754385965,FAIBLE,2,2,2,0
180295,11325,CLASSIQUE,40,50,56,17,9,8,3.75,0.1741071428571428,38.94642857142857,3000,24,30.357142857142858,MOYENNE,2,2,2,0
180295,11330,CLASSIQUE,40,50,55,10,8,2,2.5,0.20454545454545447,38.945454545454545,3001,25,18.181818181818183,FAIBLE,0,2,1,0
180295,11335,CLASSIQUE,40,50,54,9,6,3,2,0.20833333333333334,36.648148148148145,3003,27,16.666666666666668,FAIBLE,0,1,1,0
180295,11340,CLASSIQUE,40,50,51,3,2,1,0.75,0.23529411764705882,35.333333333333336,3006,29,5.882352941176471,FAIBLE,0,1,1,0
180295,11345,CLASSIQUE,40,50,49,4,2,2,1,0.2295918367346938,34.36734693877551,3008,30,8.16326530612245,FAIBLE,0,1,1,0
180295,11350,CLASSIQUE,40,50,47,5,2,3,1.25,0.2234042553191489,34.255319148936174,3011,31,10.638297872340425,FAIBLE,0,1,1,0
180295,11355,CLASSIQUE,40,50,47,5,2,3,1.25,0.22340425531914893,33.638297872340424,3013,30,10.638297872340425,FAIBLE,0,1,1,0
180295,11360,CLASSIQUE,40,50,47,7,3,4,1.75,0.21276595744680848,34.297872340425535,3013,26,14.893617021276595,FAIBLE,0,1,1,0
180295,11365,CLASSIQUE,40,50,48,8,4,4,2,0.20833333333333334,34.395833333333336,3014,24,16.666666666666668,FAIBLE,0,1,1,0
180295,11370,CLASSIQUE,40,50,48,9,4,5,2.25,0.20312499999999997,35.3125,3014,22,18.75,FAIBLE,0,1,1,0
180295,11375,CLASSIQUE,40,50,50,9,4,5,2.25,0.20499999999999993,34.8,3014,19,18,FAIBLE,0,1,1,2
180295,11380,CLASSIQUE,40,50,52,12,5,7,3,0.19230769230769232,34.44230769230769,3014,18,23.076923076923077,FAIBLE,0,1,1,2
180295,11385,CLASSIQUE,40,50,52,13,5,8,3.25,0.18749999999999994,35.69230769230769,3014,17,25,FAIBLE,0,1,1,2
180295,11390,CLASSIQUE,40,50,52,13,5,8,3.25,0.18749999999999994,36.94230769230769,3014,16,25,FAIBLE,2,1,2,2
180295,11395,CLASSIQUE,40,50,54,15,4,11,3.75,0.1805555555555555,36.98148148148148,3014,16,27.77777777777778,FAIBLE,2,2,2,1
180295,11400,CLASSIQUE,40,50,54,12,1,11,3,0.1944444444444444,36.18518518518518,3015,17,22.22222222222222,FAIBLE,2,2,2,1
180295,11405,CLASSIQUE,40,50,57,13,2,11,3.25,0.18947368421052627,34.24561403508772,3016,18,22.80701754385965,FAIBLE,2,2,2,1
180295,11410,CLASSIQUE,40,50,56,9,0,9,2.25,0.20982142857142852,32.964285714285715,3018,20,16.071428571428573,FAIBLE,1,2,0,1
180295,11415,CLASSIQUE,40,50,56,3,0,3,0.75,0.2330357142857142,30.107142857142858,3021,23,5.357142857142857,FAIBLE,1,0,0,1
180295,11420,CLASSIQUE,40,50,54,3,1,2,0.75,0.23611111111111105,27.62962962962963,3024,25,5.555555555555555,FAIBLE,1,0,0,1
180295,11425,CLASSIQUE,40,50,53,3,1,2,0.75,0.2358490566037736,26.358490566037737,3026,26,5.660377358490566,FAIBLE,1,0,0,1
180295,11430,CLASSIQUE,40,50,51,4,1,3,1,0.23039215686274506,25.686274509803923,3028,27,7.8431372549019605,FAIBLE,1,0,0,1
180295,11435,CLASSIQUE,40,50,50,5,2,3,1.25,0.22499999999999998,25.24,3030,27,10,FAIBLE,1,0,0,1
180295,11440,CLASSIQUE,40,50,53,5,2,3,1.25,0.22641509433962265,24.28301886792453,3031,25,9.433962264150944,FAIBLE,1,0,0,1
180295,11445,CLASSIQUE,40,50,53,7,2,5,1.75,0.2169811320754717,24.849056603773583,3032,24,13.20754716981132,FAIBLE,1,0,0,1
180295,11450,CLASSIQUE,40,50,54,7,2,5,1.75,0.2175925925925926,25.037037037037038,3032,21,12.962962962962964,FAIBLE,1,0,0,1
180295,11455,CLASSIQUE,40,50,58,8,3,5,2,0.2120689655172414,23.93103448275862,3032,19,13.793103448275861,FAIBLE,1,0,0,2
180295,11460,CLASSIQUE,40,50,61,12,5,7,3,0.20081967213114751,23.557377049180328,3032,19,19.672131147540984,FAIBLE,1,0,0,2
180295,11465,CLASSIQUE,40,50,65,15,8,7,3.75,0.19230769230769226,23.184615384615384,3032,18,23.076923076923077,FAIBLE,1,0,0,2
180295,11470,CLASSIQUE,40,50,65,19,11,8,4.75,0.1761538461538462,24.446153846153845,3032,18,29.23076923076923,FAIBLE,2,0,2,2
180295,11475,CLASSIQUE,40,50,67,19,11,8,4.25,0.1791044776119403,25.208955223880597,3032,18,28.35820895522388,FAIBLE,2,2,2,0
180295,11480,CLASSIQUE,40,50,67,19,12,7,4.25,0.17910447761194026,25.37313432835821,3033,19,28.35820895522388,FAIBLE,2,2,2,0
180295,11485,CLASSIQUE,40,50,66,21,13,8,5,0.17045454545454541,26.363636363636363,3034,20,31.818181818181817,MOYENNE,2,2,2,0
180295,11490,CLASSIQUE,40,50,65,14,12,2,3.25,0.19384615384615378,27.8,3036,22,21.53846153846154,FAIBLE,0,2,1,0
180295,11495,CLASSIQUE,40,50,62,6,5,1,1.25,0.22580645161290322,28.35483870967742,3039,25,9.67741935483871,FAIBLE,0,1,1,0
180295,11500,CLASSIQUE,40,50,63,6,5,1,1.5,0.2261904761904762,25.206349206349206,3041,26,9.523809523809524,FAIBLE,0,1,1,0
180295,11505,CLASSIQUE,40,50,62,7,5,2,1.75,0.22177419354838704,24.79032258064516,3043,27,11.290322580645162,FAIBLE,0,1,1,0
180295,11510,CLASSIQUE,40,50,63,10,6,4,2.5,0.2103174603174603,24.714285714285715,3044,26,15.873015873015873,FAIBLE,0,1,1,0
180295,11515,CLASSIQUE,40,50,61,11,6,5,2.75,0.2049180327868852,26.39344262295082,3047,26,18.0327868852459,FAIBLE,0,1,1,0
180295,11520,CLASSIQUE,40,50,62,12,7,5,3,0.20161290322580644,26.903225806451612,3047,23,19.35483870967742,FAIBLE,0,1,1,0
180295,11525,CLASSIQUE,40,50,63,12,7,5,3,0.20238095238095238,27.428571428571427,3047,21,19.047619047619047,FAIBLE,0,1,1,0
180295,11530,CLASSIQUE,40,50,63,13,8,5,3,0.1984126984126984,28.428571428571427,3047,19,20.634920634920636,FAIBLE,0,1,1,0
180295,11535,CLASSIQUE,40,50,64,13,8,5,3,0.19921874999999997,29,3047,17,20.3125,FAIBLE,0,1,1,2
180295,11540,CLASSIQUE,40,50,65,16,8,8,3.75,0.18846153846153843,29.630769230769232,3047,16,24.615384615384617,FAIBLE,0,1,1,2
180295,11545,CLASSIQUE,40,50,67,21,8,13,4.25,0.1716417910447761,30.16417910447761,3047,15,31.34328358208955,MOYENNE,0,1,1,2
180295,11550,CLASSIQUE,40,50,69,24,8,16,4.75,0.16159420289855064,30.942028985507246,3047,15,34.78260869565217,MOYENNE,2,1,2,2
180295,11555,CLASSIQUE,40,50,70,29,8,21,5.75,0.14642857142857138,32.44285714285714,3047,15,41.42857142857143,MOYENNE,2,2,2,1
180295,11560,CLASSIQUE,40,50,73,33,9,24,6.5,0.13698630136986298,32.35616438356164,3048,16,45.205479452054796,MOYENNE,2,2,2,1
180295,11565,CLASSIQUE,40,50,73,34,10,24,6.75,0.13219178082191776,33.89041095890411,3049,17,46.57534246575342,MOYENNE,2,2,2,1
180295,11570,CLASSIQUE,40,50,73,24,4,20,4.25,0.16780821917808214,34.602739726027394,3050,18,32.87671232876713,MOYENNE,1,2,0,1
180295,11575,CLASSIQUE,40,50,76,13,2,11,2.5,0.2072368421052631,31.736842105263158,3052,20,17.105263157894736,FAIBLE,1,0,0,1
180295,11580,CLASSIQUE,40,50,74,6,2,4,1,0.22972972972972974,30.716216216216218,3055,22,8.108108108108109,FAIBLE,1,0,0,1
180295,11585,CLASSIQUE,40,50,72,5,2,3,1.25,0.2326388888888889,30.375,3058,24,6.944444444444445,FAIBLE,1,0,0,1
180295,11590,CLASSIQUE,40,50,74,5,2,3,1,0.23310810810810811,28.905405405405407,3059,23,6.756756756756757,FAIBLE,1,0,0,1
180295,11595,CLASSIQUE,40,50,73,4,2,2,1,0.23630136986301364,28.835616438356166,3061,22,5.47945205479452,FAIBLE,1,0,0,1
180295,11600,CLASSIQUE,40,50,73,4,2,2,1,0.23630136986301364,28.82191780821918,3062,21,5.47945205479452,FAIBLE,1,0,0,1
180295,11605,CLASSIQUE,40,50,73,4,2,2,1,0.2363013698630137,29.095890410958905,3064,21,5.47945205479452,FAIBLE,1,0,0,1
180295,11610,CLASSIQUE,40,50,74,6,4,2,1.5,0.22972972972972974,29.08108108108108,3065,21,8.108108108108109,FAIBLE,1,0,0,1
180295,11615,CLASSIQUE,40,50,74,7,4,3,1.75,0.22635135135135134,29.554054054054053,3066,19,9.45945945945946,FAIBLE,1,0,0,2
180295,11620,CLASSIQUE,40,50,75,12,9,3,2.75,0.21,29.826666666666668,3066,19,16,FAIBLE,1,0,0,2
180295,11625,CLASSIQUE,40,50,75,16,12,4,3.5,0.19666666666666663,30.76,3066,19,21.333333333333332,FAIBLE,1,0,0,2
180295,11630,CLASSIQUE,40,50,77,19,15,4,4,0.18831168831168826,31.142857142857142,3066,19,24.675324675324674,FAIBLE,2,0,2,2
180295,11635,CLASSIQUE,40,50,79,24,21,3,5,0.17405063291139236,31.759493670886076,3066,19,30.379746835443036,MOYENNE,2,2,2,0
180295,11640,CLASSIQUE,40,50,79,30,23,7,6.25,0.15443037974683543,32.69620253164557,3067,20,37.9746835443038,MOYENNE,2,2,2,0
180295,11645,CLASSIQUE,40,50,82,35,24,11,6.75,0.14329268292682928,33.53658536585366,3067,20,42.68292682926829,MOYENNE,2,2,2,0
180295,11650,CLASSIQUE,40,50,82,24,19,5,4.25,0.1768292682926829,34.353658536585364,3069,22,29.26829268292683,FAIBLE,0,2,1,0
180295,11655,CLASSIQUE,40,50,80,19,16,3,3.25,0.190625,35.1,3071,24,23.75,FAIBLE,0,1,1,0
180295,11660,CLASSIQUE,40,50,77,11,9,2,1.75,0.21168831168831165,34.94805194805195,3074,26,14.285714285714286,FAIBLE,0,1,1,0
180295,11665,CLASSIQUE,40,50,76,10,7,3,2,0.21710526315789463,34,3077,28,13.157894736842104,FAIBLE,0,1,1,0
180295,11670,CLASSIQUE,40,50,74,8,5,3,2,0.22297297297297297,33.972972972972975,3079,29,10.81081081081081,FAIBLE,0,1,1,0
180295,11675,CLASSIQUE,40,50,72,8,5,3,2,0.22013888888888886,33.97222222222222,3081,29,11.11111111111111,FAIBLE,0,1,1,0
180295,11680,CLASSIQUE,40,50,68,10,7,3,2.5,0.213235294117647,35.39705882352941,3085,30,14.705882352941176,FAIBLE,0,1,1,0
180295,11685,CLASSIQUE,40,50,67,12,8,4,2.75,0.20522388059701493,36.28358208955224,3086,28,17.91044776119403,FAIBLE,0,1,1,0
180295,11690,CLASSIQUE,40,50,68,13,8,5,3,0.20220588235294118,36.279411764705884,3087,28,19.11764705882353,FAIBLE,0,1,1,0
180295,11695,CLASSIQUE,40,50,72,15,8,7,3.5,0.19791666666666663,34.93055555555556,3088,27,20.833333333333332,FAIBLE,0,1,1,2
180295,11700,CLASSIQUE,40,50,72,17,8,9,4,0.1909722222222222,36.013888888888886,3088,26,23.61111111111111,FAIBLE,0,1,1,2
180295,11705,CLASSIQUE,40,50,73,18,8,10,4,0.1883561643835616,36.73972602739726,3088,24,24.65753424657534,FAIBLE,0,1,1,2
180295,11710,CLASSIQUE,40,50,75,18,8,10,4,0.18999999999999995,36.96,3088,23,24,FAIBLE,2,1,2,2
180295,11715,CLASSIQUE,40,50,76,22,8,14,5,0.17763157894736833,37.80263157894737,3088,22,28.94736842105263,FAIBLE,2,2,2,1
180295,11720,CLASSIQUE,40,50,76,24,8,16,5.25,0.17105263157894732,38.23684210526316,3089,23,31.57894736842105,MOYENNE,2,2,2,1
180295,11725,CLASSIQUE,40,50,75,23,7,16,5,0.17333333333333326,39.373333333333335,3090,24,30.666666666666668,MOYENNE,2,2,2,1
180295,11730,CLASSIQUE,40,50,74,14,2,12,2.75,0.20270270270270266,39.36486486486486,3092,26,18.91891891891892,FAIBLE,1,2,0,1
180295,11735,CLASSIQUE,40,50,73,8,1,7,1.5,0.2226027397260273,37.71232876712329,3095,29,10.95890410958904,FAIBLE,1,0,0,1
180295,11740,CLASSIQUE,40,50,71,2,1,1,0.25,0.2429577464788732,35.140845070422536,3099,32,2.816901408450704,FAIBLE,1,0,0,1
180295,11745,CLASSIQUE,40,50,69,2,2,0,0.5,0.24275362318840574,33.20289855072464,3102,35,2.898550724637681,FAIBLE,1,0,0,1
180295,11750,CLASSIQUE,40,50,66,5,3,2,1.25,0.23106060606060597,33.121212121212125,3105,36,7.575757575757576,FAIBLE,1,0,0,1
180295,11755,CLASSIQUE,40,50,65,5,3,2,1.25,0.23076923076923073,32.646153846153844,3108,37,7.6923076923076925,FAIBLE,1,0,0,1
180295,11760,CLASSIQUE,40,50,64,6,4,2,1.5,0.22656249999999994,32.46875,3110,36,9.375,FAIBLE,1,0,0,1
180295,11765,CLASSIQUE,40,50,61,7,5,2,1.75,0.22131147540983606,33.459016393442624,3113,36,11.475409836065573,FAIBLE,1,0,0,1
180295,11770,CLASSIQUE,40,50,60,7,5,2,1.75,0.22083333333333327,34.11666666666667,3115,36,11.666666666666666,FAIBLE,1,0,0,1
180295,11775,CLASSIQUE,40,50,58,7,5,2,1.75,0.21982758620689652,35.46551724137931,3117,36,12.068965517241379,FAIBLE,1,0,0,2
180295,11780,CLASSIQUE,40,50,60,10,7,3,2.5,0.20500000000000002,34.983333333333334,3117,32,16.666666666666668,FAIBLE,1,0,0,2
180295,11785,CLASSIQUE,40,50,62,15,11,4,3.25,0.189516129032258,35.016129032258064,3117,31,24.193548387096776,FAIBLE,1,0,0,2
180295,11790,CLASSIQUE,40,50,64,18,12,6,3.75,0.17968749999999997,35.25,3117,30,28.125,FAIBLE,2,0,2,2
180295,11795,CLASSIQUE,40,50,65,21,16,5,4.5,0.16923076923076918,36.276923076923076,3117,29,32.30769230769231,MOYENNE,2,2,2,0
180295,11800,CLASSIQUE,40,50,65,24,17,7,5.25,0.15769230769230766,36.41538461538462,3118,30,36.92307692307692,MOYENNE,2,2,2,0
180295,11805,CLASSIQUE,40,50,66,27,19,8,5.75,0.14242424242424245,37.10606060606061,3119,31,40.90909090909091,MOYENNE,2,2,2,0
180295,11810,CLASSIQUE,40,50,65,20,17,3,3.75,0.17307692307692307,37.55384615384615,3121,33,30.76923076923077,MOYENNE,0,2,1,0
180295,11815,CLASSIQUE,40,50,63,13,11,2,2.5,0.1984126984126984,37.63492063492063,3124,36,20.634920634920636,FAIBLE,0,1,1,0
180295,11820,CLASSIQUE,40,50,61,6,4,2,1.5,0.22540983606557372,36.78688524590164,3127,38,9.836065573770492,FAIBLE,0,1,1,0
180295,11825,CLASSIQUE,40,50,62,7,5,2,1.5,0.221774193548387,35.03225806451613,3129,39,11.290322580645162,FAIBLE,0,1,1,0
180295,11830,CLASSIQUE,40,50,60,6,4,2,1.5,0.22499999999999992,36.06666666666667,3131,39,10,FAIBLE,0,1,1,0
180295,11835,CLASSIQUE,40,50,59,6,4,2,1.5,0.2245762711864406,36.57627118644068,3133,38,10.169491525423728,FAIBLE,0,1,1,0
180295,11840,CLASSIQUE,40,50,58,7,4,3,1.75,0.21982758620689655,36.62068965517241,3136,37,12.068965517241379,FAIBLE,0,1,1,0
180295,11845,CLASSIQUE,40,50,61,8,5,3,2,0.21721311475409835,35.42622950819672,3136,34,13.114754098360656,FAIBLE,0,1,1,0
180295,11850,CLASSIQUE,40,50,61,9,6,3,2.25,0.2131147540983606,36.09836065573771,3136,31,14.754098360655737,FAIBLE,0,1,1,0
180295,11855,CLASSIQUE,40,50,63,10,7,3,2.25,0.21031746031746026,35.714285714285715,3136,28,15.873015873015873,FAIBLE,0,1,1,2
180295,11860,CLASSIQUE,40,50,64,13,7,6,3,0.19921874999999994,36.015625,3136,26,20.3125,FAIBLE,0,1,1,2
180295,11865,CLASSIQUE,40,50,66,14,7,7,3.25,0.19696969696969688,35.96969696969697,3136,23,21.21212121212121,FAIBLE,0,1,1,2
180295,11870,CLASSIQUE,40,50,70,16,8,8,3.75,0.1928571428571428,34.957142857142856,3136,21,22.857142857142858,FAIBLE,2,1,2,2
180295,11875,CLASSIQUE,40,50,70,21,9,12,5,0.17499999999999996,36.285714285714285,3136,19,30,MOYENNE,2,2,2,1
180295,11880,CLASSIQUE,40,50,71,27,14,13,5.5,0.1556338028169014,36.28169014084507,3137,20,38.028169014084504,MOYENNE,2,2,2,1
180295,11885,CLASSIQUE,40,50,73,28,14,14,5.75,0.1541095890410959,36.23287671232877,3138,21,38.35616438356164,MOYENNE,2,2,2,1
180295,11890,CLASSIQUE,40,50,73,19,7,12,3.5,0.18424657534246577,36.04109589041096,3140,23,26.027397260273972,FAIBLE,1,2,0,1
180295,11895,CLASSIQUE,40,50,71,10,3,7,2.5,0.21478873239436616,34.88732394366197,3143,26,14.084507042253522,FAIBLE,1,0,0,1
180295,11900,CLASSIQUE,40,50,69,6,3,3,1.5,0.22826086956521738,31.942028985507246,3147,29,8.695652173913043,FAIBLE,1,0,0,1
180295,11905,CLASSIQUE,40,50,66,5,2,3,1.25,0.22954545454545452,30.62121212121212,3151,32,7.575757575757576,FAIBLE,1,0,0,1
180295,11910,CLASSIQUE,40,50,63,6,2,4,1.5,0.22619047619047614,30.428571428571427,3154,33,9.523809523809524,FAIBLE,1,0,0,1
180295,11915,CLASSIQUE,40,50,62,7,2,5,1.75,0.2217741935483871,30.177419354838708,3156,32,11.290322580645162,FAIBLE,1,0,0,1
180295,11920,CLASSIQUE,40,50,61,7,2,5,1.75,0.22131147540983603,30.065573770491802,3157,30,11.475409836065573,FAIBLE,1,0,0,1
180295,11925,CLASSIQUE,40,50,61,9,3,6,2,0.21311475409836061,30.21311475409836,3158,29,14.754098360655737,FAIBLE,1,0,0,1
180295,11930,CLASSIQUE,40,50,63,9,3,6,2,0.21428571428571427,29.96825396825397,3158,27,14.285714285714286,FAIBLE,1,0,0,1
180295,11935,CLASSIQUE,40,50,65,10,3,7,2.25,0.21153846153846154,29.753846153846155,3158,25,15.384615384615385,FAIBLE,1,0,0,2
180295,11940,CLASSIQUE,40,50,67,13,6,7,3,0.20149253731343283,29.686567164179106,3158,22,19.402985074626866,FAIBLE,1,0,0,2
180295,11945,CLASSIQUE,40,50,68,16,9,7,3.5,0.19117647058823528,30.33823529411765,3158,22,23.529411764705884,FAIBLE,1,0,0,2
180295,11950,CLASSIQUE,40,50,70,18,10,8,4,0.1857142857142857,30.728571428571428,3158,22,25.714285714285715,FAIBLE,2,0,2,2
180295,11955,CLASSIQUE,40,50,71,23,15,8,5.25,0.1690140845070422,31.802816901408452,3158,22,32.394366197183096,MOYENNE,2,2,2,0
180295,11960,CLASSIQUE,40,50,72,25,17,8,5.25,0.16319444444444442,32.05555555555556,3159,23,34.72222222222222,MOYENNE,2,2,2,0
180295,11965,CLASSIQUE,40,50,72,24,18,6,5,0.16527777777777772,33.69444444444444,3159,23,33.333333333333336,MOYENNE,2,2,2,0
180295,11970,CLASSIQUE,40,50,72,20,17,3,3.75,0.18055555555555552,33.84722222222222,3160,24,27.77777777777778,FAIBLE,0,2,1,0
180295,11975,CLASSIQUE,40,50,70,12,10,2,1.75,0.20428571428571426,33.6,3162,26,17.142857142857142,FAIBLE,0,1,1,0
180295,11980,CLASSIQUE,40,50,67,6,3,3,1.25,0.2276119402985074,32.865671641791046,3165,28,8.955223880597014,FAIBLE,0,1,1,0
180295,11985,CLASSIQUE,40,50,64,6,3,3,1.25,0.22656249999999994,32.90625,3169,31,9.375,FAIBLE,0,1,1,0
180295,11990,CLASSIQUE,40,50,63,5,2,3,1.25,0.23015873015873012,32.26984126984127,3171,31,7.936507936507937,FAIBLE,0,1,1,0
180295,11995,CLASSIQUE,40,50,61,5,2,3,1.25,0.22950819672131142,33.24590163934426,3173,30,8.19672131147541,FAIBLE,0,1,1,0
180295,12000,CLASSIQUE,40,50,63,7,2,5,1.75,0.22222222222222218,32.46031746031746,3174,27,11.11111111111111,FAIBLE,0,1,1,0
180295,12005,CLASSIQUE,40,50,62,7,2,5,1.75,0.21854838709677418,33.54838709677419,3175,24,11.290322580645162,FAIBLE,0,1,1,0
180295,12010,CLASSIQUE,40,50,63,8,2,6,2,0.21825396825396823,33.65079365079365,3175,21,12.698412698412698,FAIBLE,0,1,1,0
180295,12015,CLASSIQUE,40,50,64,8,2,6,2,0.21874999999999994,33.75,3175,19,12.5,FAIBLE,0,1,1,2
180295,12020,CLASSIQUE,40,50,64,10,2,8,2.5,0.21093749999999997,34.421875,3175,18,15.625,FAIBLE,0,1,1,2
180295,12025,CLASSIQUE,40,50,65,13,2,11,3,0.19999999999999996,34.84615384615385,3175,17,20,FAIBLE,0,1,1,2
180295,12030,CLASSIQUE,40,50,67,15,3,12,3.25,0.1940298507462686,34.83582089552239,3175,17,22.388059701492537,FAIBLE,2,1,2,2
180295,12035,CLASSIQUE,40,50,68,19,3,16,4,0.18014705882352935,35.60294117647059,3175,17,27.941176470588236,FAIBLE,2,2,2,1
180295,12040,CLASSIQUE,40,50,68,23,6,17,4.75,0.16544117647058817,35.63235294117647,3176,18,33.8235294117647,MOYENNE,2,2,2,1
180295,12045,CLASSIQUE,40,50,69,23,6,17,4.75,0.16666666666666663,35.52173913043478,3177,19,33.333333333333336,MOYENNE,2,2,2,1
180295,12050,CLASSIQUE,40,50,68,18,5,13,3.25,0.18382352941176466,36.25,3179,21,26.470588235294116,FAIBLE,1,2,0,1
180295,12055,CLASSIQUE,40,50,68,8,2,6,1.75,0.22058823529411764,34.86764705882353,3182,24,11.764705882352942,FAIBLE,1,0,0,1
180295,12060,CLASSIQUE,40,50,65,3,2,1,0.75,0.23846153846153842,34.01538461538462,3186,27,4.615384615384615,FAIBLE,1,0,0,1
180295,12065,CLASSIQUE,40,50,62,2,2,0,0.5,0.2419354838709677,33.17741935483871,3189,30,3.225806451612903,FAIBLE,1,0,0,1
180295,12070,CLASSIQUE,40,50,60,3,3,0,0.75,0.23749999999999996,32.25,3192,32,5,FAIBLE,1,0,0,1
180295,12075,CLASSIQUE,40,50,59,3,3,0,0.75,0.23728813559322032,30.89830508474576,3195,33,5.084745762711864,FAIBLE,1,0,0,1
180295,12080,CLASSIQUE,40,50,59,3,3,0,0.75,0.23728813559322032,30.389830508474578,3198,33,5.084745762711864,FAIBLE,1,0,0,1
180295,12085,CLASSIQUE,40,50,56,3,3,0,0.75,0.23660714285714282,31.946428571428573,3201,32,5.357142857142857,FAIBLE,1,0,0,1
180295,12090,CLASSIQUE,40,50,56,5,5,0,1.25,0.22767857142857142,32.30357142857143,3202,31,8.928571428571429,FAIBLE,1,0,0,1
180295,12095,CLASSIQUE,40,50,57,7,6,1,1.5,0.21929824561403505,32.29824561403509,3202,29,12.280701754385966,FAIBLE,1,0,0,2
180295,12100,CLASSIQUE,40,50,59,11,8,3,2.5,0.20084745762711867,31.966101694915253,3202,28,18.64406779661017,FAIBLE,1,0,0,2
180295,12105,CLASSIQUE,40,50,59,13,9,4,3,0.19491525423728812,33.067796610169495,3202,27,22.033898305084747,FAIBLE,1,0,0,2
180295,12110,CLASSIQUE,40,50,61,16,11,5,3.75,0.1844262295081967,33.22950819672131,3202,27,26.229508196721312,FAIBLE,2,0,2,2
180295,12115,CLASSIQUE,40,50,61,16,12,4,3.5,0.18442622950819673,34.59016393442623,3202,27,26.229508196721312,FAIBLE,2,2,2,0
180295,12120,CLASSIQUE,40,50,61,20,12,8,4.5,0.1680327868852459,35.22950819672131,3203,28,32.78688524590164,MOYENNE,2,2,2,0
180295,12125,CLASSIQUE,40,50,62,20,12,8,4.5,0.1693548387096774,35.67741935483871,3204,29,32.25806451612903,MOYENNE,2,2,2,0
180295,12130,CLASSIQUE,40,50,66,15,11,4,3.25,0.19318181818181812,33.22727272727273,3205,30,22.727272727272727,FAIBLE,0,2,1,0
180295,12135,CLASSIQUE,40,50,64,13,10,3,2.5,0.19921874999999997,32.140625,3207,32,20.3125,FAIBLE,0,1,1,0
180295,12140,CLASSIQUE,40,50,63,5,2,3,1.25,0.2301587301587301,29.61904761904762,3211,35,7.936507936507937,FAIBLE,0,1,1,0
180295,12145,CLASSIQUE,40,50,61,6,3,3,1.5,0.22540983606557372,28.098360655737704,3214,37,9.836065573770492,FAIBLE,0,1,1,0
180295,12150,CLASSIQUE,40,50,58,5,2,3,1.25,0.22844827586206898,27.56896551724138,3217,38,8.620689655172415,FAIBLE,0,1,1,0
180295,12155,CLASSIQUE,40,50,56,7,3,4,1.75,0.21875,27.464285714285715,3220,38,12.5,FAIBLE,0,1,1,0
180295,12160,CLASSIQUE,40,50,54,7,3,4,1.75,0.21759259259259253,28.25925925925926,3223,37,12.962962962962964,FAIBLE,0,1,1,0
180295,12165,CLASSIQUE,40,50,53,7,3,4,1.75,0.21698113207547162,29.452830188679247,3224,35,13.20754716981132,FAIBLE,0,1,1,0
180295,12170,CLASSIQUE,40,50,54,7,3,4,1.75,0.21759259259259256,29.555555555555557,3224,32,12.962962962962964,FAIBLE,0,1,1,0
180295,12175,CLASSIQUE,40,50,54,8,3,5,2,0.2129629629629629,30.22222222222222,3224,29,14.814814814814815,FAIBLE,0,1,1,2
180295,12180,CLASSIQUE,40,50,56,12,4,8,3,0.19642857142857137,29.982142857142858,3224,26,21.428571428571427,FAIBLE,0,1,1,2
180295,12185,CLASSIQUE,40,50,60,16,5,11,4,0.1833333333333333,29.2,3224,23,26.666666666666668,FAIBLE,0,1,1,2
180295,12190,CLASSIQUE,40,50,61,16,5,11,4,0.18442622950819668,30.0327868852459,3224,22,26.229508196721312,FAIBLE,2,1,2,2
180295,12195,CLASSIQUE,40,50,61,20,6,14,5,0.16639344262295078,31.59016393442623,3224,22,32.78688524590164,MOYENNE,2,2,2,1
180295,12200,CLASSIQUE,40,50,60,21,6,15,5.25,0.16166666666666665,32.5,3225,23,35,MOYENNE,2,2,2,1
180295,12205,CLASSIQUE,40,50,63,23,7,16,5.5,0.15396825396825395,31.50793650793651,3226,24,36.507936507936506,MOYENNE,2,2,2,1
180295,12210,CLASSIQUE,40,50,62,18,4,14,4.25,0.17741935483870966,31.06451612903226,3228,26,29.032258064516128,FAIBLE,1,2,0,1
180295,12215,CLASSIQUE,40,50,62,10,1,9,2.25,0.20967741935483866,30.080645161290324,3231,29,16.129032258064516,FAIBLE,1,0,0,1
180295,12220,CLASSIQUE,40,50,62,4,1,3,1,0.23387096774193541,28.177419354838708,3233,30,6.451612903225806,FAIBLE,1,0,0,1
180295,12225,CLASSIQUE,40,50,62,4,1,3,1,0.23387096774193541,26.693548387096776,3235,31,6.451612903225806,FAIBLE,1,0,0,1
180295,12230,CLASSIQUE,40,50,61,5,1,4,1.25,0.22950819672131145,26.737704918032787,3237,32,8.19672131147541,FAIBLE,1,0,0,1
180295,12235,CLASSIQUE,40,50,62,6,2,4,1.5,0.22580645161290322,26.274193548387096,3238,31,9.67741935483871,FAIBLE,1,0,0,1
180295,12240,CLASSIQUE,40,50,62,7,3,4,1.75,0.2217741935483871,26.677419354838708,3239,28,11.290322580645162,FAIBLE,1,0,0,1
180295,12245,CLASSIQUE,40,50,62,7,3,4,1.75,0.22177419354838704,27.241935483870968,3239,25,11.290322580645162,FAIBLE,1,0,0,1
180295,12250,CLASSIQUE,40,50,62,7,3,4,1.75,0.21935483870967742,27.806451612903224,3239,22,11.290322580645162,FAIBLE,1,0,0,1
180295,12255,CLASSIQUE,40,50,63,11,6,5,2.75,0.2063492063492063,28.095238095238095,3239,19,17.46031746031746,FAIBLE,1,0,0,2
180295,12260,CLASSIQUE,40,50,63,13,8,5,3,0.19841269841269835,29.063492063492063,3239,16,20.634920634920636,FAIBLE,1,0,0,2
180295,12265,CLASSIQUE,40,50,67,15,9,6,3.5,0.19402985074626866,28.37313432835821,3239,15,22.388059701492537,FAIBLE,1,0,0,2
180295,12270,CLASSIQUE,40,50,68,21,12,9,4.5,0.17279411764705882,29.294117647058822,3239,15,30.88235294117647,MOYENNE,2,0,2,2
180295,12275,CLASSIQUE,40,50,68,23,16,7,4.5,0.15661764705882358,31.11764705882353,3239,15,33.8235294117647,MOYENNE,2,2,2,0
180295,12280,CLASSIQUE,40,50,68,22,16,6,4.75,0.16617647058823531,31.41176470588235,3240,16,32.35294117647059,MOYENNE,2,2,2,0
180295,12285,CLASSIQUE,40,50,68,24,18,6,5,0.1617647058823529,31.88235294117647,3241,17,35.294117647058826,MOYENNE,2,2,2,0
180295,12290,CLASSIQUE,40,50,68,14,14,0,2.5,0.19852941176470587,31.602941176470587,3243,19,20.58823529411765,FAIBLE,0,2,1,0
180295,12295,CLASSIQUE,40,50,66,6,6,0,1.25,0.22727272727272715,31.78787878787879,3246,22,9.090909090909092,FAIBLE,0,1,1,0
180295,12300,CLASSIQUE,40,50,65,4,4,0,1,0.2346153846153846,30.338461538461537,3249,24,6.153846153846154,FAIBLE,0,1,1,0
180295,12305,CLASSIQUE,40,50,62,2,2,0,0.5,0.2419354838709677,30.241935483870968,3252,26,3.225806451612903,FAIBLE,0,1,1,0
180295,12310,CLASSIQUE,40,50,62,3,3,0,0.75,0.23790322580645157,29.338709677419356,3254,26,4.838709677419355,FAIBLE,0,1,1,0
180295,12315,CLASSIQUE,40,50,60,4,4,0,1,0.23333333333333328,30.4,3256,25,6.666666666666667,FAIBLE,0,1,1,0
180295,12320,CLASSIQUE,40,50,60,5,4,1,1.25,0.22916666666666663,30.816666666666666,3257,24,8.333333333333334,FAIBLE,0,1,1,0
180295,12325,CLASSIQUE,40,50,59,6,4,2,1.5,0.22457627118644063,31.8135593220339,3258,23,10.169491525423728,FAIBLE,0,1,1,0
180295,12330,CLASSIQUE,40,50,59,7,5,2,1.75,0.22033898305084743,32.389830508474574,3260,23,11.864406779661017,FAIBLE,0,1,1,0
180295,12335,CLASSIQUE,40,50,59,8,5,3,2,0.21610169491525424,33,3260,22,13.559322033898304,FAIBLE,0,1,1,2
180295,12340,CLASSIQUE,40,50,59,14,5,9,3,0.1872881355932203,34.016949152542374,3260,21,23.728813559322035,FAIBLE,0,1,1,2
180295,12345,CLASSIQUE,40,50,59,17,6,11,3.5,0.1779661016949152,35.40677966101695,3260,21,28.8135593220339,FAIBLE,0,1,1,2
180295,12350,CLASSIQUE,40,50,62,19,6,13,4,0.17338709677419353,35.16129032258065,3260,21,30.64516129032258,MOYENNE,2,1,2,2
180295,12355,CLASSIQUE,40,50,62,24,6,18,5.25,0.15322580645161285,36.983870967741936,3260,21,38.70967741935484,MOYENNE,2,2,2,1
180295,12360,CLASSIQUE,40,50,62,28,10,18,5.75,0.13709677419354832,37.693548387096776,3261,22,45.16129032258065,MOYENNE,2,2,2,1
180295,12365,CLASSIQUE,40,50,64,29,11,18,6,0.13671874999999997,37.5,3262,23,45.3125,MOYENNE,2,2,2,1
180295,12370,CLASSIQUE,40,50,62,21,5,16,4,0.16532258064516123,38.33870967741935,3264,25,33.87096774193548,MOYENNE,1,2,0,1
180295,12375,CLASSIQUE,40,50,59,11,4,7,2.5,0.2033898305084745,38.30508474576271,3267,28,18.64406779661017,FAIBLE,1,0,0,1
180295,12380,CLASSIQUE,40,50,59,8,3,5,2,0.2161016949152542,36.101694915254235,3269,29,13.559322033898304,FAIBLE,1,0,0,1
180295,12385,CLASSIQUE,40,50,58,8,3,5,2,0.21551724137931028,36.224137931034484,3271,30,13.793103448275861,FAIBLE,1,0,0,1
180295,12390,CLASSIQUE,40,50,56,7,3,4,1.75,0.21875,37.160714285714285,3274,31,12.5,FAIBLE,1,0,0,1
180295,12395,CLASSIQUE,40,50,54,7,3,4,1.75,0.2175925925925926,38.27777777777778,3277,31,12.962962962962964,FAIBLE,1,0,0,1
180295,12400,CLASSIQUE,40,50,55,8,3,5,2,0.2136363636363636,38.29090909090909,3277,28,14.545454545454545,FAIBLE,1,0,0,1
180295,12405,CLASSIQUE,40,50,54,8,3,5,2,0.2129629629629629,39.74074074074074,3279,27,14.814814814814815,FAIBLE,1,0,0,1
180295,12410,CLASSIQUE,40,50,55,8,3,5,2,0.21090909090909088,39.74545454545454,3279,25,14.545454545454545,FAIBLE,1,0,0,1
180295,12415,CLASSIQUE,40,50,55,9,3,6,2.25,0.20909090909090902,40.56363636363636,3280,24,16.363636363636363,FAIBLE,1,0,0,2
180295,12420,CLASSIQUE,40,50,56,12,6,6,3,0.19642857142857137,40.767857142857146,3280,23,21.428571428571427,FAIBLE,1,0,0,2
180295,12425,CLASSIQUE,40,50,56,13,6,7,3.25,0.19196428571428564,41.910714285714285,3280,22,23.214285714285715,FAIBLE,1,0,0,2
180295,12430,CLASSIQUE,40,50,58,15,7,8,3.75,0.18534482758620682,41.6551724137931,3280,20,25.862068965517242,FAIBLE,2,0,2,2
180295,12435,CLASSIQUE,40,50,59,16,11,5,4,0.18135593220338977,40.66101694915254,3281,21,27.11864406779661,FAIBLE,2,2,2,0
180295,12440,CLASSIQUE,40,50,59,21,13,8,5,0.16101694915254228,41.3728813559322,3282,22,35.59322033898305,MOYENNE,2,2,2,0
180295,12445,CLASSIQUE,40,50,59,22,13,9,5.25,0.1567796610169491,42.728813559322035,3283,23,37.28813559322034,MOYENNE,2,2,2,0
180295,12450,CLASSIQUE,40,50,59,14,13,1,3.25,0.18389830508474564,42.45762711864407,3284,24,23.728813559322035,FAIBLE,0,2,1,0
180295,12455,CLASSIQUE,40,50,58,6,5,1,1.5,0.22413793103448276,40.44827586206897,3286,26,10.344827586206897,FAIBLE,0,1,1,0
180295,12460,CLASSIQUE,40,50,60,1,0,1,0.25,0.24583333333333324,34.85,3289,28,1.6666666666666667,FAIBLE,0,1,1,0
180295,12465,CLASSIQUE,40,50,57,2,1,1,0.5,0.24122807017543854,33.05263157894737,3293,31,3.508771929824561,FAIBLE,0,1,1,0
180295,12470,CLASSIQUE,40,50,54,4,2,2,1,0.23148148148148143,32.51851851851852,3296,32,7.407407407407407,FAIBLE,0,1,1,0
180295,12475,CLASSIQUE,40,50,51,4,2,2,1,0.23039215686274508,32.254901960784316,3299,32,7.8431372549019605,FAIBLE,0,1,1,0
180295,12480,CLASSIQUE,40,50,50,5,2,3,1.25,0.22499999999999992,31.38,3302,33,10,FAIBLE,0,1,1,0
180295,12485,CLASSIQUE,40,50,51,7,3,4,1.75,0.21274509803921568,31.372549019607842,3302,31,13.72549019607843,FAIBLE,0,1,1,0
180295,12490,CLASSIQUE,40,50,52,8,3,5,2,0.21153846153846154,31.53846153846154,3302,28,15.384615384615385,FAIBLE,0,1,1,0
180295,12495,CLASSIQUE,40,50,53,8,3,5,2,0.21226415094339618,31.69811320754717,3302,25,15.09433962264151,FAIBLE,0,1,1,2
180295,12500,CLASSIQUE,40,50,55,10,3,7,2.5,0.20454545454545456,31.327272727272728,3302,25,18.181818181818183,FAIBLE,0,1,1,2
180295,12505,CLASSIQUE,40,50,58,14,5,9,3.5,0.18965517241379307,30.82758620689655,3302,23,24.137931034482758,FAIBLE,0,1,1,2
180295,12510,CLASSIQUE,40,50,59,18,6,12,4.5,0.17033898305084746,31.610169491525422,3302,23,30.508474576271187,MOYENNE,2,1,2,2
180295,12515,CLASSIQUE,40,50,59,23,7,16,5.25,0.15254237288135594,33.52542372881356,3302,22,38.983050847457626,MOYENNE,2,2,2,1
180295,12520,CLASSIQUE,40,50,59,25,8,17,5.75,0.14406779661016944,34.67796610169491,3303,23,42.3728813559322,MOYENNE,2,2,2,1
180295,12525,CLASSIQUE,40,50,59,25,8,17,5.75,0.14406779661016944,36.79661016949152,3303,23,42.3728813559322,MOYENNE,2,2,2,1
180295,12530,CLASSIQUE,40,50,61,17,4,13,3.75,0.18032786885245897,36.34426229508197,3304,24,27.868852459016395,FAIBLE,1,2,0,1
180295,12535,CLASSIQUE,40,50,59,11,2,9,2.25,0.2033898305084746,36.728813559322035,3306,25,18.64406779661017,FAIBLE,1,0,0,1
180295,12540,CLASSIQUE,40,50,58,7,2,5,1.25,0.21982758620689652,34.53448275862069,3308,26,12.068965517241379,FAIBLE,1,0,0,1
180295,12545,CLASSIQUE,40,50,57,6,3,3,1.5,0.22368421052631574,33.64912280701754,3310,27,10.526315789473685,FAIBLE,1,0,0,1
180295,12550,CLASSIQUE,40,50,55,6,3,3,1.5,0.22272727272727266,34.38181818181818,3313,29,10.909090909090908,FAIBLE,1,0,0,1
180295,12555,CLASSIQUE,40,50,54,8,3,5,2,0.2129629629629629,35.611111111111114,3314,28,14.814814814814815,FAIBLE,1,0,0,1
180295,12560,CLASSIQUE,40,50,55,9,4,5,2.25,0.20909090909090908,35.72727272727273,3315,26,16.363636363636363,FAIBLE,1,0,0,1
180295,12565,CLASSIQUE,40,50,57,9,4,5,2.25,0.21052631578947367,35.26315789473684,3316,23,15.789473684210526,FAIBLE,1,0,0,1
180295,12570,CLASSIQUE,40,50,58,9,4,5,2.25,0.21120689655172412,35.43103448275862,3316,20,15.517241379310345,FAIBLE,1,0,0,1
180295,12575,CLASSIQUE,40,50,60,11,6,5,2.75,0.20416666666666666,35.06666666666667,3316,17,18.333333333333332,FAIBLE,1,0,0,2
180295,12580,CLASSIQUE,40,50,61,13,8,5,3.25,0.19672131147540983,35.442622950819676,3316,14,21.311475409836067,FAIBLE,1,0,0,2
180295,12585,CLASSIQUE,40,50,62,14,8,6,3.5,0.19354838709677416,35.95161290322581,3316,14,22.580645161290324,FAIBLE,1,0,0,2
180295,12590,CLASSIQUE,40,50,63,16,10,6,4,0.18650793650793646,36.55555555555556,3316,14,25.396825396825395,FAIBLE,2,0,2,2
180295,12595,CLASSIQUE,40,50,64,20,14,6,5,0.17187499999999994,37.40625,3316,14,31.25,MOYENNE,2,2,2,0
180295,12600,CLASSIQUE,40,50,66,19,15,4,4.75,0.1772727272727272,36.166666666666664,3317,15,28.78787878787879,FAIBLE,2,2,2,0
180295,12605,CLASSIQUE,40,50,68,22,16,6,5.25,0.16911764705882348,35.44117647058823,3318,16,32.35294117647059,MOYENNE,2,2,2,0
180295,12610,CLASSIQUE,40,50,67,14,12,2,3.25,0.19179104477611938,35.53731343283582,3320,18,20.895522388059703,FAIBLE,0,2,1,0
180295,12615,CLASSIQUE,40,50,65,6,6,0,1.5,0.22692307692307687,34.58461538461538,3323,21,9.23076923076923,FAIBLE,0,1,1,0
180295,12620,CLASSIQUE,40,50,62,4,3,1,1,0.23387096774193541,32.17741935483871,3326,23,6.451612903225806,FAIBLE,0,1,1,0
180295,12625,CLASSIQUE,40,50,61,4,3,1,1,0.23360655737704913,30.360655737704917,3328,25,6.557377049180328,FAIBLE,0,1,1,0
180295,12630,CLASSIQUE,40,50,60,5,4,1,1.25,0.22916666666666657,29.95,3330,26,8.333333333333334,FAIBLE,0,1,1,0
180295,12635,CLASSIQUE,40,50,60,5,4,1,1.25,0.22916666666666666,29.266666666666666,3331,25,8.333333333333334,FAIBLE,0,1,1,0
180295,12640,CLASSIQUE,40,50,59,6,4,2,1.5,0.22203389830508477,28.576271186440678,3333,25,10.169491525423728,FAIBLE,0,1,1,0
180295,12645,CLASSIQUE,40,50,59,8,6,2,2,0.21610169491525422,29.220338983050848,3334,24,13.559322033898304,FAIBLE,0,1,1,0
180295,12650,CLASSIQUE,40,50,61,8,6,2,2,0.21721311475409832,28.918032786885245,3334,21,13.114754098360656,FAIBLE,0,1,1,0
180295,12655,CLASSIQUE,40,50,61,10,6,4,2.5,0.20901639344262296,29.65573770491803,3334,20,16.39344262295082,FAIBLE,0,1,1,2
180295,12660,CLASSIQUE,40,50,62,13,6,7,3.25,0.1975806451612903,30.080645161290324,3334,19,20.967741935483872,FAIBLE,0,1,1,2
180295,12665,CLASSIQUE,40,50,62,16,6,10,3.75,0.18548387096774188,31.322580645161292,3334,18,25.806451612903224,FAIBLE,0,1,1,2
180295,12670,CLASSIQUE,40,50,63,18,7,11,4,0.17857142857142852,32.17460317460318,3334,18,28.571428571428573,FAIBLE,2,1,2,2
180295,12675,CLASSIQUE,40,50,66,26,9,17,5.5,0.14999999999999997,32.46969696969697,3334,18,39.39393939393939,MOYENNE,2,2,2,1
180295,12680,CLASSIQUE,40,50,65,27,9,18,5.75,0.14615384615384613,33.676923076923075,3335,19,41.53846153846154,MOYENNE,2,2,2,1
180295,12685,CLASSIQUE,40,50,66,28,10,18,5.75,0.14393939393939392,34.5,3336,20,42.42424242424242,MOYENNE,2,2,2,1
180295,12690,CLASSIQUE,40,50,64,18,4,14,3,0.17968749999999994,35.609375,3338,22,28.125,FAIBLE,1,2,0,1
180295,12695,CLASSIQUE,40,50,63,7,0,7,1.5,0.22222222222222215,34.76190476190476,3341,25,11.11111111111111,FAIBLE,1,0,0,1
180295,12700,CLASSIQUE,40,50,60,4,0,4,1,0.23333333333333325,34.05,3344,27,6.666666666666667,FAIBLE,1,0,0,1
180295,12705,CLASSIQUE,40,50,60,5,1,4,1.25,0.2291666666666666,32.583333333333336,3347,29,8.333333333333334,FAIBLE,1,0,0,1
180295,12710,CLASSIQUE,40,50,57,5,1,4,1.25,0.22807017543859642,33.421052631578945,3350,30,8.771929824561404,FAIBLE,1,0,0,1
180295,12715,CLASSIQUE,40,50,57,5,1,4,1.25,0.22807017543859645,33.63157894736842,3351,28,8.771929824561404,FAIBLE,1,0,0,1
180295,12720,CLASSIQUE,40,50,58,5,1,4,1.25,0.22844827586206892,33.48275862068966,3352,26,8.620689655172415,FAIBLE,1,0,0,1
180295,12725,CLASSIQUE,40,50,59,5,1,4,1.25,0.2288135593220339,33.33898305084746,3352,24,8.474576271186441,FAIBLE,1,0,0,1
180295,12730,CLASSIQUE,40,50,58,6,2,4,1.5,0.2241379310344827,34.39655172413793,3354,24,10.344827586206897,FAIBLE,1,0,0,1
180295,12735,CLASSIQUE,40,50,60,8,4,4,2,0.21666666666666662,33.833333333333336,3354,23,13.333333333333334,FAIBLE,1,0,0,2
180295,12740,CLASSIQUE,40,50,60,9,5,4,2.25,0.2091666666666666,34.53333333333333,3354,21,15,FAIBLE,1,0,0,2
180295,12745,CLASSIQUE,40,50,62,10,6,4,2.5,0.2096774193548387,34.225806451612904,3354,20,16.129032258064516,FAIBLE,1,0,0,2
180295,12750,CLASSIQUE,40,50,64,11,6,5,2.75,0.20703125,33.96875,3354,20,17.1875,FAIBLE,2,0,2,2
180295,12755,CLASSIQUE,40,50,63,14,10,4,3.5,0.19206349206349202,33.95238095238095,3355,21,22.22222222222222,FAIBLE,2,2,2,0
180295,12760,CLASSIQUE,40,50,65,16,13,3,4,0.1884615384615384,33.261538461538464,3356,22,24.615384615384617,FAIBLE,2,2,2,0
180295,12765,CLASSIQUE,40,50,64,17,14,3,4.25,0.18203124999999995,34.796875,3357,23,26.5625,FAIBLE,2,2,2,0
180295,12770,CLASSIQUE,40,50,66,13,13,0,3.25,0.2007575757575757,33.21212121212121,3358,24,19.696969696969695,FAIBLE,0,2,1,0
180295,12775,CLASSIQUE,40,50,66,6,6,0,1.5,0.2265151515151515,30.757575757575758,3360,26,9.090909090909092,FAIBLE,0,1,1,0
180295,12780,CLASSIQUE,40,50,65,6,4,2,1.5,0.2269230769230769,27.26153846153846,3363,28,9.23076923076923,FAIBLE,0,1,1,0
180295,12785,CLASSIQUE,40,50,63,5,3,2,1.25,0.23015873015873012,25.174603174603174,3366,30,7.936507936507937,FAIBLE,0,1,1,0
180295,12790,CLASSIQUE,40,50,61,5,3,2,1.25,0.22950819672131148,24.885245901639344,3369,31,8.19672131147541,FAIBLE,0,1,1,0
180295,12795,CLASSIQUE,40,50,59,6,4,2,1.5,0.22203389830508471,25.016949152542374,3372,31,10.169491525423728,FAIBLE,0,1,1,0
180295,12800,CLASSIQUE,40,50,57,8,5,3,2,0.2149122807017544,25.666666666666668,3375,31,14.035087719298245,FAIBLE,0,1,1,0
180295,12805,CLASSIQUE,40,50,56,8,5,3,2,0.21428571428571427,26.678571428571427,3377,30,14.285714285714286,FAIBLE,0,1,1,0
180295,12810,CLASSIQUE,40,50,56,9,6,3,2.25,0.2089285714285714,27.428571428571427,3377,27,16.071428571428573,FAIBLE,0,1,1,0
180295,12815,CLASSIQUE,40,50,58,11,7,4,2.5,0.20258620689655166,27.396551724137932,3377,26,18.96551724137931,FAIBLE,0,1,1,2
180295,12820,CLASSIQUE,40,50,62,14,8,6,3,0.1935483870967742,26.629032258064516,3377,25,22.580645161290324,FAIBLE,0,1,1,2
180295,12825,CLASSIQUE,40,50,66,18,9,9,4,0.18181818181818185,26.272727272727273,3377,25,27.272727272727273,FAIBLE,0,1,1,2
180295,12830,CLASSIQUE,40,50,67,19,10,9,4.25,0.17910447761194032,27.28358208955224,3377,23,28.35820895522388,FAIBLE,2,1,2,2
180295,12835,CLASSIQUE,40,50,69,20,8,12,4.5,0.177536231884058,27.985507246376812,3377,23,28.985507246376812,FAIBLE,2,2,2,1
180295,12840,CLASSIQUE,40,50,69,21,8,13,4.75,0.17391304347826086,28.463768115942027,3378,24,30.434782608695652,MOYENNE,2,2,2,1
180295,12845,CLASSIQUE,40,50,68,25,9,16,5.75,0.15808823529411764,29.970588235294116,3379,25,36.76470588235294,MOYENNE,2,2,2,1
180295,12850,CLASSIQUE,40,50,67,18,2,16,4,0.18283582089552242,30.53731343283582,3381,27,26.865671641791046,FAIBLE,1,2,0,1
180295,12855,CLASSIQUE,40,50,67,8,0,8,2,0.21716417910447755,29.432835820895523,3383,28,11.940298507462687,FAIBLE,1,0,0,1
180295,12860,CLASSIQUE,40,50,65,6,0,6,1.5,0.22692307692307687,28.03076923076923,3385,29,9.23076923076923,FAIBLE,1,0,0,1
180295,12865,CLASSIQUE,40,50,66,7,1,6,1.5,0.22348484848484845,26.515151515151516,3387,30,10.606060606060606,FAIBLE,1,0,0,1
180295,12870,CLASSIQUE,40,50,64,10,2,8,2.25,0.2109374999999999,26.640625,3390,32,15.625,FAIBLE,1,0,0,1
180295,12875,CLASSIQUE,40,50,63,10,2,8,2.25,0.21031746031746026,27.666666666666668,3392,32,15.873015873015873,FAIBLE,1,0,0,1
180295,12880,CLASSIQUE,40,50,64,11,2,9,2.5,0.20703124999999997,27.984375,3393,30,17.1875,FAIBLE,1,0,0,1
180295,12885,CLASSIQUE,40,50,64,12,3,9,2.75,0.20312499999999994,28.921875,3394,28,18.75,FAIBLE,1,0,0,1
180295,12890,CLASSIQUE,40,50,64,13,3,10,2.75,0.19921875000000003,29.875,3395,26,20.3125,FAIBLE,1,0,0,1
180295,12895,CLASSIQUE,40,50,64,14,3,11,2.75,0.19531250000000003,30.921875,3396,24,21.875,FAIBLE,1,0,0,2
180295,12900,CLASSIQUE,40,50,65,18,6,12,3.5,0.18076923076923082,31.676923076923078,3396,21,27.692307692307693,FAIBLE,1,0,0,2
180295,12905,CLASSIQUE,40,50,65,19,7,12,3.75,0.17692307692307702,33.13846153846154,3396,19,29.23076923076923,FAIBLE,1,0,0,2
180295,12910,CLASSIQUE,40,50,66,19,7,12,3.75,0.1780303030303031,34.07575757575758,3396,19,28.78787878787879,FAIBLE,2,0,2,2
180295,12915,CLASSIQUE,40,50,67,26,14,12,5.25,0.1529850746268657,33.776119402985074,3397,20,38.80597014925373,MOYENNE,2,2,2,0
180295,12920,CLASSIQUE,40,50,68,28,18,10,5.25,0.14705882352941188,34.5735294117647,3398,21,41.1764705882353,MOYENNE,2,2,2,0
180295,12925,CLASSIQUE,40,50,70,28,18,10,5.75,0.14785714285714285,34.957142857142856,3399,22,40,MOYENNE,2,2,2,0
180295,12930,CLASSIQUE,40,50,69,21,17,4,3.75,0.17391304347826084,36.028985507246375,3401,24,30.434782608695652,MOYENNE,0,2,1,0
180295,12935,CLASSIQUE,40,50,68,6,5,1,1.5,0.22794117647058817,35.44117647058823,3403,26,8.823529411764707,FAIBLE,0,1,1,0
180295,12940,CLASSIQUE,40,50,65,6,5,1,1.25,0.2269230769230768,34.16923076923077,3406,28,9.23076923076923,FAIBLE,0,1,1,0
180295,12945,CLASSIQUE,40,50,63,5,4,1,1.25,0.2301587301587301,33.6031746031746,3408,29,7.936507936507937,FAIBLE,0,1,1,0
180295,12950,CLASSIQUE,40,50,62,5,4,1,1.25,0.2298387096774193,33.87096774193548,3410,29,8.064516129032258,FAIBLE,0,1,1,0
180295,12955,CLASSIQUE,40,50,61,5,4,1,1.25,0.22950819672131145,34.704918032786885,3412,29,8.19672131147541,FAIBLE,0,1,1,0
180295,12960,CLASSIQUE,40,50,60,5,4,1,1.25,0.2291666666666666,35.7,3413,28,8.333333333333334,FAIBLE,0,1,1,0
180295,12965,CLASSIQUE,40,50,61,6,5,1,1.5,0.22540983606557372,35.59016393442623,3413,26,9.836065573770492,FAIBLE,0,1,1,0
180295,12970,CLASSIQUE,40,50,62,8,6,2,2,0.2177419354838709,35.564516129032256,3414,24,12.903225806451612,FAIBLE,0,1,1,0
180295,12975,CLASSIQUE,40,50,65,8,6,2,2,0.2192307692307692,34.53846153846154,3414,22,12.307692307692308,FAIBLE,0,1,1,2
180295,12980,CLASSIQUE,40,50,65,13,7,6,3.25,0.19999999999999998,35.36923076923077,3414,21,20,FAIBLE,0,1,1,2
180295,12985,CLASSIQUE,40,50,67,18,7,11,3.75,0.18283582089552233,35.507462686567166,3414,20,26.865671641791046,FAIBLE,0,1,1,2
180295,12990,CLASSIQUE,40,50,69,19,7,12,3.75,0.18115942028985504,35.79710144927536,3414,19,27.536231884057973,FAIBLE,2,1,2,2
180295,12995,CLASSIQUE,40,50,72,24,8,16,5,0.16666666666666666,35.791666666666664,3414,18,33.333333333333336,MOYENNE,2,2,2,1
180295,13000,CLASSIQUE,40,50,74,26,7,19,5,0.16216216216216212,36.04054054054054,3415,19,35.13513513513514,MOYENNE,2,2,2,1
180295,13005,CLASSIQUE,40,50,73,26,7,19,5,0.160958904109589,38.136986301369866,3416,20,35.61643835616438,MOYENNE,2,2,2,1
180295,13010,CLASSIQUE,40,50,71,20,2,18,3.5,0.17957746478873232,39.563380281690144,3418,22,28.169014084507044,FAIBLE,1,2,0,1
180295,13015,CLASSIQUE,40,50,70,7,1,6,1.25,0.225,38.3,3420,23,10,FAIBLE,1,0,0,1
180295,13020,CLASSIQUE,40,50,67,5,1,4,1,0.2313432835820895,36.61194029850746,3424,26,7.462686567164179,FAIBLE,1,0,0,1
180295,13025,CLASSIQUE,40,50,66,4,1,3,1,0.23181818181818176,35.57575757575758,3427,28,6.0606060606060606,FAIBLE,1,0,0,1
180295,13030,CLASSIQUE,40,50,63,6,2,4,1.5,0.2238095238095238,36,3430,29,9.523809523809524,FAIBLE,1,0,0,1
180295,13035,CLASSIQUE,40,50,61,7,2,5,1.75,0.21967213114754103,35.90163934426229,3433,30,11.475409836065573,FAIBLE,1,0,0,1
180295,13040,CLASSIQUE,40,50,60,9,2,7,2.25,0.21249999999999994,36.916666666666664,3434,28,15,FAIBLE,1,0,0,1
180295,13045,CLASSIQUE,40,50,60,10,3,7,2.5,0.20833333333333331,37.5,3435,27,16.666666666666668,FAIBLE,1,0,0,1
180295,13050,CLASSIQUE,40,50,63,10,3,7,2.5,0.21031746031746032,36.507936507936506,3435,25,15.873015873015873,FAIBLE,1,0,0,1
180295,13055,CLASSIQUE,40,50,63,10,3,7,2.5,0.21031746031746026,37.301587301587304,3435,23,15.873015873015873,FAIBLE,1,0,0,2
180295,13060,CLASSIQUE,40,50,64,13,5,8,3.25,0.19921874999999994,37.59375,3435,22,20.3125,FAIBLE,1,0,0,2
180295,13065,CLASSIQUE,40,50,65,17,7,10,3.75,0.18461538461538457,38.215384615384615,3435,22,26.153846153846153,FAIBLE,1,0,0,2
180295,13070,CLASSIQUE,40,50,65,17,7,10,3.75,0.18461538461538457,39.52307692307692,3435,21,26.153846153846153,FAIBLE,2,0,2,2
180295,13075,CLASSIQUE,40,50,66,18,11,7,4,0.18181818181818177,40.333333333333336,3435,21,27.272727272727273,FAIBLE,2,2,2,0
180295,13080,CLASSIQUE,40,50,66,20,12,8,4.5,0.1742424242424242,40.984848484848484,3436,22,30.303030303030305,MOYENNE,2,2,2,0
180295,13085,CLASSIQUE,40,50,68,20,12,8,4.5,0.17647058823529413,40.63235294117647,3437,23,29.41176470588235,FAIBLE,2,2,2,0
180295,13090,CLASSIQUE,40,50,69,13,10,3,2.75,0.2028985507246377,39.869565217391305,3439,25,18.840579710144926,FAIBLE,0,2,1,0
180295,13095,CLASSIQUE,40,50,67,5,5,0,1.25,0.2313432835820895,38.417910447761194,3442,28,7.462686567164179,FAIBLE,0,1,1,0
180295,13100,CLASSIQUE,40,50,65,1,1,0,0.25,0.24615384615384608,35.86153846153846,3445,30,1.5384615384615385,FAIBLE,0,1,1,0
180295,13105,CLASSIQUE,40,50,63,2,2,0,0.5,0.24206349206349198,34.22222222222222,3447,31,3.1746031746031744,FAIBLE,0,1,1,0
180295,13110,CLASSIQUE,40,50,63,2,2,0,0.5,0.24206349206349198,31.634920634920636,3450,32,3.1746031746031744,FAIBLE,0,1,1,0
180295,13115,CLASSIQUE,40,50,63,2,2,0,0.5,0.23888888888888887,29.22222222222222,3453,33,3.1746031746031744,FAIBLE,0,1,1,0
180295,13120,CLASSIQUE,40,50,58,3,3,0,0.75,0.23706896551724135,28.25862068965517,3458,34,5.172413793103448,FAIBLE,0,1,1,0
180295,13125,CLASSIQUE,40,50,58,3,3,0,0.75,0.23706896551724138,28.051724137931036,3459,32,5.172413793103448,FAIBLE,0,1,1,0
180295,13130,CLASSIQUE,40,50,57,4,3,1,1,0.23245614035087714,28.82456140350877,3460,30,7.017543859649122,FAIBLE,0,1,1,0
180295,13135,CLASSIQUE,40,50,59,5,3,2,1.25,0.22881355932203384,28.203389830508474,3460,27,8.474576271186441,FAIBLE,0,1,1,2
180295,13140,CLASSIQUE,40,50,61,7,3,4,1.75,0.22131147540983606,27.737704918032787,3460,26,11.475409836065573,FAIBLE,0,1,1,2
180295,13145,CLASSIQUE,40,50,64,13,4,9,3,0.19921874999999997,27.359375,3460,25,20.3125,FAIBLE,0,1,1,2
180295,13150,CLASSIQUE,40,50,66,14,4,10,3,0.19696969696969693,27.59090909090909,3460,25,21.21212121212121,FAIBLE,2,1,2,2
180295,13155,CLASSIQUE,40,50,67,20,6,14,4.5,0.17537313432835822,28.46268656716418,3460,25,29.850746268656717,FAIBLE,2,2,2,1
180295,13160,CLASSIQUE,40,50,69,22,6,16,4.5,0.1644927536231884,28.057971014492754,3461,26,31.884057971014492,MOYENNE,2,2,2,1
180295,13165,CLASSIQUE,40,50,69,25,7,18,5.25,0.15942028985507245,29.231884057971016,3462,27,36.231884057971016,MOYENNE,2,2,2,1
180295,13170,CLASSIQUE,40,50,71,18,3,15,3.25,0.18661971830985916,29.338028169014084,3464,29,25.35211267605634,FAIBLE,1,2,0,1
180295,13175,CLASSIQUE,40,50,69,12,2,10,2.25,0.20652173913043473,29.608695652173914,3466,31,17.391304347826086,FAIBLE,1,0,0,1
180295,13180,CLASSIQUE,40,50,68,6,2,4,1.5,0.2279411764705882,28.191176470588236,3469,33,8.823529411764707,FAIBLE,1,0,0,1
180295,13185,CLASSIQUE,40,50,66,8,2,6,2,0.21969696969696967,27.318181818181817,3471,34,12.121212121212121,FAIBLE,1,0,0,1
180295,13190,CLASSIQUE,40,50,64,9,2,7,2,0.21484374999999997,26.5625,3474,35,14.0625,FAIBLE,1,0,0,1
180295,13195,CLASSIQUE,40,50,63,9,3,6,2.25,0.21428571428571427,27.333333333333332,3476,34,14.285714285714286,FAIBLE,1,0,0,1
180295,13200,CLASSIQUE,40,50,61,11,5,6,2.75,0.20327868852459013,29.098360655737704,3479,34,18.0327868852459,FAIBLE,1,0,0,1
180295,13205,CLASSIQUE,40,50,62,12,5,7,3,0.2016129032258064,29.596774193548388,3479,32,19.35483870967742,FAIBLE,1,0,0,1
180295,13210,CLASSIQUE,40,50,63,12,5,7,3,0.20238095238095236,30.07936507936508,3479,29,19.047619047619047,FAIBLE,1,0,0,1
180295,13215,CLASSIQUE,40,50,65,14,6,8,3.5,0.1961538461538461,30.138461538461538,3479,26,21.53846153846154,FAIBLE,1,0,0,2
180295,13220,CLASSIQUE,40,50,66,15,7,8,3.75,0.19318181818181812,30.772727272727273,3479,21,22.727272727272727,FAIBLE,1,0,0,2
180295,13225,CLASSIQUE,40,50,69,17,9,8,4.25,0.18840579710144922,30.6231884057971,3479,20,24.63768115942029,FAIBLE,1,0,0,2
180295,13230,CLASSIQUE,40,50,70,18,10,8,4.5,0.1857142857142857,31.442857142857143,3479,19,25.714285714285715,FAIBLE,2,0,2,2
180295,13235,CLASSIQUE,40,50,71,22,14,8,5.25,0.1725352112676056,32.45070422535211,3479,19,30.985915492957748,MOYENNE,2,2,2,0
180295,13240,CLASSIQUE,40,50,73,24,16,8,5.5,0.1678082191780822,31.89041095890411,3480,20,32.87671232876713,MOYENNE,2,2,2,0
180295,13245,CLASSIQUE,40,50,73,25,17,8,5.5,0.16438356164383558,32.87671232876713,3481,21,34.24657534246575,MOYENNE,2,2,2,0
180295,13250,CLASSIQUE,40,50,75,17,14,3,3.25,0.19333333333333333,32.026666666666664,3483,23,22.666666666666668,FAIBLE,0,2,1,0
180295,13255,CLASSIQUE,40,50,74,9,7,2,2,0.2195945945945945,31.43243243243243,3485,25,12.162162162162161,FAIBLE,0,1,1,0
180295,13260,CLASSIQUE,40,50,71,7,5,2,1.75,0.2253521126760563,30.43661971830986,3488,27,9.859154929577464,FAIBLE,0,1,1,0
180295,13265,CLASSIQUE,40,50,72,7,4,3,1.75,0.2256944444444444,28.208333333333332,3490,28,9.722222222222221,FAIBLE,0,1,1,0
180295,13270,CLASSIQUE,40,50,71,8,5,3,2,0.2197183098591549,27.056338028169016,3492,28,11.267605633802816,FAIBLE,0,1,1,0
180295,13275,CLASSIQUE,40,50,69,11,6,5,2.75,0.21014492753623187,27.07246376811594,3495,29,15.942028985507246,FAIBLE,0,1,1,0
180295,13280,CLASSIQUE,40,50,69,12,6,6,3,0.20652173913043473,26.17391304347826,3498,29,17.391304347826086,FAIBLE,0,1,1,0
180295,13285,CLASSIQUE,40,50,68,13,7,6,3.25,0.20220588235294112,27.470588235294116,3500,29,19.11764705882353,FAIBLE,0,1,1,0
180295,13290,CLASSIQUE,40,50,68,15,8,7,3.25,0.19485294117647056,28.514705882352942,3501,27,22.058823529411764,FAIBLE,0,1,1,0
180295,13295,CLASSIQUE,40,50,73,15,8,7,3.25,0.19863013698630136,27.589041095890412,3501,25,20.54794520547945,FAIBLE,0,1,1,2
180295,13300,CLASSIQUE,40,50,74,19,9,10,4,0.1858108108108108,28.364864864864863,3501,22,25.675675675675677,FAIBLE,0,1,1,2
180295,13305,CLASSIQUE,40,50,77,21,9,12,4.5,0.18181818181818182,28.61038961038961,3501,22,27.272727272727273,FAIBLE,0,1,1,2
180295,13310,CLASSIQUE,40,50,79,23,9,14,5,0.17721518987341775,29.303797468354432,3501,22,29.11392405063291,FAIBLE,2,1,2,2
180295,13315,CLASSIQUE,40,50,81,29,10,19,6.25,0.15740740740740744,30.160493827160494,3501,22,35.80246913580247,MOYENNE,2,2,2,1
180295,13320,CLASSIQUE,40,50,80,32,9,23,6.25,0.15,32.1625,3502,23,40,MOYENNE,2,2,2,1
180295,13325,CLASSIQUE,40,50,80,33,9,24,6.5,0.146875,34.0125,3503,24,41.25,MOYENNE,2,2,2,1
180295,13330,CLASSIQUE,40,50,80,25,3,22,4.75,0.169375,35.275,3504,25,31.25,MOYENNE,1,2,0,1
180295,13335,CLASSIQUE,40,50,80,16,2,14,2.75,0.19999999999999998,34.6375,3506,27,20,FAIBLE,1,0,0,1
180295,13340,CLASSIQUE,40,50,79,10,2,8,1.5,0.21455696202531643,33.77215189873418,3508,28,12.658227848101266,FAIBLE,1,0,0,1
180295,13345,CLASSIQUE,40,50,77,8,4,4,2,0.22272727272727272,34.1948051948052,3511,30,10.38961038961039,FAIBLE,1,0,0,1
180295,13350,CLASSIQUE,40,50,76,9,5,4,2.25,0.22039473684210523,34.64473684210526,3514,31,11.842105263157896,FAIBLE,1,0,0,1
180295,13355,CLASSIQUE,40,50,76,10,5,5,2.5,0.2171052631578947,35.01315789473684,3516,31,13.157894736842104,FAIBLE,1,0,0,1
180295,13360,CLASSIQUE,40,50,74,11,5,6,2.75,0.2128378378378378,36.689189189189186,3518,30,14.864864864864865,FAIBLE,1,0,0,1
180295,13365,CLASSIQUE,40,50,74,12,5,7,2.75,0.2094594594594594,37.472972972972975,3518,28,16.216216216216218,FAIBLE,1,0,0,1
180295,13370,CLASSIQUE,40,50,73,12,5,7,2.75,0.20890410958904107,38.80821917808219,3520,28,16.438356164383563,FAIBLE,1,0,0,1
180295,13375,CLASSIQUE,40,50,75,12,5,7,2.75,0.20999999999999996,38.57333333333333,3520,25,16,FAIBLE,1,0,0,2
180295,13380,CLASSIQUE,40,50,78,16,8,8,3.75,0.19871794871794868,37.98717948717949,3520,22,20.512820512820515,FAIBLE,1,0,0,2
180295,13385,CLASSIQUE,40,50,80,20,12,8,4.25,0.18749999999999994,38.225,3520,20,25,FAIBLE,1,0,0,2
180295,13390,CLASSIQUE,40,50,82,25,17,8,5.25,0.17378048780487804,38.6219512195122,3520,19,30.48780487804878,MOYENNE,2,0,2,2
180295,13395,CLASSIQUE,40,50,83,27,21,6,5.25,0.16867469879518068,39.75903614457831,3520,19,32.53012048192771,MOYENNE,2,2,2,0
180295,13400,CLASSIQUE,40,50,82,28,23,5,5.5,0.1646341463414634,40.707317073170735,3521,20,34.146341463414636,MOYENNE,2,2,2,0
180295,13405,CLASSIQUE,40,50,83,35,24,11,6.5,0.14216867469879516,41.493975903614455,3522,21,42.16867469879518,MOYENNE,2,2,2,0
180295,13410,CLASSIQUE,40,50,84,29,23,6,5,0.16369047619047614,41.79761904761905,3523,22,34.523809523809526,MOYENNE,0,2,1,0
180295,13415,CLASSIQUE,40,50,83,13,12,1,2,0.21084337349397586,41.16867469879518,3525,24,15.662650602409638,FAIBLE,0,1,1,0
180295,13420,CLASSIQUE,40,50,82,9,8,1,1.5,0.22256097560975605,39.073170731707314,3528,26,10.975609756097562,FAIBLE,0,1,1,0
180295,13425,CLASSIQUE,40,50,79,9,8,1,1.75,0.21962025316455697,38.21518987341772,3532,29,11.39240506329114,FAIBLE,0,1,1,0
180295,13430,CLASSIQUE,40,50,78,11,9,2,2.5,0.21474358974358973,37.166666666666664,3535,31,14.102564102564102,FAIBLE,0,1,1,0
180295,13435,CLASSIQUE,40,50,76,12,9,3,2.75,0.21052631578947364,37.94736842105263,3537,31,15.789473684210526,FAIBLE,0,1,1,0
180295,13440,CLASSIQUE,40,50,75,13,9,4,3,0.20399999999999996,38.373333333333335,3540,32,17.333333333333332,FAIBLE,0,1,1,0
180295,13445,CLASSIQUE,40,50,74,15,9,6,3.5,0.1993243243243243,39.78378378378378,3541,30,20.27027027027027,FAIBLE,0,1,1,0
180295,13450,CLASSIQUE,40,50,74,16,9,7,3.5,0.1959459459459459,40.82432432432432,3542,28,21.62162162162162,FAIBLE,0,1,1,0
180295,13455,CLASSIQUE,40,50,74,19,10,9,3.75,0.1858108108108108,41.986486486486484,3542,26,25.675675675675677,FAIBLE,0,1,1,2
180295,13460,CLASSIQUE,40,50,74,21,10,11,4.25,0.179054054054054,43.310810810810814,3542,24,28.37837837837838,FAIBLE,0,1,1,2
180295,13465,CLASSIQUE,40,50,77,26,10,16,4.75,0.1655844155844156,43.20779220779221,3542,24,33.76623376623377,MOYENNE,0,1,1,2
180295,13470,CLASSIQUE,40,50,78,27,11,16,5,0.16346153846153844,44.333333333333336,3542,22,34.61538461538461,MOYENNE,2,1,2,2
180295,13475,CLASSIQUE,40,50,79,29,10,19,5.25,0.15822784810126583,45.607594936708864,3542,22,36.70886075949367,MOYENNE,2,2,2,1
180295,13480,CLASSIQUE,40,50,79,30,9,21,5.75,0.1550632911392405,46.379746835443036,3543,23,37.9746835443038,MOYENNE,2,2,2,1
180295,13485,CLASSIQUE,40,50,80,32,11,21,6.25,0.14999999999999997,47,3544,24,40,MOYENNE,2,2,2,1
180295,13490,CLASSIQUE,40,50,80,23,4,19,4.25,0.17812499999999998,47.2125,3546,26,28.75,FAIBLE,1,2,0,1
180295,13495,CLASSIQUE,40,50,77,14,2,12,2.25,0.20454545454545456,47.18181818181818,3549,29,18.181818181818183,FAIBLE,1,0,0,1
180295,13500,CLASSIQUE,40,50,76,6,2,4,1.25,0.2302631578947368,43.96052631578947,3554,33,7.894736842105263,FAIBLE,1,0,0,1
180295,13505,CLASSIQUE,40,50,73,5,2,3,1.25,0.23287671232876708,42.57534246575342,3557,35,6.8493150684931505,FAIBLE,1,0,0,1
180295,13510,CLASSIQUE,40,50,70,5,2,3,1.25,0.22999999999999993,42.357142857142854,3561,38,7.142857142857143,FAIBLE,1,0,0,1
180295,13515,CLASSIQUE,40,50,70,8,2,6,2,0.2214285714285714,41.042857142857144,3565,40,11.428571428571429,FAIBLE,1,0,0,1
180295,13520,CLASSIQUE,40,50,68,8,2,6,2,0.2205882352941176,41.470588235294116,3567,39,11.764705882352942,FAIBLE,1,0,0,1
180295,13525,CLASSIQUE,40,50,67,8,2,6,2,0.22014925373134323,41.32835820895522,3569,37,11.940298507462687,FAIBLE,1,0,0,1
180295,13530,CLASSIQUE,40,50,67,8,2,6,2,0.22014925373134325,41.52238805970149,3570,35,11.940298507462687,FAIBLE,1,0,0,1
180295,13535,CLASSIQUE,40,50,70,9,3,6,2.25,0.21571428571428566,39.97142857142857,3572,35,12.857142857142858,FAIBLE,1,0,0,2
180295,13540,CLASSIQUE,40,50,73,13,7,6,3.25,0.2054794520547945,39.12328767123287,3572,32,17.80821917808219,FAIBLE,1,0,0,2
180295,13545,CLASSIQUE,40,50,73,17,11,6,3.75,0.1917808219178082,40.205479452054796,3572,31,23.28767123287671,FAIBLE,1,0,0,2
180295,13550,CLASSIQUE,40,50,74,20,14,6,4.5,0.18243243243243237,40.851351351351354,3572,30,27.027027027027028,FAIBLE,2,0,2,2
180295,13555,CLASSIQUE,40,50,74,25,18,7,5.5,0.16554054054054052,42.41891891891892,3572,30,33.78378378378378,MOYENNE,2,2,2,0
180295,13560,CLASSIQUE,40,50,73,27,20,7,6,0.15753424657534243,43.45205479452055,3573,31,36.986301369863014,MOYENNE,2,2,2,0
180295,13565,CLASSIQUE,40,50,73,32,20,12,6.5,0.1404109589041095,44.32876712328767,3574,32,43.83561643835616,MOYENNE,2,2,2,0
180295,13570,CLASSIQUE,40,50,74,25,18,7,4.5,0.16013513513513505,43.67567567567568,3576,34,33.78378378378378,MOYENNE,0,2,1,0
180295,13575,CLASSIQUE,40,50,71,14,10,4,2.75,0.19788732394366193,43.53521126760563,3579,37,19.718309859154928,FAIBLE,0,1,1,0
180295,13580,CLASSIQUE,40,50,69,12,8,4,2.5,0.20652173913043473,42.028985507246375,3583,40,17.391304347826086,FAIBLE,0,1,1,0
180295,13585,CLASSIQUE,40,50,68,15,8,7,3.25,0.1948529411764705,41.161764705882355,3585,41,22.058823529411764,FAIBLE,0,1,1,0
180295,13590,CLASSIQUE,40,50,69,14,8,6,3.25,0.19927536231884058,39.7536231884058,3587,41,20.28985507246377,FAIBLE,0,1,1,0
180295,13595,CLASSIQUE,40,50,70,15,9,6,3.5,0.19642857142857137,39.3,3588,39,21.428571428571427,FAIBLE,0,1,1,0
180295,13600,CLASSIQUE,40,50,70,15,9,6,3.5,0.19642857142857142,40.1,3589,35,21.428571428571427,FAIBLE,0,1,1,0
180295,13605,CLASSIQUE,40,50,69,15,9,6,3.5,0.19565217391304346,41.768115942028984,3590,33,21.73913043478261,FAIBLE,0,1,1,0
180295,13610,CLASSIQUE,40,50,71,17,10,7,3.75,0.19014084507042248,41.71830985915493,3590,29,23.943661971830984,FAIBLE,0,1,1,0
180295,13615,CLASSIQUE,40,50,73,19,11,8,3.75,0.18493150684931506,41.80821917808219,3590,25,26.027397260273972,FAIBLE,0,1,1,2
180295,13620,CLASSIQUE,40,50,74,23,13,10,4.25,0.17229729729729734,42.648648648648646,3590,23,31.08108108108108,MOYENNE,0,1,1,2
180295,13625,CLASSIQUE,40,50,74,27,14,13,4.75,0.15878378378378388,44.37837837837838,3590,21,36.486486486486484,MOYENNE,0,1,1,2
180295,13630,CLASSIQUE,40,50,75,29,15,14,5,0.15333333333333343,45.626666666666665,3590,20,38.666666666666664,MOYENNE,2,1,2,2
180295,13635,CLASSIQUE,40,50,75,36,18,18,6.25,0.13000000000000006,47.89333333333333,3590,18,48,MOYENNE,2,2,2,1
180295,13640,CLASSIQUE,40,50,75,31,13,18,5.5,0.14400000000000004,49.21333333333333,3591,19,41.333333333333336,MOYENNE,2,2,2,1
180295,13645,CLASSIQUE,40,50,77,32,12,20,5.75,0.14610389610389612,49.37662337662338,3592,20,41.55844155844156,MOYENNE,2,2,2,1
180295,13650,CLASSIQUE,40,50,78,24,6,18,3.5,0.1730769230769231,49.333333333333336,3593,21,30.76923076923077,MOYENNE,1,2,0,1
180295,13655,CLASSIQUE,40,50,77,7,0,7,1.25,0.22727272727272724,48.45454545454545,3595,23,9.090909090909092,FAIBLE,1,0,0,1
180295,13660,CLASSIQUE,40,50,75,2,0,2,0.5,0.2433333333333333,46.21333333333333,3598,25,2.6666666666666665,FAIBLE,1,0,0,1
180295,13665,CLASSIQUE,40,50,72,5,1,4,1.25,0.23263888888888884,44.833333333333336,3602,28,6.944444444444445,FAIBLE,1,0,0,1
180295,13670,CLASSIQUE,40,50,69,5,2,3,1.25,0.23188405797101433,43.768115942028984,3605,29,7.246376811594203,FAIBLE,1,0,0,1
180295,13675,CLASSIQUE,40,50,65,5,2,3,1.25,0.23076923076923073,43.56923076923077,3609,30,7.6923076923076925,FAIBLE,1,0,0,1
180295,13680,CLASSIQUE,40,50,65,5,2,3,1.25,0.23076923076923073,41.815384615384616,3611,28,7.6923076923076925,FAIBLE,1,0,0,1
180295,13685,CLASSIQUE,40,50,65,5,2,3,1.25,0.23076923076923078,40.84615384615385,3613,28,7.6923076923076925,FAIBLE,1,0,0,1
180295,13690,CLASSIQUE,40,50,64,5,2,3,1.25,0.23046874999999994,41.75,3614,27,7.8125,FAIBLE,1,0,0,1
180295,13695,CLASSIQUE,40,50,66,7,3,4,1.75,0.22348484848484848,40.86363636363637,3615,27,10.606060606060606,FAIBLE,1,0,0,2
180295,13700,CLASSIQUE,40,50,68,13,7,6,3.25,0.20220588235294115,40.44117647058823,3615,26,19.11764705882353,FAIBLE,1,0,0,2
180295,13705,CLASSIQUE,40,50,69,18,12,6,3.75,0.18478260869565216,41.01449275362319,3615,25,26.08695652173913,FAIBLE,1,0,0,2
180295,13710,CLASSIQUE,40,50,72,19,13,6,4,0.1840277777777778,40.611111111111114,3615,25,26.38888888888889,FAIBLE,2,0,2,2
180295,13715,CLASSIQUE,40,50,73,21,17,4,4.5,0.17808219178082188,41.47945205479452,3615,25,28.767123287671232,FAIBLE,2,2,2,0
180295,13720,CLASSIQUE,40,50,75,29,20,9,5.5,0.15133333333333332,41.84,3616,26,38.666666666666664,MOYENNE,2,2,2,0
180295,13725,CLASSIQUE,40,50,77,30,21,9,5.5,0.15259740259740256,42.714285714285715,3617,27,38.96103896103896,MOYENNE,2,2,2,0
180295,13730,CLASSIQUE,40,50,77,22,19,3,3.75,0.17857142857142855,42.935064935064936,3618,28,28.571428571428573,FAIBLE,0,2,1,0
180295,13735,CLASSIQUE,40,50,75,15,13,2,2.25,0.19999999999999998,42.17333333333333,3620,30,20,FAIBLE,0,1,1,0
180295,13740,CLASSIQUE,40,50,74,8,5,3,1.75,0.22297297297297292,39.9054054054054,3623,32,10.81081081081081,FAIBLE,0,1,1,0
180295,13745,CLASSIQUE,40,50,75,9,6,3,1.75,0.21999999999999995,37.10666666666667,3626,34,12,FAIBLE,0,1,1,0
180295,13750,CLASSIQUE,40,50,73,9,5,4,2.25,0.2191780821917808,36.95890410958904,3629,36,12.32876712328767,FAIBLE,0,1,1,0
180295,13755,CLASSIQUE,40,50,76,9,5,4,2.25,0.22039473684210525,35.5921052631579,3630,35,11.842105263157896,FAIBLE,0,1,1,0
180295,13760,CLASSIQUE,40,50,77,12,7,5,3,0.21103896103896103,35.51948051948052,3631,33,15.584415584415584,FAIBLE,0,1,1,0
180295,13765,CLASSIQUE,40,50,78,14,8,6,3.5,0.2044871794871795,35.88461538461539,3631,29,17.94871794871795,FAIBLE,0,1,1,0
180295,13770,CLASSIQUE,40,50,79,15,9,6,3.5,0.20063291139240505,36.379746835443036,3633,28,18.9873417721519,FAIBLE,0,1,1,0
180295,13775,CLASSIQUE,40,50,80,17,9,8,4,0.19687499999999997,36.9375,3633,24,21.25,FAIBLE,0,1,1,2
180295,13780,CLASSIQUE,40,50,82,21,10,11,4.75,0.1859756097560976,37.170731707317074,3633,22,25.609756097560975,FAIBLE,0,1,1,2
180295,13785,CLASSIQUE,40,50,83,23,10,13,5.25,0.18072289156626511,38.06024096385542,3633,20,27.710843373493976,FAIBLE,0,1,1,2
180295,13790,CLASSIQUE,40,50,85,29,11,18,6,0.1623529411764706,38.63529411764706,3633,19,34.11764705882353,MOYENNE,2,1,2,2
180295,13795,CLASSIQUE,40,50,85,33,11,22,6.75,0.15294117647058825,40.54117647058823,3633,18,38.8235294117647,MOYENNE,2,2,2,1
180295,13800,CLASSIQUE,40,50,85,35,11,24,7,0.1470588235294118,41.36470588235294,3634,19,41.1764705882353,MOYENNE,2,2,2,1
180295,13805,CLASSIQUE,40,50,86,37,10,27,7.25,0.1424418604651163,41.96511627906977,3635,20,43.02325581395349,MOYENNE,2,2,2,1
180295,13810,CLASSIQUE,40,50,86,33,6,27,5.75,0.15406976744186046,41.96511627906977,3637,22,38.372093023255815,MOYENNE,1,2,0,1
180295,13815,CLASSIQUE,40,50,85,21,3,18,4,0.18823529411764706,41.21176470588235,3640,25,24.705882352941178,FAIBLE,1,0,0,1
180295,13820,CLASSIQUE,40,50,82,16,3,13,3.25,0.20121951219512196,39.26829268292683,3645,29,19.51219512195122,FAIBLE,1,0,0,1
180295,13825,CLASSIQUE,40,50,79,13,2,11,2.75,0.2088607594936708,38.32911392405063,3649,32,16.455696202531644,FAIBLE,1,0,0,1
180295,13830,CLASSIQUE,40,50,78,11,2,9,2.75,0.21474358974358965,36.833333333333336,3652,34,14.102564102564102,FAIBLE,1,0,0,1
180295,13835,CLASSIQUE,40,50,75,11,2,9,2.75,0.21066666666666664,36.17333333333333,3655,35,14.666666666666666,FAIBLE,1,0,0,1
180295,13840,CLASSIQUE,40,50,72,13,3,10,3,0.2048611111111111,36.541666666666664,3658,35,18.055555555555557,FAIBLE,1,0,0,1
180295,13845,CLASSIQUE,40,50,73,13,3,10,3,0.2054794520547945,35.273972602739725,3660,34,17.80821917808219,FAIBLE,1,0,0,1
180295,13850,CLASSIQUE,40,50,73,13,3,10,3,0.2054794520547945,35.87671232876713,3661,32,17.80821917808219,FAIBLE,1,0,0,1
180295,13855,CLASSIQUE,40,50,74,14,4,10,3.25,0.2027027027027027,36.28378378378378,3661,31,18.91891891891892,FAIBLE,1,0,0,2
180295,13860,CLASSIQUE,40,50,75,17,7,10,4,0.19333333333333333,36.8,3661,30,22.666666666666668,FAIBLE,1,0,0,2
180295,13865,CLASSIQUE,40,50,76,22,11,11,4.75,0.17763157894736842,37.6578947368421,3661,30,28.94736842105263,FAIBLE,1,0,0,2
180295,13870,CLASSIQUE,40,50,77,24,12,12,5.25,0.17207792207792202,38.66233766233766,3661,28,31.16883116883117,MOYENNE,2,0,2,2
180295,13875,CLASSIQUE,40,50,79,28,18,10,6.25,0.15886075949367084,39.43037974683544,3661,28,35.44303797468354,MOYENNE,2,2,2,0
180295,13880,CLASSIQUE,40,50,79,32,22,10,6.25,0.14873417721518992,40.45569620253165,3662,29,40.50632911392405,MOYENNE,2,2,2,0
180295,13885,CLASSIQUE,40,50,81,38,23,15,6.75,0.13271604938271608,40.82716049382716,3663,30,46.91358024691358,MOYENNE,2,2,2,0
180295,13890,CLASSIQUE,40,50,82,24,18,6,3.75,0.17682926829268292,41.829268292682926,3665,32,29.26829268292683,FAIBLE,0,2,1,0
180295,13895,CLASSIQUE,40,50,80,16,13,3,2.75,0.19999999999999993,42.85,3667,34,20,FAIBLE,0,1,1,0
180295,13900,CLASSIQUE,40,50,80,11,8,3,1.75,0.215625,41.15,3669,35,13.75,FAIBLE,0,1,1,0
180295,13905,CLASSIQUE,40,50,78,7,4,3,1.75,0.22756410256410256,41.30769230769231,3672,37,8.974358974358974,FAIBLE,0,1,1,0
180295,13910,CLASSIQUE,40,50,76,7,4,3,1.75,0.22697368421052627,41.80263157894737,3674,37,9.210526315789474,FAIBLE,0,1,1,0
180295,13915,CLASSIQUE,40,50,74,7,4,3,1.75,0.22635135135135126,43.04054054054054,3677,37,9.45945945945946,FAIBLE,0,1,1,0
180295,13920,CLASSIQUE,40,50,77,7,4,3,1.75,0.22727272727272727,41.81818181818182,3677,32,9.090909090909092,FAIBLE,0,1,1,0
180295,13925,CLASSIQUE,40,50,78,9,5,4,2.25,0.2192307692307692,41.782051282051285,3677,28,11.538461538461538,FAIBLE,0,1,1,0
180295,13930,CLASSIQUE,40,50,79,10,6,4,2.5,0.21835443037974678,41.88607594936709,3677,25,12.658227848101266,FAIBLE,0,1,1,0
180295,13935,CLASSIQUE,40,50,80,14,7,7,3.5,0.20625,42.1,3677,22,17.5,FAIBLE,0,1,1,2
180295,13940,CLASSIQUE,40,50,81,19,7,12,4.25,0.19135802469135801,42.629629629629626,3677,19,23.45679012345679,FAIBLE,0,1,1,2
180295,13945,CLASSIQUE,40,50,81,22,7,15,4.5,0.1820987654320987,43.93827160493827,3677,17,27.160493827160494,FAIBLE,0,1,1,2
180295,13950,CLASSIQUE,40,50,83,23,8,15,4.75,0.18072289156626503,44.21686746987952,3677,16,27.710843373493976,FAIBLE,2,1,2,2
180295,13955,CLASSIQUE,40,50,84,26,7,19,5.5,0.1714285714285714,45.17857142857143,3677,16,30.952380952380953,MOYENNE,2,2,2,1
180295,13960,CLASSIQUE,40,50,84,31,7,24,5.75,0.1577380952380952,45.92857142857143,3678,17,36.904761904761905,MOYENNE,2,2,2,1
180295,13965,CLASSIQUE,40,50,85,34,9,25,6.5,0.14999999999999997,46.4,3679,18,40,MOYENNE,2,2,2,1
180295,13970,CLASSIQUE,40,50,86,28,5,23,5,0.16627906976744178,46.08139534883721,3681,20,32.55813953488372,MOYENNE,1,2,0,1
180295,13975,CLASSIQUE,40,50,85,18,4,14,3.25,0.19705882352941168,45.35294117647059,3684,23,21.176470588235293,FAIBLE,1,0,0,1
180295,13980,CLASSIQUE,40,50,81,11,4,7,2,0.21604938271604934,44.55555555555556,3689,27,13.580246913580247,FAIBLE,1,0,0,1
180295,13985,CLASSIQUE,40,50,77,9,4,5,2,0.21818181818181814,44.18181818181818,3693,30,11.688311688311689,FAIBLE,1,0,0,1
180295,13990,CLASSIQUE,40,50,75,10,4,6,2.5,0.21666666666666662,42.92,3696,31,13.333333333333334,FAIBLE,1,0,0,1
180295,13995,CLASSIQUE,40,50,72,11,5,6,2.75,0.21180555555555555,42.31944444444444,3700,33,15.277777777777779,FAIBLE,1,0,0,1
180295,14000,CLASSIQUE,40,50,70,12,6,6,3,0.20714285714285713,42.81428571428572,3703,34,17.142857142857142,FAIBLE,1,0,0,1
180295,14005,CLASSIQUE,40,50,67,12,6,6,3,0.2044776119402985,44.776119402985074,3706,34,17.91044776119403,FAIBLE,1,0,0,1
180295,14010,CLASSIQUE,40,50,65,14,6,8,3,0.19615384615384615,47.10769230769231,3708,34,21.53846153846154,FAIBLE,1,0,0,1
180295,14015,CLASSIQUE,40,50,68,16,8,8,3.5,0.1911764705882353,46.088235294117645,3708,31,23.529411764705884,FAIBLE,1,0,0,2
180295,14020,CLASSIQUE,40,50,69,21,11,10,4.75,0.1739130434782609,46.7536231884058,3708,31,30.434782608695652,MOYENNE,1,0,0,2
180295,14025,CLASSIQUE,40,50,70,22,12,10,5,0.17142857142857137,47.65714285714286,3708,31,31.428571428571427,MOYENNE,1,0,0,2
180295,14030,CLASSIQUE,40,50,73,24,12,12,5.25,0.16780821917808217,47.23287671232877,3708,31,32.87671232876713,MOYENNE,2,0,2,2
180295,14035,CLASSIQUE,40,50,73,26,16,10,5.75,0.16095890410958905,49.082191780821915,3708,31,35.61643835616438,MOYENNE,2,2,2,0
180295,14040,CLASSIQUE,40,50,74,24,17,7,5.75,0.16891891891891886,48.9054054054054,3709,32,32.432432432432435,MOYENNE,2,2,2,0
180295,14045,CLASSIQUE,40,50,75,25,17,8,6,0.1666666666666666,49.50666666666667,3710,33,33.333333333333336,MOYENNE,2,2,2,0
180295,14050,CLASSIQUE,40,50,76,17,16,1,4,0.19407894736842102,48.53947368421053,3712,35,22.36842105263158,FAIBLE,0,2,1,0
180295,14055,CLASSIQUE,40,50,74,8,6,2,2,0.22297297297297292,47.891891891891895,3714,37,10.81081081081081,FAIBLE,0,1,1,0
180295,14060,CLASSIQUE,40,50,71,3,2,1,0.75,0.23943661971830982,46.16901408450704,3717,39,4.225352112676056,FAIBLE,0,1,1,0
180295,14065,CLASSIQUE,40,50,69,4,3,1,1,0.2355072463768115,44.17391304347826,3720,41,5.797101449275362,FAIBLE,0,1,1,0
180295,14070,CLASSIQUE,40,50,69,4,3,1,1,0.2355072463768115,41.27536231884058,3722,41,5.797101449275362,FAIBLE,0,1,1,0
180295,14075,CLASSIQUE,40,50,67,5,3,2,1.25,0.22835820895522377,39.80597014925373,3724,40,7.462686567164179,FAIBLE,0,1,1,0
180295,14080,CLASSIQUE,40,50,65,7,3,4,1.75,0.2230769230769231,38.46153846153846,3728,39,10.76923076923077,FAIBLE,0,1,1,0
180295,14085,CLASSIQUE,40,50,62,7,3,4,1.75,0.21935483870967742,39.95161290322581,3731,38,11.290322580645162,FAIBLE,0,1,1,0
180295,14090,CLASSIQUE,40,50,60,8,3,5,2,0.21666666666666667,41.46666666666667,3733,37,13.333333333333334,FAIBLE,0,1,1,0
180295,14095,CLASSIQUE,40,50,62,11,4,7,2.75,0.20564516129032256,40.95161290322581,3733,33,17.741935483870968,FAIBLE,0,1,1,2
180295,14100,CLASSIQUE,40,50,62,14,4,10,3.5,0.19354838709677416,41.935483870967744,3733,30,22.580645161290324,FAIBLE,0,1,1,2
180295,14105,CLASSIQUE,40,50,64,18,4,14,4,0.1796875,41.9375,3733,27,28.125,FAIBLE,0,1,1,2
180295,14110,CLASSIQUE,40,50,65,18,4,14,4,0.18076923076923074,42.676923076923075,3733,25,27.692307692307693,FAIBLE,2,1,2,2
180295,14115,CLASSIQUE,40,50,65,21,3,18,4.75,0.16923076923076918,44.215384615384615,3733,25,32.30769230769231,MOYENNE,2,2,2,1
180295,14120,CLASSIQUE,40,50,65,27,6,21,5.75,0.1461538461538461,44.55384615384615,3734,26,41.53846153846154,MOYENNE,2,2,2,1
180295,14125,CLASSIQUE,40,50,65,29,7,22,6,0.13846153846153847,45.96923076923077,3735,27,44.61538461538461,MOYENNE,2,2,2,1
180295,14130,CLASSIQUE,40,50,66,21,2,19,3.75,0.16969696969696968,45.06060606060606,3737,29,31.818181818181817,MOYENNE,1,2,0,1
180295,14135,CLASSIQUE,40,50,64,13,1,12,2,0.19921874999999997,44.6875,3739,31,20.3125,FAIBLE,1,0,0,1
180295,14140,CLASSIQUE,40,50,62,4,1,3,0.75,0.23387096774193541,42.5,3742,33,6.451612903225806,FAIBLE,1,0,0,1
180295,14145,CLASSIQUE,40,50,61,4,1,3,1,0.23360655737704913,40.21311475409836,3745,35,6.557377049180328,FAIBLE,1,0,0,1
180295,14150,CLASSIQUE,40,50,60,3,1,2,0.75,0.23749999999999996,38.983333333333334,3747,35,5,FAIBLE,1,0,0,1
180295,14155,CLASSIQUE,40,50,63,4,1,3,1,0.2341269841269841,36.42857142857143,3748,34,6.349206349206349,FAIBLE,1,0,0,1
180295,14160,CLASSIQUE,40,50,65,4,1,3,1,0.23461538461538461,35.61538461538461,3749,32,6.153846153846154,FAIBLE,1,0,0,1
180295,14165,CLASSIQUE,40,50,67,4,1,3,1,0.23507462686567165,34.850746268656714,3750,30,5.970149253731344,FAIBLE,1,0,0,1
180295,14170,CLASSIQUE,40,50,67,4,1,3,1,0.2350746268656716,35.149253731343286,3752,30,5.970149253731344,FAIBLE,1,0,0,1
180295,14175,CLASSIQUE,40,50,68,5,2,3,1.25,0.2316176470588235,34.94117647058823,3752,28,7.352941176470588,FAIBLE,1,0,0,2
180295,14180,CLASSIQUE,40,50,72,10,6,4,2.5,0.2152777777777778,33.5,3752,24,13.88888888888889,FAIBLE,1,0,0,2
180295,14185,CLASSIQUE,40,50,73,11,7,4,2.75,0.21232876712328763,33.794520547945204,3752,21,15.068493150684931,FAIBLE,1,0,0,2
180295,14190,CLASSIQUE,40,50,74,12,7,5,3,0.20945945945945946,34.108108108108105,3752,19,16.216216216216218,FAIBLE,2,0,2,2
180295,14195,CLASSIQUE,40,50,74,13,9,4,3.25,0.20202702702702702,33.66216216216216,3753,20,17.56756756756757,FAIBLE,2,2,2,0
180295,14200,CLASSIQUE,40,50,74,20,13,7,4.75,0.1824324324324324,33.63513513513514,3754,21,27.027027027027028,FAIBLE,2,2,2,0
180295,14205,CLASSIQUE,40,50,73,23,14,9,5.5,0.16986301369863008,34.80821917808219,3755,22,31.506849315068493,MOYENNE,2,2,2,0
180295,14210,CLASSIQUE,40,50,73,17,14,3,3.75,0.19178082191780818,34.42465753424658,3757,24,23.28767123287671,FAIBLE,0,2,1,0
180295,14215,CLASSIQUE,40,50,71,9,8,1,2,0.21549295774647884,33.23943661971831,3760,27,12.67605633802817,FAIBLE,0,1,1,0
180295,14220,CLASSIQUE,40,50,69,8,5,3,1.75,0.22101449275362312,30.246376811594203,3763,29,11.594202898550725,FAIBLE,0,1,1,0
180295,14225,CLASSIQUE,40,50,68,8,4,4,2,0.21838235294117647,27.485294117647058,3766,31,11.764705882352942,FAIBLE,0,1,1,0
180295,14230,CLASSIQUE,40,50,66,10,5,5,2.5,0.21212121212121204,26.742424242424242,3770,33,15.151515151515152,FAIBLE,0,1,1,0
180295,14235,CLASSIQUE,40,50,64,11,5,6,2.75,0.20703124999999994,26.546875,3772,33,17.1875,FAIBLE,0,1,1,0
180295,14240,CLASSIQUE,40,50,62,11,5,6,2.75,0.20564516129032254,26.338709677419356,3776,34,17.741935483870968,FAIBLE,0,1,1,0
180295,14245,CLASSIQUE,40,50,63,11,5,6,2.75,0.2063492063492063,26.793650793650794,3776,31,17.46031746031746,FAIBLE,0,1,1,0
180295,14250,CLASSIQUE,40,50,65,11,5,6,2.75,0.20769230769230768,26.815384615384616,3777,30,16.923076923076923,FAIBLE,0,1,1,0
180295,14255,CLASSIQUE,40,50,66,13,6,7,3.25,0.19848484848484846,27.272727272727273,3777,29,19.696969696969695,FAIBLE,0,1,1,2
180295,14260,CLASSIQUE,40,50,66,16,6,10,4,0.18939393939393934,28.37878787878788,3777,28,24.242424242424242,FAIBLE,0,1,1,2
180295,14265,CLASSIQUE,40,50,67,17,6,11,4.25,0.1865671641791045,29.16417910447761,3777,27,25.37313432835821,FAIBLE,0,1,1,2
180295,14270,CLASSIQUE,40,50,68,18,7,11,4.5,0.18382352941176466,30,3777,25,26.470588235294116,FAIBLE,2,1,2,2
180295,14275,CLASSIQUE,40,50,68,23,7,16,5.75,0.16544117647058817,31.573529411764707,3777,25,33.8235294117647,MOYENNE,2,2,2,1
180295,14280,CLASSIQUE,40,50,69,28,10,18,7,0.1478260869565217,31.89855072463768,3778,26,40.57971014492754,MOYENNE,2,2,2,1
180295,14285,CLASSIQUE,40,50,70,30,11,19,7.25,0.1428571428571428,32.785714285714285,3779,27,42.857142857142854,MOYENNE,2,2,2,1
180295,14290,CLASSIQUE,40,50,70,19,4,15,4.5,0.18214285714285708,32.98571428571429,3781,29,27.142857142857142,FAIBLE,1,2,0,1
180295,14295,CLASSIQUE,40,50,70,11,3,8,2.75,0.20857142857142855,32.17142857142857,3784,31,15.714285714285714,FAIBLE,1,0,0,1
180295,14300,CLASSIQUE,40,50,67,10,4,6,2.5,0.21268656716417905,31.119402985074625,3788,34,14.925373134328359,FAIBLE,1,0,0,1
180295,14305,CLASSIQUE,40,50,66,8,4,4,2,0.21969696969696967,30.46969696969697,3791,36,12.121212121212121,FAIBLE,1,0,0,1
180295,14310,CLASSIQUE,40,50,64,9,5,4,2.25,0.21484374999999997,30.859375,3793,36,14.0625,FAIBLE,1,0,0,1
180295,14315,CLASSIQUE,40,50,64,10,5,5,2.5,0.21093749999999997,31.546875,3794,34,15.625,FAIBLE,1,0,0,1
180295,14320,CLASSIQUE,40,50,65,11,6,5,2.5,0.20769230769230768,31.876923076923077,3794,31,16.923076923076923,FAIBLE,1,0,0,1
180295,14325,CLASSIQUE,40,50,66,13,8,5,2.5,0.20075757575757575,32.303030303030305,3795,29,19.696969696969695,FAIBLE,1,0,0,1
180295,14330,CLASSIQUE,40,50,66,13,8,5,2.5,0.19772727272727272,33.28787878787879,3795,25,19.696969696969695,FAIBLE,1,0,0,1
180295,14335,CLASSIQUE,40,50,67,16,11,5,3,0.19029850746268662,33.8955223880597,3795,23,23.880597014925375,FAIBLE,1,0,0,2
180295,14340,CLASSIQUE,40,50,68,20,14,6,4,0.17647058823529407,34.705882352941174,3796,20,29.41176470588235,FAIBLE,1,0,0,2
180295,14345,CLASSIQUE,40,50,72,21,15,6,4,0.17708333333333334,34.22222222222222,3796,20,29.166666666666668,FAIBLE,1,0,0,2
180295,14350,CLASSIQUE,40,50,72,23,17,6,4.5,0.1701388888888889,35.791666666666664,3796,19,31.944444444444443,MOYENNE,2,0,2,2
180295,14355,CLASSIQUE,40,50,75,29,22,7,6,0.15333333333333332,36.093333333333334,3796,19,38.666666666666664,MOYENNE,2,2,2,0
180295,14360,CLASSIQUE,40,50,75,30,25,5,5.75,0.14933333333333332,37.56,3797,20,40,MOYENNE,2,2,2,0
180295,14365,CLASSIQUE,40,50,74,33,26,7,6.25,0.13851351351351346,40.027027027027025,3798,21,44.5945945945946,MOYENNE,2,2,2,0
180295,14370,CLASSIQUE,40,50,73,22,21,1,3.5,0.17465753424657535,40.83561643835616,3800,23,30.136986301369863,MOYENNE,0,2,1,0
180295,14375,CLASSIQUE,40,50,74,9,6,3,2,0.21959459459459454,38.83783783783784,3803,26,12.162162162162161,FAIBLE,0,1,1,0
180295,14380,CLASSIQUE,40,50,72,8,6,2,1.5,0.22222222222222218,37.416666666666664,3807,29,11.11111111111111,FAIBLE,0,1,1,0
180295,14385,CLASSIQUE,40,50,70,8,6,2,1.5,0.21714285714285714,37.57142857142857,3811,32,11.428571428571429,FAIBLE,0,1,1,0
180295,14390,CLASSIQUE,40,50,69,9,6,3,2,0.21666666666666662,37.81159420289855,3814,33,13.043478260869565,FAIBLE,0,1,1,0
180295,14395,CLASSIQUE,40,50,69,9,6,3,2,0.21739130434782605,37.927536231884055,3816,32,13.043478260869565,FAIBLE,0,1,1,0
180295,14400,CLASSIQUE,40,50,70,10,6,4,2.25,0.21428571428571427,38.1,3816,28,14.285714285714286,FAIBLE,0,1,1,0
180295,14405,CLASSIQUE,40,50,72,10,6,4,2.25,0.21249999999999997,37.736111111111114,3816,25,13.88888888888889,FAIBLE,0,1,1,0
180295,14410,CLASSIQUE,40,50,72,11,7,4,2.5,0.21180555555555555,38.5,3817,24,15.277777777777779,FAIBLE,0,1,1,0
180295,14415,CLASSIQUE,40,50,73,14,9,5,3,0.20205479452054792,38.84931506849315,3817,23,19.17808219178082,FAIBLE,0,1,1,2
180295,14420,CLASSIQUE,40,50,75,18,10,8,4,0.19,38.85333333333333,3817,23,24,FAIBLE,0,1,1,2
180295,14425,CLASSIQUE,40,50,75,20,10,10,4.5,0.18333333333333332,40.16,3817,22,26.666666666666668,FAIBLE,0,1,1,2
180295,14430,CLASSIQUE,40,50,76,24,13,11,4.75,0.17105263157894737,41.06578947368421,3817,22,31.57894736842105,MOYENNE,2,1,2,2
180295,14435,CLASSIQUE,40,50,77,26,12,14,5,0.16493506493506496,42.22077922077922,3817,22,33.76623376623377,MOYENNE,2,2,2,1
180295,14440,CLASSIQUE,40,50,78,34,17,17,6,0.14102564102564108,42.73076923076923,3818,22,43.58974358974359,MOYENNE,2,2,2,1
180295,14445,CLASSIQUE,40,50,79,40,22,18,6.5,0.12341772151898739,43.65822784810127,3819,23,50.63291139240506,MOYENNE,2,2,2,1
180295,14450,CLASSIQUE,40,50,78,25,13,12,3,0.1698717948717949,44.84615384615385,3821,25,32.05128205128205,MOYENNE,1,2,0,1
180295,14455,CLASSIQUE,40,50,77,14,9,5,2.25,0.20454545454545445,44.077922077922075,3824,28,18.181818181818183,FAIBLE,1,0,0,1
180295,14460,CLASSIQUE,40,50,75,8,6,2,1.5,0.22333333333333338,41.78666666666667,3827,30,10.666666666666666,FAIBLE,1,0,0,1
180295,14465,CLASSIQUE,40,50,73,5,4,1,1.25,0.23287671232876703,39.71232876712329,3830,32,6.8493150684931505,FAIBLE,1,0,0,1
180295,14470,CLASSIQUE,40,50,71,7,5,2,1.5,0.2253521126760563,39.901408450704224,3832,32,9.859154929577464,FAIBLE,1,0,0,1
180295,14475,CLASSIQUE,40,50,70,7,5,2,1.75,0.22499999999999992,40.18571428571428,3834,31,10,FAIBLE,1,0,0,1
180295,14480,CLASSIQUE,40,50,72,7,5,2,1.75,0.2256944444444444,39.25,3835,28,9.722222222222221,FAIBLE,1,0,0,1
180295,14485,CLASSIQUE,40,50,73,7,5,2,1.75,0.22602739726027393,39.19178082191781,3837,26,9.58904109589041,FAIBLE,1,0,0,1
180295,14490,CLASSIQUE,40,50,74,8,5,3,2,0.22297297297297292,39.148648648648646,3837,23,10.81081081081081,FAIBLE,1,0,0,1
180295,14495,CLASSIQUE,40,50,75,9,6,3,2,0.2173333333333333,39.18666666666667,3837,21,12,FAIBLE,1,0,0,2
180295,14500,CLASSIQUE,40,50,75,12,8,4,2.75,0.20999999999999996,39.89333333333333,3837,21,16,FAIBLE,1,0,0,2
180295,14505,CLASSIQUE,40,50,77,17,10,7,4,0.19480519480519476,39.857142857142854,3837,21,22.07792207792208,FAIBLE,1,0,0,2
180295,14510,CLASSIQUE,40,50,78,18,11,7,4,0.19230769230769232,40.44871794871795,3837,20,23.076923076923077,FAIBLE,2,0,2,2
180295,14515,CLASSIQUE,40,50,78,18,15,3,4,0.19230769230769232,41.69230769230769,3837,20,23.076923076923077,FAIBLE,2,2,2,0
180295,14520,CLASSIQUE,40,50,80,25,19,6,4.75,0.17187499999999994,40.9,3838,21,31.25,MOYENNE,2,2,2,0
180295,14525,CLASSIQUE,40,50,79,28,20,8,5,0.16139240506329114,42.56962025316456,3839,22,35.44303797468354,MOYENNE,2,2,2,0
180295,14530,CLASSIQUE,40,50,78,22,20,2,3.25,0.17756410256410257,42.80769230769231,3841,24,28.205128205128204,FAIBLE,0,2,1,0
180295,14535,CLASSIQUE,40,50,76,11,10,1,2.25,0.21381578947368413,41.61842105263158,3844,27,14.473684210526315,FAIBLE,0,1,1,0
180295,14540,CLASSIQUE,40,50,76,8,7,1,1.5,0.2236842105263158,38.21052631578947,3847,29,10.526315789473685,FAIBLE,0,1,1,0
180295,14545,CLASSIQUE,40,50,75,6,4,2,1.5,0.22999999999999995,35.53333333333333,3850,31,8,FAIBLE,0,1,1,0
180295,14550,CLASSIQUE,40,50,73,6,4,2,1.5,0.2294520547945205,35.26027397260274,3854,33,8.219178082191782,FAIBLE,0,1,1,0
180295,14555,CLASSIQUE,40,50,73,8,5,3,2,0.22260273972602734,34.58904109589041,3856,32,10.95890410958904,FAIBLE,0,1,1,0
180295,14560,CLASSIQUE,40,50,72,8,5,3,2,0.21944444444444444,34.72222222222222,3857,30,11.11111111111111,FAIBLE,0,1,1,0
180295,14565,CLASSIQUE,40,50,72,10,6,4,2.5,0.21319444444444446,34.56944444444444,3858,28,13.88888888888889,FAIBLE,0,1,1,0
180295,14570,CLASSIQUE,40,50,74,11,6,5,2.75,0.2128378378378378,33.7027027027027,3859,27,14.864864864864865,FAIBLE,0,1,1,0
180295,14575,CLASSIQUE,40,50,75,13,6,7,3.25,0.2053333333333333,33.61333333333334,3861,27,17.333333333333332,FAIBLE,0,1,1,2
180295,14580,CLASSIQUE,40,50,75,16,7,9,4,0.19666666666666663,34.346666666666664,3862,27,21.333333333333332,FAIBLE,0,1,1,2
180295,14585,CLASSIQUE,40,50,77,19,8,11,4.5,0.18831168831168826,34.66233766233766,3862,25,24.675324675324674,FAIBLE,0,1,1,2
180295,14590,CLASSIQUE,40,50,77,23,10,13,5.25,0.17532467532467533,36.03896103896104,3862,25,29.87012987012987,FAIBLE,2,1,2,2
180295,14595,CLASSIQUE,40,50,78,31,14,17,7,0.15064102564102563,37.41025641025641,3862,25,39.743589743589745,MOYENNE,2,2,2,1
180295,14600,CLASSIQUE,40,50,78,32,14,18,7,0.14743589743589744,38.15384615384615,3863,26,41.02564102564103,MOYENNE,2,2,2,1
180295,14605,CLASSIQUE,40,50,77,33,13,20,7,0.14025974025974025,39.714285714285715,3864,27,42.857142857142854,MOYENNE,2,2,2,1
180295,14610,CLASSIQUE,40,50,76,26,7,19,5.25,0.1625,40.43421052631579,3866,29,34.21052631578947,MOYENNE,1,2,0,1
180295,14615,CLASSIQUE,40,50,75,12,4,8,2.5,0.20999999999999996,39.48,3869,32,16,FAIBLE,1,0,0,1
180295,14620,CLASSIQUE,40,50,70,8,1,7,2,0.21857142857142853,38.74285714285714,3874,36,11.428571428571429,FAIBLE,1,0,0,1
180295,14625,CLASSIQUE,40,50,67,8,2,6,2,0.22014925373134323,38.46268656716418,3878,39,11.940298507462687,FAIBLE,1,0,0,1
180295,14630,CLASSIQUE,40,50,65,10,3,7,2.5,0.21153846153846145,38.06153846153846,3881,40,15.384615384615385,FAIBLE,1,0,0,1
180295,14635,CLASSIQUE,40,50,61,10,3,7,2.5,0.20901639344262293,38.19672131147541,3885,41,16.39344262295082,FAIBLE,1,0,0,1
180295,14640,CLASSIQUE,40,50,61,10,3,7,2.5,0.2090163934426229,38.278688524590166,3886,39,16.39344262295082,FAIBLE,1,0,0,1
180295,14645,CLASSIQUE,40,50,59,10,3,7,2.5,0.20762711864406774,39.67796610169491,3888,38,16.949152542372882,FAIBLE,1,0,0,1
180295,14650,CLASSIQUE,40,50,59,10,3,7,2.5,0.2076271186440678,40.28813559322034,3889,35,16.949152542372882,FAIBLE,1,0,0,1
180295,14655,CLASSIQUE,40,50,61,10,3,7,2.5,0.20901639344262293,39.59016393442623,3890,34,16.39344262295082,FAIBLE,1,0,0,2
180295,14660,CLASSIQUE,40,50,64,12,5,7,3,0.20078125000000002,38.5625,3890,33,18.75,FAIBLE,1,0,0,2
180295,14665,CLASSIQUE,40,50,67,15,8,7,3.75,0.19402985074626866,37.940298507462686,3890,32,22.388059701492537,FAIBLE,1,0,0,2
180295,14670,CLASSIQUE,40,50,68,17,10,7,4.25,0.1867647058823529,38.588235294117645,3890,31,25,FAIBLE,2,0,2,2
180295,14675,CLASSIQUE,40,50,71,20,15,5,4.75,0.17957746478873235,38.352112676056336,3890,29,28.169014084507044,FAIBLE,2,2,2,0
180295,14680,CLASSIQUE,40,50,73,26,19,7,5.25,0.15821917808219174,37.58904109589041,3891,29,35.61643835616438,MOYENNE,2,2,2,0
180295,14685,CLASSIQUE,40,50,73,27,20,7,5.75,0.15753424657534243,39.32876712328767,3892,30,36.986301369863014,MOYENNE,2,2,2,0
180295,14690,CLASSIQUE,40,50,72,21,19,2,4,0.1770833333333333,39.888888888888886,3894,32,29.166666666666668,FAIBLE,0,2,1,0
180295,14695,CLASSIQUE,40,50,71,11,10,1,2,0.21126760563380276,38.436619718309856,3896,34,15.492957746478874,FAIBLE,0,1,1,0
180295,14700,CLASSIQUE,40,50,70,5,5,0,1.25,0.23214285714285715,36.25714285714286,3899,36,7.142857142857143,FAIBLE,0,1,1,0
180295,14705,CLASSIQUE,40,50,68,7,5,2,1.75,0.2242647058823529,35.044117647058826,3902,38,10.294117647058824,FAIBLE,0,1,1,0
180295,14710,CLASSIQUE,40,50,65,9,6,3,2.25,0.21538461538461534,34.92307692307692,3905,39,13.846153846153847,FAIBLE,0,1,1,0
180295,14715,CLASSIQUE,40,50,66,10,7,3,2.5,0.21212121212121213,34.45454545454545,3906,37,15.151515151515152,FAIBLE,0,1,1,0
180295,14720,CLASSIQUE,40,50,69,13,9,4,3,0.20289855072463767,33.82608695652174,3906,32,18.840579710144926,FAIBLE,0,1,1,0
180295,14725,CLASSIQUE,40,50,70,14,10,4,3.25,0.19999999999999996,34.32857142857143,3906,28,20,FAIBLE,0,1,1,0
180295,14730,CLASSIQUE,40,50,71,15,11,4,3.25,0.19718309859154926,34.859154929577464,3906,25,21.12676056338028,FAIBLE,0,1,1,0
180295,14735,CLASSIQUE,40,50,72,16,11,5,3.5,0.19444444444444442,35.43055555555556,3906,21,22.22222222222222,FAIBLE,0,1,1,2
180295,14740,CLASSIQUE,40,50,73,19,11,8,4.25,0.18493150684931503,36.16438356164384,3906,20,26.027397260273972,FAIBLE,0,1,1,2
180295,14745,CLASSIQUE,40,50,74,21,11,10,4.75,0.179054054054054,37.027027027027025,3906,18,28.37837837837838,FAIBLE,0,1,1,2
180295,14750,CLASSIQUE,40,50,76,22,11,11,5,0.17763157894736836,37.473684210526315,3906,17,28.94736842105263,FAIBLE,2,1,2,2
180295,14755,CLASSIQUE,40,50,77,28,13,15,6.5,0.15649350649350646,38.58441558441559,3906,16,36.36363636363637,MOYENNE,2,2,2,1
180295,14760,CLASSIQUE,40,50,77,28,11,17,6.25,0.15844155844155838,39.37662337662338,3907,17,36.36363636363637,MOYENNE,2,2,2,1
180295,14765,CLASSIQUE,40,50,76,32,11,21,7,0.1427631578947368,41.026315789473685,3908,18,42.10526315789474,MOYENNE,2,2,2,1
180295,14770,CLASSIQUE,40,50,74,25,4,21,5,0.16283783783783776,42.567567567567565,3910,20,33.78378378378378,MOYENNE,1,2,0,1
180295,14775,CLASSIQUE,40,50,74,14,4,10,2.5,0.20270270270270266,41.351351351351354,3913,23,18.91891891891892,FAIBLE,1,0,0,1
180295,14780,CLASSIQUE,40,50,69,10,3,7,2,0.21376811594202894,41.391304347826086,3918,27,14.492753623188406,FAIBLE,1,0,0,1
180295,14785,CLASSIQUE,40,50,66,10,3,7,2.25,0.21212121212121207,41.31818181818182,3922,30,15.151515151515152,FAIBLE,1,0,0,1
180295,14790,CLASSIQUE,40,50,67,9,3,6,2.25,0.21641791044776112,39.55223880597015,3924,30,13.432835820895523,FAIBLE,1,0,0,1
180295,14795,CLASSIQUE,40,50,67,9,3,6,2.25,0.2141791044776119,38.149253731343286,3927,31,13.432835820895523,FAIBLE,1,0,0,1
180295,14800,CLASSIQUE,40,50,67,11,3,8,2.5,0.20671641791044773,38.11940298507463,3930,31,16.417910447761194,FAIBLE,1,0,0,1
180295,14805,CLASSIQUE,40,50,66,12,4,8,2.75,0.20454545454545456,39.45454545454545,3931,29,18.181818181818183,FAIBLE,1,0,0,1
180295,14810,CLASSIQUE,40,50,68,12,4,8,2.75,0.2058823529411764,39.1764705882353,3931,26,17.647058823529413,FAIBLE,1,0,0,1
180295,14815,CLASSIQUE,40,50,69,12,4,8,2.75,0.20652173913043478,39.47826086956522,3931,25,17.391304347826086,FAIBLE,1,0,0,2
180295,14820,CLASSIQUE,40,50,72,14,6,8,3.25,0.2013888888888889,38.708333333333336,3931,25,19.444444444444443,FAIBLE,1,0,0,2
180295,14825,CLASSIQUE,40,50,75,17,9,8,3.75,0.1933333333333333,38.25333333333333,3931,25,22.666666666666668,FAIBLE,1,0,0,2
180295,14830,CLASSIQUE,40,50,75,24,15,9,5.25,0.17,39.626666666666665,3931,25,32,MOYENNE,2,0,2,2
180295,14835,CLASSIQUE,40,50,75,28,19,9,5.5,0.15666666666666665,41.44,3931,25,37.333333333333336,MOYENNE,2,2,2,0
180295,14840,CLASSIQUE,40,50,77,30,21,9,6,0.15259740259740265,41.246753246753244,3932,26,38.96103896103896,MOYENNE,2,2,2,0
180295,14845,CLASSIQUE,40,50,81,32,22,10,6.5,0.1475308641975309,41.160493827160494,3932,26,39.50617283950617,MOYENNE,2,2,2,0
180295,14850,CLASSIQUE,40,50,80,26,23,3,5.25,0.16875,42.225,3933,27,32.5,MOYENNE,0,2,1,0
180295,14855,CLASSIQUE,40,50,79,13,13,0,2.75,0.20886075949367083,41.139240506329116,3936,30,16.455696202531644,FAIBLE,0,1,1,0
180295,14860,CLASSIQUE,40,50,76,7,7,0,1.75,0.22697368421052633,39.56578947368421,3939,32,9.210526315789474,FAIBLE,0,1,1,0
180295,14865,CLASSIQUE,40,50,74,6,6,0,1.5,0.22770270270270263,38.067567567567565,3942,34,8.108108108108109,FAIBLE,0,1,1,0
180295,14870,CLASSIQUE,40,50,72,9,8,1,2.25,0.21874999999999994,37.84722222222222,3945,35,12.5,FAIBLE,0,1,1,0
180295,14875,CLASSIQUE,40,50,71,8,7,1,2,0.2218309859154929,37.605633802816904,3947,34,11.267605633802816,FAIBLE,0,1,1,0
180295,14880,CLASSIQUE,40,50,72,9,7,2,2.25,0.21874999999999994,37.166666666666664,3949,31,12.5,FAIBLE,0,1,1,0
180295,14885,CLASSIQUE,40,50,71,10,8,2,2.5,0.2147887323943662,38.28169014084507,3950,28,14.084507042253522,FAIBLE,0,1,1,0
180295,14890,CLASSIQUE,40,50,74,11,8,3,2.75,0.2128378378378378,37.41891891891892,3950,26,14.864864864864865,FAIBLE,0,1,1,0
180295,14895,CLASSIQUE,40,50,75,12,8,4,3,0.20999999999999996,37.70666666666666,3950,23,16,FAIBLE,0,1,1,2
180295,14900,CLASSIQUE,40,50,77,18,8,10,4.5,0.19090909090909086,37.74025974025974,3950,20,23.376623376623378,FAIBLE,0,1,1,2
180295,14905,CLASSIQUE,40,50,77,20,9,11,4.5,0.18506493506493504,38.98701298701299,3950,19,25.974025974025974,FAIBLE,0,1,1,2
180295,14910,CLASSIQUE,40,50,79,23,10,13,4.75,0.1772151898734177,39.36708860759494,3950,19,29.11392405063291,FAIBLE,2,1,2,2
180295,14915,CLASSIQUE,40,50,81,31,12,19,6.25,0.15432098765432098,40.074074074074076,3950,19,38.27160493827161,MOYENNE,2,2,2,1
180295,14920,CLASSIQUE,40,50,81,30,9,21,6,0.1574074074074074,41.19753086419753,3951,20,37.03703703703704,MOYENNE,2,2,2,1
180295,14925,CLASSIQUE,40,50,81,32,11,21,6,0.15123456790123452,42.32098765432099,3952,21,39.50617283950617,MOYENNE,2,2,2,1
180295,14930,CLASSIQUE,40,50,80,22,4,18,3.75,0.18124999999999997,42.9375,3954,23,27.5,FAIBLE,1,2,0,1
180295,14935,CLASSIQUE,40,50,79,14,1,13,2.5,0.20569620253164547,42.25316455696203,3957,26,17.72151898734177,FAIBLE,1,0,0,1
180295,14940,CLASSIQUE,40,50,78,8,2,6,1.5,0.22435897435897437,39.92307692307692,3961,29,10.256410256410257,FAIBLE,1,0,0,1
180295,14945,CLASSIQUE,40,50,75,7,3,4,1.75,0.22666666666666666,38.973333333333336,3965,33,9.333333333333334,FAIBLE,1,0,0,1
180295,14950,CLASSIQUE,40,50,73,8,4,4,2,0.22260273972602734,38.36986301369863,3968,35,10.95890410958904,FAIBLE,1,0,0,1
180295,14955,CLASSIQUE,40,50,71,8,4,4,2,0.22183098591549294,36.985915492957744,3971,35,11.267605633802816,FAIBLE,1,0,0,1
180295,14960,CLASSIQUE,40,50,71,9,5,4,2.25,0.21830985915492956,36.49295774647887,3972,33,12.67605633802817,FAIBLE,1,0,0,1
180295,14965,CLASSIQUE,40,50,73,9,5,4,2.25,0.21917808219178078,36.10958904109589,3972,30,12.32876712328767,FAIBLE,1,0,0,1
180295,14970,CLASSIQUE,40,50,75,10,6,4,2.5,0.21466666666666664,35.76,3972,27,13.333333333333334,FAIBLE,1,0,0,1
180295,14975,CLASSIQUE,40,50,75,11,6,5,2.75,0.21333333333333335,36.49333333333333,3973,26,14.666666666666666,FAIBLE,1,0,0,2
180295,14980,CLASSIQUE,40,50,76,16,10,6,3.75,0.19736842105263153,36.89473684210526,3973,24,21.05263157894737,FAIBLE,1,0,0,2
180295,14985,CLASSIQUE,40,50,78,20,14,6,4.25,0.18589743589743585,37.15384615384615,3973,23,25.641025641025642,FAIBLE,1,0,0,2
180295,14990,CLASSIQUE,40,50,80,20,14,6,4.25,0.18749999999999997,37.475,3973,23,25,FAIBLE,2,0,2,2
180295,14995,CLASSIQUE,40,50,81,25,21,4,5,0.17098765432098761,38.48148148148148,3973,23,30.864197530864196,MOYENNE,2,2,2,0
180295,15000,CLASSIQUE,40,50,82,31,24,7,5.75,0.15548780487804878,38.573170731707314,3974,24,37.80487804878049,MOYENNE,2,2,2,0
180295,15005,CLASSIQUE,40,50,83,34,25,9,6.25,0.14759036144578314,39.024096385542165,3975,25,40.963855421686745,MOYENNE,2,2,2,0
180295,15010,CLASSIQUE,40,50,83,25,21,4,3.75,0.17469879518072287,39.12048192771084,3977,27,30.120481927710845,MOYENNE,0,2,1,0
180295,15015,CLASSIQUE,40,50,80,12,9,3,2,0.2124999999999999,39.375,3980,30,15,FAIBLE,0,1,1,0
180295,15020,CLASSIQUE,40,50,78,8,5,3,1.5,0.2243589743589743,37.52564102564103,3984,33,10.256410256410257,FAIBLE,0,1,1,0
180295,15025,CLASSIQUE,40,50,75,6,3,3,1.5,0.22999999999999995,36.76,3988,36,8,FAIBLE,0,1,1,0
180295,15030,CLASSIQUE,40,50,73,7,4,3,1.75,0.22602739726027393,36.342465753424655,3991,37,9.58904109589041,FAIBLE,0,1,1,0
180295,15035,CLASSIQUE,40,50,71,7,4,3,1.75,0.22535211267605632,36.11267605633803,3994,37,9.859154929577464,FAIBLE,0,1,1,0
180295,15040,CLASSIQUE,40,50,68,10,6,4,2.5,0.21323529411764705,36.01470588235294,3998,37,14.705882352941176,FAIBLE,0,1,1,0
180295,15045,CLASSIQUE,40,50,68,11,6,5,2.75,0.20955882352941174,36.4264705882353,4000,35,16.176470588235293,FAIBLE,0,1,1,0
180295,15050,CLASSIQUE,40,50,68,12,6,6,3,0.20588235294117643,37.294117647058826,4000,32,17.647058823529413,FAIBLE,0,1,1,0
180295,15055,CLASSIQUE,40,50,68,13,7,6,3.25,0.20220588235294118,38.205882352941174,4000,29,19.11764705882353,FAIBLE,0,1,1,2
180295,15060,CLASSIQUE,40,50,68,15,7,8,3.75,0.19485294117647056,39.205882352941174,4000,28,22.058823529411764,FAIBLE,0,1,1,2
180295,15065,CLASSIQUE,40,50,69,18,8,10,4.5,0.18478260869565213,39.88405797101449,4000,28,26.08695652173913,FAIBLE,0,1,1,2
180295,15070,CLASSIQUE,40,50,71,20,8,12,5,0.17957746478873238,40.070422535211264,4000,28,28.169014084507044,FAIBLE,2,1,2,2
180295,15075,CLASSIQUE,40,50,73,23,8,15,5.5,0.17123287671232873,40.534246575342465,4000,27,31.506849315068493,MOYENNE,2,2,2,1
180295,15080,CLASSIQUE,40,50,73,29,11,18,6,0.15000000000000005,41.657534246575345,4001,28,39.726027397260275,MOYENNE,2,2,2,1
180295,15085,CLASSIQUE,40,50,73,33,14,19,6.25,0.13698630136986298,43.342465753424655,4002,29,45.205479452054796,MOYENNE,2,2,2,1
180295,15090,CLASSIQUE,40,50,74,22,5,17,3.75,0.17567567567567557,43.67567567567568,4004,31,29.72972972972973,FAIBLE,1,2,0,1
180295,15095,CLASSIQUE,40,50,73,13,2,11,2.25,0.2054794520547945,43.04109589041096,4006,33,17.80821917808219,FAIBLE,1,0,0,1
180295,15100,CLASSIQUE,40,50,73,3,1,2,0.5,0.23972602739726026,39.63013698630137,4009,35,4.109589041095891,FAIBLE,1,0,0,1
180295,15105,CLASSIQUE,40,50,72,2,1,1,0.5,0.24305555555555547,37.416666666666664,4012,37,2.7777777777777777,FAIBLE,1,0,0,1
180295,15110,CLASSIQUE,40,50,71,2,1,1,0.5,0.24295774647887314,35.61971830985915,4014,37,2.816901408450704,FAIBLE,1,0,0,1
180295,15115,CLASSIQUE,40,50,67,2,1,1,0.5,0.24253731343283577,35.850746268656714,4018,38,2.985074626865672,FAIBLE,1,0,0,1
180295,15120,CLASSIQUE,40,50,65,3,1,2,0.75,0.23846153846153847,36.16923076923077,4021,37,4.615384615384615,FAIBLE,1,0,0,1
180295,15125,CLASSIQUE,40,50,66,3,1,2,0.75,0.2386363636363636,35.015151515151516,4023,35,4.545454545454546,FAIBLE,1,0,0,1
180295,15130,CLASSIQUE,40,50,67,3,1,2,0.75,0.23880597014925373,34.71641791044776,4023,32,4.477611940298507,FAIBLE,1,0,0,1
180295,15135,CLASSIQUE,40,50,68,4,2,2,1,0.2352941176470588,34.470588235294116,4023,29,5.882352941176471,FAIBLE,1,0,0,2
180295,15140,CLASSIQUE,40,50,68,7,5,2,1.75,0.2242647058823529,34.86764705882353,4024,26,10.294117647058824,FAIBLE,1,0,0,2
180295,15145,CLASSIQUE,40,50,70,11,9,2,2.75,0.21071428571428566,34.6,4024,24,15.714285714285714,FAIBLE,1,0,0,2
180295,15150,CLASSIQUE,40,50,72,13,10,3,3.25,0.2020833333333333,34.458333333333336,4024,24,18.055555555555557,FAIBLE,2,0,2,2
180295,15155,CLASSIQUE,40,50,73,20,15,5,5,0.18150684931506844,35.12328767123287,4024,24,27.397260273972602,FAIBLE,2,2,2,0
180295,15160,CLASSIQUE,40,50,73,22,17,5,5.25,0.1746575342465753,35.61643835616438,4025,25,30.136986301369863,MOYENNE,2,2,2,0
180295,15165,CLASSIQUE,40,50,75,26,17,9,5.75,0.16333333333333327,35.56,4026,26,34.666666666666664,MOYENNE,2,2,2,0
180295,15170,CLASSIQUE,40,50,74,19,17,2,3.75,0.18310810810810813,35.91891891891892,4028,28,25.675675675675677,FAIBLE,0,2,1,0
180295,15175,CLASSIQUE,40,50,73,15,13,2,3.5,0.19863013698630136,34.58904109589041,4030,30,20.54794520547945,FAIBLE,0,1,1,0
180295,15180,CLASSIQUE,40,50,71,9,8,1,2.25,0.21690140845070424,31.845070422535212,4033,32,12.67605633802817,FAIBLE,0,1,1,0
180295,15185,CLASSIQUE,40,50,70,11,10,1,2.5,0.2107142857142857,30.357142857142858,4036,34,15.714285714285714,FAIBLE,0,1,1,0
180295,15190,CLASSIQUE,40,50,67,12,10,2,2.75,0.20522388059701488,30.791044776119403,4039,35,17.91044776119403,FAIBLE,0,1,1,0
180295,15195,CLASSIQUE,40,50,69,12,10,2,2.75,0.20652173913043476,29.3768115942029,4041,35,17.391304347826086,FAIBLE,0,1,1,0
180295,15200,CLASSIQUE,40,50,68,14,11,3,3,0.19852941176470587,29.86764705882353,4044,35,20.58823529411765,FAIBLE,0,1,1,0
180295,15205,CLASSIQUE,40,50,66,15,11,4,3.25,0.19318181818181818,31.333333333333332,4046,34,22.727272727272727,FAIBLE,0,1,1,0
180295,15210,CLASSIQUE,40,50,67,16,12,4,3.25,0.19029850746268653,32.04477611940298,4047,33,23.880597014925375,FAIBLE,0,1,1,0
180295,15215,CLASSIQUE,40,50,68,16,12,4,3.25,0.18823529411764706,32.75,4047,29,23.529411764705884,FAIBLE,0,1,1,2
180295,15220,CLASSIQUE,40,50,69,22,13,9,4.5,0.17028985507246377,33.69565217391305,4047,26,31.884057971014492,MOYENNE,0,1,1,2
180295,15225,CLASSIQUE,40,50,70,22,13,9,4.5,0.17142857142857143,34.785714285714285,4047,24,31.428571428571427,MOYENNE,0,1,1,2
180295,15230,CLASSIQUE,40,50,71,24,15,9,4.5,0.16549295774647893,35.901408450704224,4047,24,33.80281690140845,MOYENNE,2,1,2,2
180295,15235,CLASSIQUE,40,50,73,27,15,12,5.25,0.1575342465753425,36.726027397260275,4047,24,36.986301369863014,MOYENNE,2,2,2,1
180295,15240,CLASSIQUE,40,50,72,26,13,13,5.25,0.15972222222222227,37.916666666666664,4048,24,36.111111111111114,MOYENNE,2,2,2,1
180295,15245,CLASSIQUE,40,50,74,27,12,15,5.75,0.15878378378378377,37.945945945945944,4049,25,36.486486486486484,MOYENNE,2,2,2,1
180295,15250,CLASSIQUE,40,50,72,17,6,11,3.25,0.18680555555555553,38.77777777777778,4051,27,23.61111111111111,FAIBLE,1,2,0,1
180295,15255,CLASSIQUE,40,50,70,8,3,5,2,0.21928571428571417,37.614285714285714,4054,30,11.428571428571429,FAIBLE,1,0,0,1
180295,15260,CLASSIQUE,40,50,68,9,5,4,1.75,0.21691176470588225,36.0735294117647,4057,32,13.235294117647058,FAIBLE,1,0,0,1
180295,15265,CLASSIQUE,40,50,64,6,3,3,1.5,0.22343749999999993,35.671875,4061,35,9.375,FAIBLE,1,0,0,1
180295,15270,CLASSIQUE,40,50,66,7,4,3,1.75,0.22045454545454538,32.621212121212125,4064,36,10.606060606060606,FAIBLE,1,0,0,1
180295,15275,CLASSIQUE,40,50,62,9,4,5,2.25,0.21129032258064515,33.11290322580645,4069,39,14.516129032258064,FAIBLE,1,0,0,1
180295,15280,CLASSIQUE,40,50,62,10,4,6,2.5,0.20967741935483872,33.82258064516129,4070,37,16.129032258064516,FAIBLE,1,0,0,1
180295,15285,CLASSIQUE,40,50,65,10,4,6,2.5,0.21153846153846143,33.03076923076923,4071,35,15.384615384615385,FAIBLE,1,0,0,1
180295,15290,CLASSIQUE,40,50,68,13,6,7,3.25,0.20220588235294112,32.38235294117647,4071,32,19.11764705882353,FAIBLE,1,0,0,1
180295,15295,CLASSIQUE,40,50,69,13,6,7,3.25,0.20217391304347826,32.85507246376812,4071,30,18.840579710144926,FAIBLE,1,0,0,2
180295,15300,CLASSIQUE,40,50,69,17,8,9,4,0.18840579710144928,33.95652173913044,4072,28,24.63768115942029,FAIBLE,1,0,0,2
180295,15305,CLASSIQUE,40,50,71,22,12,10,4.5,0.17253521126760563,34.45070422535211,4072,26,30.985915492957748,MOYENNE,1,0,0,2
180295,15310,CLASSIQUE,40,50,73,28,16,12,5.5,0.1541095890410959,35.19178082191781,4072,25,38.35616438356164,MOYENNE,2,0,2,2
180295,15315,CLASSIQUE,40,50,74,34,21,13,5.75,0.13513513513513517,36.972972972972975,4072,25,45.945945945945944,MOYENNE,2,2,2,0
180295,15320,CLASSIQUE,40,50,75,33,23,10,5.5,0.13933333333333336,38.08,4073,26,44,MOYENNE,2,2,2,0
180295,15325,CLASSIQUE,40,50,76,37,24,13,6.25,0.1282894736842105,40.026315789473685,4073,26,48.68421052631579,MOYENNE,2,2,2,0
180295,15330,CLASSIQUE,40,50,76,31,24,7,4.75,0.14605263157894732,40.973684210526315,4074,27,40.78947368421053,MOYENNE,0,2,1,0
180295,15335,CLASSIQUE,40,50,76,15,12,3,2.5,0.20065789473684206,40.776315789473685,4076,29,19.736842105263158,FAIBLE,0,1,1,0
180295,15340,CLASSIQUE,40,50,74,10,7,3,2,0.21621621621621617,39.9054054054054,4079,31,13.513513513513514,FAIBLE,0,1,1,0
180295,15345,CLASSIQUE,40,50,73,11,6,5,2.5,0.210958904109589,40.28767123287671,4081,32,15.068493150684931,FAIBLE,0,1,1,0
180295,15350,CLASSIQUE,40,50,71,10,5,5,2.5,0.21478873239436616,42.098591549295776,4083,32,14.084507042253522,FAIBLE,0,1,1,0
180295,15355,CLASSIQUE,40,50,72,11,5,6,2.75,0.2118055555555555,42.22222222222222,4083,29,15.277777777777779,FAIBLE,0,1,1,0
180295,15360,CLASSIQUE,40,50,73,13,7,6,3,0.2054794520547945,42.45205479452055,4083,26,17.80821917808219,FAIBLE,0,1,1,0
180295,15365,CLASSIQUE,40,50,71,15,8,7,3.25,0.19718309859154928,44.61971830985915,4085,24,21.12676056338028,FAIBLE,0,1,1,0
180295,15370,CLASSIQUE,40,50,74,15,8,7,3.25,0.19932432432432434,43.82432432432432,4085,21,20.27027027027027,FAIBLE,0,1,1,0
180295,15375,CLASSIQUE,40,50,74,15,8,7,3.25,0.19932432432432437,44.83783783783784,4085,16,20.27027027027027,FAIBLE,0,1,1,2
180295,15380,CLASSIQUE,40,50,74,17,8,9,3.75,0.19256756756756763,45.891891891891895,4085,15,22.972972972972972,FAIBLE,0,1,1,2
180295,15385,CLASSIQUE,40,50,74,21,9,12,4.25,0.17905405405405406,47.24324324324324,4085,14,28.37837837837838,FAIBLE,0,1,1,2
180295,15390,CLASSIQUE,40,50,76,22,9,13,4.5,0.17763157894736847,47.44736842105263,4085,14,28.94736842105263,FAIBLE,2,1,2,2
180295,15395,CLASSIQUE,40,50,77,25,8,17,5.25,0.1688311688311688,48.38961038961039,4085,14,32.467532467532465,MOYENNE,2,2,2,1
180295,15400,CLASSIQUE,40,50,76,33,12,21,6,0.14144736842105263,49.71052631578947,4086,14,43.421052631578945,MOYENNE,2,2,2,1
180295,15405,CLASSIQUE,40,50,76,30,9,21,6,0.15131578947368415,51,4087,15,39.473684210526315,MOYENNE,2,2,2,1
180295,15410,CLASSIQUE,40,50,77,22,3,19,4,0.17467532467532462,50.922077922077925,4089,17,28.571428571428573,FAIBLE,1,2,0,1
180295,15415,CLASSIQUE,40,50,76,17,3,14,3,0.19407894736842096,50.31578947368421,4092,20,22.36842105263158,FAIBLE,1,0,0,1
180295,15420,CLASSIQUE,40,50,75,7,2,5,1.5,0.22666666666666663,47.74666666666667,4095,22,9.333333333333334,FAIBLE,1,0,0,1
180295,15425,CLASSIQUE,40,50,73,8,2,6,1.75,0.22260273972602734,45.945205479452056,4098,25,10.95890410958904,FAIBLE,1,0,0,1
180295,15430,CLASSIQUE,40,50,71,6,2,4,1.5,0.22887323943661972,44.80281690140845,4100,26,8.450704225352112,FAIBLE,1,0,0,1
180295,15435,CLASSIQUE,40,50,67,6,2,4,1.5,0.2276119402985074,43.8955223880597,4105,29,8.955223880597014,FAIBLE,1,0,0,1
180295,15440,CLASSIQUE,40,50,66,7,2,5,1.75,0.22348484848484843,42.666666666666664,4107,28,10.606060606060606,FAIBLE,1,0,0,1
180295,15445,CLASSIQUE,40,50,65,9,4,5,2.25,0.2153846153846154,42.30769230769231,4109,28,13.846153846153847,FAIBLE,1,0,0,1
180295,15450,CLASSIQUE,40,50,64,10,4,6,2.5,0.21093749999999997,42.921875,4110,27,15.625,FAIBLE,1,0,0,1
180295,15455,CLASSIQUE,40,50,66,11,5,6,2.75,0.20833333333333331,42.42424242424242,4110,27,16.666666666666668,FAIBLE,1,0,0,2
180295,15460,CLASSIQUE,40,50,67,15,8,7,3.75,0.19402985074626863,42.701492537313435,4110,27,22.388059701492537,FAIBLE,1,0,0,2
180295,15465,CLASSIQUE,40,50,68,20,13,7,4.25,0.17647058823529407,43.39705882352941,4110,25,29.41176470588235,FAIBLE,1,0,0,2
180295,15470,CLASSIQUE,40,50,68,22,14,8,4.75,0.1676470588235294,44.94117647058823,4110,25,32.35294117647059,MOYENNE,2,0,2,2
180295,15475,CLASSIQUE,40,50,70,24,18,6,5.25,0.16428571428571423,45.41428571428571,4110,25,34.285714285714285,MOYENNE,2,2,2,0
180295,15480,CLASSIQUE,40,50,72,26,19,7,5.75,0.15972222222222218,44.638888888888886,4111,26,36.111111111111114,MOYENNE,2,2,2,0
180295,15485,CLASSIQUE,40,50,73,29,19,10,6.5,0.15068493150684922,44.89041095890411,4112,27,39.726027397260275,MOYENNE,2,2,2,0
180295,15490,CLASSIQUE,40,50,73,21,16,5,4.5,0.1773972602739726,44.68493150684932,4114,29,28.767123287671232,FAIBLE,0,2,1,0
180295,15495,CLASSIQUE,40,50,72,14,10,4,2.75,0.20138888888888884,43.47222222222222,4117,32,19.444444444444443,FAIBLE,0,1,1,0
180295,15500,CLASSIQUE,40,50,70,6,2,4,1.5,0.2285714285714285,41.58571428571429,4120,34,8.571428571428571,FAIBLE,0,1,1,0
180295,15505,CLASSIQUE,40,50,69,7,3,4,1.5,0.22173913043478255,39.89855072463768,4124,37,10.144927536231885,FAIBLE,0,1,1,0
180295,15510,CLASSIQUE,40,50,66,7,2,5,1.75,0.22348484848484843,39.90909090909091,4127,38,10.606060606060606,FAIBLE,0,1,1,0
180295,15515,CLASSIQUE,40,50,64,7,2,5,1.75,0.22265625,40.03125,4129,37,10.9375,FAIBLE,0,1,1,0
180295,15520,CLASSIQUE,40,50,65,7,2,5,1.75,0.22076923076923075,38.09230769230769,4132,37,10.76923076923077,FAIBLE,0,1,1,0
180295,15525,CLASSIQUE,40,50,64,9,3,6,2.25,0.21328125,38.5625,4133,35,14.0625,FAIBLE,0,1,1,0
180295,15530,CLASSIQUE,40,50,65,11,4,7,2.75,0.20307692307692307,38.09230769230769,4134,34,16.923076923076923,FAIBLE,0,1,1,0
180295,15535,CLASSIQUE,40,50,63,14,6,8,3.5,0.19444444444444445,40.15873015873016,4136,31,22.22222222222222,FAIBLE,0,1,1,2
180295,15540,CLASSIQUE,40,50,65,17,7,10,4.25,0.18461538461538457,40.07692307692308,4136,29,26.153846153846153,FAIBLE,0,1,1,2
180295,15545,CLASSIQUE,40,50,66,18,7,11,4.5,0.17954545454545454,40.833333333333336,4136,27,27.272727272727273,FAIBLE,0,1,1,2
180295,15550,CLASSIQUE,40,50,67,21,9,12,5.25,0.17164179104477606,41.71641791044776,4136,26,31.34328358208955,MOYENNE,2,1,2,2
180295,15555,CLASSIQUE,40,50,69,26,8,18,6.5,0.15507246376811593,42.231884057971016,4136,26,37.68115942028985,MOYENNE,2,2,2,1
180295,15560,CLASSIQUE,40,50,69,32,10,22,7.25,0.1340579710144927,43.31884057971015,4137,27,46.3768115942029,MOYENNE,2,2,2,1
180295,15565,CLASSIQUE,40,50,69,30,8,22,6.75,0.14130434782608692,44.53623188405797,4138,28,43.47826086956522,MOYENNE,2,2,2,1
180295,15570,CLASSIQUE,40,50,71,22,2,20,4.75,0.17253521126760557,43.014084507042256,4140,30,30.985915492957748,MOYENNE,1,2,0,1
180295,15575,CLASSIQUE,40,50,70,14,1,13,2.5,0.19999999999999998,42.34285714285714,4142,32,20,FAIBLE,1,0,0,1
180295,15580,CLASSIQUE,40,50,69,6,1,5,1.5,0.22826086956521735,39.869565217391305,4145,34,8.695652173913043,FAIBLE,1,0,0,1
180295,15585,CLASSIQUE,40,50,69,7,1,6,1.75,0.22463768115942023,37.608695652173914,4148,36,10.144927536231885,FAIBLE,1,0,0,1
180295,15590,CLASSIQUE,40,50,68,7,1,6,1.75,0.22279411764705878,37.220588235294116,4149,35,10.294117647058824,FAIBLE,1,0,0,1
180295,15595,CLASSIQUE,40,50,70,10,1,9,2.25,0.21428571428571425,35.542857142857144,4150,33,14.285714285714286,FAIBLE,1,0,0,1
180295,15600,CLASSIQUE,40,50,70,11,2,9,2.5,0.21071428571428566,35.214285714285715,4151,31,15.714285714285714,FAIBLE,1,0,0,1
180295,15605,CLASSIQUE,40,50,69,12,2,10,2.5,0.20652173913043484,34.72463768115942,4153,29,17.391304347826086,FAIBLE,1,0,0,1
180295,15610,CLASSIQUE,40,50,72,14,2,12,2.5,0.20138888888888895,34.15277777777778,4154,27,19.444444444444443,FAIBLE,1,0,0,1
180295,15615,CLASSIQUE,40,50,74,14,2,12,2.5,0.20270270270270271,34.17567567567568,4154,25,18.91891891891892,FAIBLE,1,0,0,2
180295,15620,CLASSIQUE,40,50,76,17,4,13,3,0.1914473684210527,34.276315789473685,4154,22,22.36842105263158,FAIBLE,1,0,0,2
180295,15625,CLASSIQUE,40,50,76,22,9,13,3.75,0.17500000000000004,35.63157894736842,4154,21,28.94736842105263,FAIBLE,1,0,0,2
180295,15630,CLASSIQUE,40,50,79,25,10,15,4.25,0.17088607594936714,35.77215189873418,4154,20,31.645569620253166,MOYENNE,2,0,2,2
180295,15635,CLASSIQUE,40,50,79,28,15,13,4.75,0.1613924050632912,37.607594936708864,4154,18,35.44303797468354,MOYENNE,2,2,2,0
180295,15640,CLASSIQUE,40,50,80,28,17,11,5.75,0.16062500000000002,37.6125,4155,19,35,MOYENNE,2,2,2,0
180295,15645,CLASSIQUE,40,50,83,33,18,15,6.25,0.15060240963855426,37.53012048192771,4156,20,39.75903614457831,MOYENNE,2,2,2,0
180295,15650,CLASSIQUE,40,50,81,23,18,5,4.25,0.1790123456790123,38.44444444444444,4158,22,28.395061728395063,FAIBLE,0,2,1,0
180295,15655,CLASSIQUE,40,50,82,14,11,3,2.5,0.20731707317073167,36.5,4161,25,17.073170731707318,FAIBLE,0,1,1,0
180295,15660,CLASSIQUE,40,50,79,12,8,4,2,0.2094936708860759,35.53164556962025,4165,28,15.189873417721518,FAIBLE,0,1,1,0
180295,15665,CLASSIQUE,40,50,79,9,6,3,2.25,0.21962025316455694,34.063291139240505,4167,29,11.39240506329114,FAIBLE,0,1,1,0
180295,15670,CLASSIQUE,40,50,79,11,7,4,2.75,0.21518987341772147,33.962025316455694,4168,28,13.924050632911392,FAIBLE,0,1,1,0
180295,15675,CLASSIQUE,40,50,80,11,7,4,2.75,0.215625,33.55,4169,27,13.75,FAIBLE,0,1,1,0
180295,15680,CLASSIQUE,40,50,78,12,7,5,3,0.21153846153846148,34.55128205128205,4172,27,15.384615384615385,FAIBLE,0,1,1,0
180295,15685,CLASSIQUE,40,50,79,14,8,6,3.5,0.20569620253164558,34.91139240506329,4172,24,17.72151898734177,FAIBLE,0,1,1,0
180295,15690,CLASSIQUE,40,50,79,16,8,8,4,0.1993670886075949,35.88607594936709,4173,24,20.253164556962027,FAIBLE,0,1,1,0
180295,15695,CLASSIQUE,40,50,79,17,8,9,4,0.19620253164556958,36.924050632911396,4173,23,21.518987341772153,FAIBLE,0,1,1,2
180295,15700,CLASSIQUE,40,50,80,22,8,14,4.75,0.18125000000000002,37.6875,4173,22,27.5,FAIBLE,0,1,1,2
180295,15705,CLASSIQUE,40,50,81,26,8,18,5,0.16975308641975312,38.75308641975309,4173,20,32.098765432098766,MOYENNE,0,1,1,2
180295,15710,CLASSIQUE,40,50,83,31,10,21,5.75,0.15662650602409642,39.55421686746988,4173,19,37.34939759036145,MOYENNE,2,1,2,2
180295,15715,CLASSIQUE,40,50,85,38,11,27,7.25,0.1382352941176471,40.741176470588236,4173,19,44.705882352941174,MOYENNE,2,2,2,1
180295,15720,CLASSIQUE,40,50,85,41,9,32,6.75,0.1294117647058824,41.8235294117647,4174,20,48.23529411764706,MOYENNE,2,2,2,1
180295,15725,CLASSIQUE,40,50,86,43,11,32,7.25,0.12267441860465121,42.74418604651163,4175,21,50,MOYENNE,2,2,2,1
180295,15730,CLASSIQUE,40,50,84,34,3,31,4.75,0.14880952380952384,44.083333333333336,4177,23,40.476190476190474,MOYENNE,1,2,0,1
180295,15735,CLASSIQUE,40,50,82,18,2,16,2,0.1926829268292683,44.02439024390244,4180,26,21.951219512195124,FAIBLE,1,0,0,1
180295,15740,CLASSIQUE,40,50,79,8,2,6,1.75,0.22278481012658224,43.08860759493671,4184,29,10.126582278481013,FAIBLE,1,0,0,1
180295,15745,CLASSIQUE,40,50,78,8,2,6,1.5,0.2243589743589743,41.85897435897436,4187,31,10.256410256410257,FAIBLE,1,0,0,1
180295,15750,CLASSIQUE,40,50,76,6,2,4,1.5,0.22828947368421046,41.51315789473684,4190,32,7.894736842105263,FAIBLE,1,0,0,1
180295,15755,CLASSIQUE,40,50,76,7,3,4,1.75,0.22697368421052622,41.171052631578945,4192,31,9.210526315789474,FAIBLE,1,0,0,1
180295,15760,CLASSIQUE,40,50,77,8,3,5,2,0.22402597402597393,40.64935064935065,4193,28,10.38961038961039,FAIBLE,1,0,0,1
180295,15765,CLASSIQUE,40,50,76,9,3,6,2.25,0.22039473684210525,41.14473684210526,4196,29,11.842105263157896,FAIBLE,1,0,0,1
180295,15770,CLASSIQUE,40,50,76,10,4,6,2.5,0.21644736842105258,41.80263157894737,4197,29,13.157894736842104,FAIBLE,1,0,0,1
180295,15775,CLASSIQUE,40,50,78,12,5,7,2.75,0.21153846153846154,41.46153846153846,4197,28,15.384615384615385,FAIBLE,1,0,0,2
180295,15780,CLASSIQUE,40,50,78,14,7,7,3.25,0.20512820512820512,42.26923076923077,4198,26,17.94871794871795,FAIBLE,1,0,0,2
180295,15785,CLASSIQUE,40,50,81,17,9,8,4,0.19753086419753083,41.69135802469136,4198,26,20.987654320987655,FAIBLE,1,0,0,2
180295,15790,CLASSIQUE,40,50,81,17,9,8,4,0.195679012345679,42.74074074074074,4198,25,20.987654320987655,FAIBLE,2,0,2,2
180295,15795,CLASSIQUE,40,50,83,22,15,7,5,0.18373493975903613,42.95180722891566,4198,25,26.50602409638554,FAIBLE,2,2,2,0
180295,15800,CLASSIQUE,40,50,83,24,19,5,5.25,0.17771084337349397,43.63855421686747,4199,26,28.91566265060241,FAIBLE,2,2,2,0
180295,15805,CLASSIQUE,40,50,82,32,20,12,6.25,0.15243902439024382,45.96341463414634,4200,27,39.02439024390244,MOYENNE,2,2,2,0
180295,15810,CLASSIQUE,40,50,82,23,19,4,4,0.17743902439024387,46.34146341463415,4201,28,28.048780487804876,FAIBLE,0,2,1,0
180295,15815,CLASSIQUE,40,50,80,17,12,5,3.25,0.19687499999999997,46.425,4203,30,21.25,FAIBLE,0,1,1,0
180295,15820,CLASSIQUE,40,50,79,9,4,5,2.25,0.22151898734177214,44.392405063291136,4206,32,11.39240506329114,FAIBLE,0,1,1,0
180295,15825,CLASSIQUE,40,50,76,11,5,6,2.75,0.21381578947368413,44.25,4209,34,14.473684210526315,FAIBLE,0,1,1,0
180295,15830,CLASSIQUE,40,50,74,11,5,6,2.75,0.2128378378378378,43.82432432432432,4212,35,14.864864864864865,FAIBLE,0,1,1,0
180295,15835,CLASSIQUE,40,50,74,12,6,6,3,0.20945945945945943,42.63513513513514,4214,34,16.216216216216218,FAIBLE,0,1,1,0
180295,15840,CLASSIQUE,40,50,70,12,6,6,3,0.2071428571428571,42.31428571428572,4218,34,17.142857142857142,FAIBLE,0,1,1,0
180295,15845,CLASSIQUE,40,50,70,12,6,6,3,0.20714285714285713,42.08571428571429,4221,34,17.142857142857142,FAIBLE,0,1,1,0
180295,15850,CLASSIQUE,40,50,70,12,6,6,3,0.20714285714285707,42.42857142857143,4222,32,17.142857142857142,FAIBLE,0,1,1,0
180295,15855,CLASSIQUE,40,50,70,12,6,6,3,0.2071428571428571,42.9,4223,31,17.142857142857142,FAIBLE,0,1,1,2
180295,15860,CLASSIQUE,40,50,71,15,7,8,3.5,0.19718309859154928,43.225352112676056,4223,30,21.12676056338028,FAIBLE,0,1,1,2
180295,15865,CLASSIQUE,40,50,73,18,7,11,4,0.18630136986301365,43.23287671232877,4223,27,24.65753424657534,FAIBLE,0,1,1,2
180295,15870,CLASSIQUE,40,50,75,20,8,12,4.25,0.18333333333333326,43.38666666666666,4223,26,26.666666666666668,FAIBLE,2,1,2,2
180295,15875,CLASSIQUE,40,50,76,24,9,15,5.25,0.17105263157894735,44.3421052631579,4223,26,31.57894736842105,MOYENNE,2,2,2,1
180295,15880,CLASSIQUE,40,50,78,22,7,15,4.75,0.1794871794871794,43.666666666666664,4224,26,28.205128205128204,FAIBLE,2,2,2,1
180295,15885,CLASSIQUE,40,50,77,23,7,16,5.25,0.1753246753246753,44.97402597402598,4225,27,29.87012987012987,FAIBLE,2,2,2,1
180295,15890,CLASSIQUE,40,50,77,16,3,13,3.25,0.198051948051948,44.506493506493506,4227,29,20.77922077922078,FAIBLE,1,2,0,1
180295,15895,CLASSIQUE,40,50,77,4,1,3,0.75,0.23441558441558438,41.94805194805195,4230,32,5.194805194805195,FAIBLE,1,0,0,1
180295,15900,CLASSIQUE,40,50,73,5,2,3,1.25,0.23287671232876708,39.47945205479452,4235,36,6.8493150684931505,FAIBLE,1,0,0,1
180295,15905,CLASSIQUE,40,50,69,6,2,4,1.5,0.22826086956521732,38.01449275362319,4239,39,8.695652173913043,FAIBLE,1,0,0,1
180295,15910,CLASSIQUE,40,50,65,6,2,4,1.5,0.22692307692307687,37.07692307692308,4243,42,9.23076923076923,FAIBLE,1,0,0,1
180295,15915,CLASSIQUE,40,50,63,9,5,4,2.25,0.21428571428571422,35.96825396825397,4247,44,14.285714285714286,FAIBLE,1,0,0,1
180295,15920,CLASSIQUE,40,50,64,10,6,4,2.5,0.2109375,35.765625,4248,42,15.625,FAIBLE,1,0,0,1
180295,15925,CLASSIQUE,40,50,63,11,7,4,2.75,0.20396825396825397,37,4250,41,17.46031746031746,FAIBLE,1,0,0,1
180295,15930,CLASSIQUE,40,50,65,12,7,5,3,0.20153846153846156,36.784615384615385,4250,38,18.46153846153846,FAIBLE,1,0,0,1
180295,15935,CLASSIQUE,40,50,68,16,9,7,3.5,0.18970588235294122,36.25,4250,36,23.529411764705884,FAIBLE,1,0,0,2
180295,15940,CLASSIQUE,40,50,72,19,12,7,4.25,0.1840277777777778,35.458333333333336,4250,32,26.38888888888889,FAIBLE,1,0,0,2
180295,15945,CLASSIQUE,40,50,74,22,15,7,4.75,0.17567567567567569,35.945945945945944,4250,29,29.72972972972973,FAIBLE,1,0,0,2
180295,15950,CLASSIQUE,40,50,77,24,17,7,5,0.1720779220779221,36.064935064935064,4250,28,31.16883116883117,MOYENNE,2,0,2,2
180295,15955,CLASSIQUE,40,50,78,25,21,4,5,0.16858974358974363,37.243589743589745,4250,27,32.05128205128205,MOYENNE,2,2,2,0
180295,15960,CLASSIQUE,40,50,80,30,23,7,5.75,0.15625,37.45,4251,28,37.5,MOYENNE,2,2,2,0
180295,15965,CLASSIQUE,40,50,79,32,24,8,6,0.14873417721518992,39.44303797468354,4252,29,40.50632911392405,MOYENNE,2,2,2,0
180295,15970,CLASSIQUE,40,50,77,20,19,1,3,0.18246753246753247,40.467532467532465,4254,31,25.974025974025974,FAIBLE,0,2,1,0
180295,15975,CLASSIQUE,40,50,75,15,14,1,2.5,0.2,39.733333333333334,4257,34,20,FAIBLE,0,1,1,0
180295,15980,CLASSIQUE,40,50,73,5,4,1,1,0.23287671232876708,36.917808219178085,4261,37,6.8493150684931505,FAIBLE,0,1,1,0
180295,15985,CLASSIQUE,40,50,72,8,5,3,1.75,0.22013888888888886,35.34722222222222,4264,39,11.11111111111111,FAIBLE,0,1,1,0
180295,15990,CLASSIQUE,40,50,72,9,6,3,2,0.21874999999999997,34.34722222222222,4266,39,12.5,FAIBLE,0,1,1,0
180295,15995,CLASSIQUE,40,50,73,8,5,3,2,0.22054794520547938,33.63013698630137,4268,38,10.95890410958904,FAIBLE,0,1,1,0
180295,16000,CLASSIQUE,40,50,71,12,7,5,3,0.20633802816901411,35.225352112676056,4270,35,16.901408450704224,FAIBLE,0,1,1,0
180295,16005,CLASSIQUE,40,50,72,13,7,6,3.25,0.20486111111111108,35.638888888888886,4270,31,18.055555555555557,FAIBLE,0,1,1,0
180295,16010,CLASSIQUE,40,50,74,13,7,6,3.25,0.20608108108108103,35.554054054054056,4271,28,17.56756756756757,FAIBLE,0,1,1,0
180295,16015,CLASSIQUE,40,50,75,13,7,6,3.25,0.2066666666666666,35.946666666666665,4271,24,17.333333333333332,FAIBLE,0,1,1,2
180295,16020,CLASSIQUE,40,50,77,15,7,8,3.75,0.20129870129870128,35.896103896103895,4271,23,19.48051948051948,FAIBLE,0,1,1,2
180295,16025,CLASSIQUE,40,50,78,18,8,10,4.5,0.19230769230769232,36.55128205128205,4271,21,23.076923076923077,FAIBLE,0,1,1,2
180295,16030,CLASSIQUE,40,50,80,19,8,11,4.75,0.19000000000000003,36.8,4271,21,23.75,FAIBLE,2,1,2,2
180295,16035,CLASSIQUE,40,50,82,26,9,17,6,0.16829268292682925,37.34146341463415,4271,21,31.70731707317073,MOYENNE,2,2,2,1
180295,16040,CLASSIQUE,40,50,81,33,15,18,7,0.1481481481481481,38.629629629629626,4272,22,40.74074074074074,MOYENNE,2,2,2,1
180295,16045,CLASSIQUE,40,50,81,38,18,20,7.25,0.13271604938271603,39.864197530864196,4273,23,46.91358024691358,MOYENNE,2,2,2,1
180295,16050,CLASSIQUE,40,50,81,31,12,19,5.25,0.15123456790123457,39.888888888888886,4275,25,38.27160493827161,MOYENNE,1,2,0,1
180295,16055,CLASSIQUE,40,50,80,16,7,9,3,0.2,38.55,4278,28,20,FAIBLE,1,0,0,1
180295,16060,CLASSIQUE,40,50,77,11,5,6,2.5,0.21428571428571425,37.87012987012987,4282,31,14.285714285714286,FAIBLE,1,0,0,1
180295,16065,CLASSIQUE,40,50,76,13,7,6,2.75,0.20723684210526314,37.23684210526316,4285,33,17.105263157894736,FAIBLE,1,0,0,1
180295,16070,CLASSIQUE,40,50,74,13,7,6,2.75,0.20608108108108109,37.86486486486486,4287,33,17.56756756756757,FAIBLE,1,0,0,1
180295,16075,CLASSIQUE,40,50,75,15,8,7,3,0.2,37.12,4288,31,20,FAIBLE,1,0,0,1
180295,16080,CLASSIQUE,40,50,74,15,8,7,3,0.19932432432432434,37.86486486486486,4290,29,20.27027027027027,FAIBLE,1,0,0,1
180295,16085,CLASSIQUE,40,50,75,16,9,7,3.25,0.1966666666666667,38.38666666666666,4290,26,21.333333333333332,FAIBLE,1,0,0,1
180295,16090,CLASSIQUE,40,50,77,16,9,7,3.25,0.1980519480519481,38.42857142857143,4290,24,20.77922077922078,FAIBLE,1,0,0,1
180295,16095,CLASSIQUE,40,50,78,16,9,7,3.25,0.1974358974358975,38.96153846153846,4290,22,20.512820512820515,FAIBLE,1,0,0,2
180295,16100,CLASSIQUE,40,50,79,20,12,8,4.25,0.18607594936708866,39.607594936708864,4290,20,25.31645569620253,FAIBLE,1,0,0,2
180295,16105,CLASSIQUE,40,50,81,25,16,9,5,0.17283950617283952,40.098765432098766,4290,20,30.864197530864196,MOYENNE,1,0,0,2
180295,16110,CLASSIQUE,40,50,83,25,16,9,5,0.1746987951807229,40.63855421686747,4290,19,30.120481927710845,MOYENNE,2,0,2,2
180295,16115,CLASSIQUE,40,50,85,29,20,9,5.75,0.16470588235294123,41.305882352941175,4290,19,34.11764705882353,MOYENNE,2,2,2,0
180295,16120,CLASSIQUE,40,50,86,32,21,11,5.75,0.15697674418604654,41.53488372093023,4291,20,37.2093023255814,MOYENNE,2,2,2,0
180295,16125,CLASSIQUE,40,50,85,33,21,12,6,0.15294117647058825,43.22352941176471,4292,21,38.8235294117647,MOYENNE,2,2,2,0
180295,16130,CLASSIQUE,40,50,86,25,19,6,4.25,0.17732558139534887,42.7093023255814,4294,23,29.069767441860463,FAIBLE,0,2,1,0
180295,16135,CLASSIQUE,40,50,84,12,9,3,2.25,0.2142857142857142,42.44047619047619,4297,26,14.285714285714286,FAIBLE,0,1,1,0
180295,16140,CLASSIQUE,40,50,81,5,3,2,1,0.2345679012345678,41.25925925925926,4301,29,6.172839506172839,FAIBLE,0,1,1,0
180295,16145,CLASSIQUE,40,50,80,4,2,2,1,0.23749999999999996,39.2375,4304,31,5,FAIBLE,0,1,1,0
180295,16150,CLASSIQUE,40,50,78,7,3,4,1.75,0.22756410256410256,38.37179487179487,4307,32,8.974358974358974,FAIBLE,0,1,1,0
180295,16155,CLASSIQUE,40,50,75,9,4,5,2.25,0.21999999999999995,39.026666666666664,4310,32,12,FAIBLE,0,1,1,0
180295,16160,CLASSIQUE,40,50,73,10,5,5,2.25,0.21301369863013694,39.945205479452056,4314,32,13.698630136986301,FAIBLE,0,1,1,0
180295,16165,CLASSIQUE,40,50,73,11,5,6,2.5,0.21232876712328766,40.205479452054796,4315,30,15.068493150684931,FAIBLE,0,1,1,0
180295,16170,CLASSIQUE,40,50,72,13,6,7,2.5,0.20486111111111113,41.15277777777778,4316,29,18.055555555555557,FAIBLE,0,1,1,0
180295,16175,CLASSIQUE,40,50,73,14,6,8,2.75,0.20205479452054795,41.02739726027397,4317,29,19.17808219178082,FAIBLE,0,1,1,2
180295,16180,CLASSIQUE,40,50,75,17,6,11,3.5,0.19333333333333333,40.49333333333333,4318,28,22.666666666666668,FAIBLE,0,1,1,2
180295,16185,CLASSIQUE,40,50,77,19,6,13,4,0.18831168831168832,40.66233766233766,4318,28,24.675324675324674,FAIBLE,0,1,1,2
180295,16190,CLASSIQUE,40,50,79,21,6,15,4.5,0.18354430379746836,40.87341772151899,4318,28,26.582278481012658,FAIBLE,2,1,2,2
180295,16195,CLASSIQUE,40,50,80,29,6,23,5.75,0.156875,41.9875,4318,28,36.25,MOYENNE,2,2,2,1
180295,16200,CLASSIQUE,40,50,81,33,8,25,6,0.14814814814814814,42.49382716049383,4319,29,40.74074074074074,MOYENNE,2,2,2,1
180295,16205,CLASSIQUE,40,50,80,35,8,27,6.25,0.140625,44.25,4320,30,43.75,MOYENNE,2,2,2,1
180295,16210,CLASSIQUE,40,50,79,29,4,25,4.75,0.15569620253164557,45.177215189873415,4322,32,36.70886075949367,MOYENNE,1,2,0,1
180295,16215,CLASSIQUE,40,50,77,17,1,16,3,0.19480519480519476,44.96103896103896,4325,35,22.07792207792208,FAIBLE,1,0,0,1
180295,16220,CLASSIQUE,40,50,73,7,1,6,1.5,0.22602739726027393,44.3013698630137,4329,38,9.58904109589041,FAIBLE,1,0,0,1
180295,16225,CLASSIQUE,40,50,71,8,1,7,1.75,0.2218309859154929,43.901408450704224,4332,40,11.267605633802816,FAIBLE,1,0,0,1
180295,16230,CLASSIQUE,40,50,70,11,3,8,2.25,0.2107142857142857,43.371428571428574,4334,40,15.714285714285714,FAIBLE,1,0,0,1
180295,16235,CLASSIQUE,40,50,68,12,3,9,2.5,0.2058823529411765,44.14705882352941,4337,40,17.647058823529413,FAIBLE,1,0,0,1
180295,16240,CLASSIQUE,40,50,68,13,3,10,2.75,0.20220588235294118,44.455882352941174,4338,37,19.11764705882353,FAIBLE,1,0,0,1
180295,16245,CLASSIQUE,40,50,68,13,3,10,2.75,0.20220588235294124,45.411764705882355,4338,34,19.11764705882353,FAIBLE,1,0,0,1
180295,16250,CLASSIQUE,40,50,67,13,3,10,2.75,0.20149253731343283,47.059701492537314,4340,33,19.402985074626866,FAIBLE,1,0,0,1
180295,16255,CLASSIQUE,40,50,67,13,3,10,2.75,0.20149253731343283,48.02985074626866,4340,30,19.402985074626866,FAIBLE,1,0,0,2
180295,16260,CLASSIQUE,40,50,70,16,6,10,3.5,0.19285714285714287,46.97142857142857,4340,26,22.857142857142858,FAIBLE,1,0,0,2
180295,16265,CLASSIQUE,40,50,72,20,10,10,4,0.18055555555555558,46.97222222222222,4340,25,27.77777777777778,FAIBLE,1,0,0,2
180295,16270,CLASSIQUE,40,50,72,20,10,10,4,0.18055555555555555,48.361111111111114,4340,24,27.77777777777778,FAIBLE,2,0,2,2
180295,16275,CLASSIQUE,40,50,72,21,12,9,4.25,0.17708333333333334,49.81944444444444,4340,23,29.166666666666668,FAIBLE,2,2,2,0
180295,16280,CLASSIQUE,40,50,71,19,13,6,4.25,0.18309859154929575,50.95774647887324,4341,23,26.760563380281692,FAIBLE,2,2,2,0
180295,16285,CLASSIQUE,40,50,70,22,14,8,4.75,0.16928571428571423,52.51428571428571,4342,24,31.428571428571427,MOYENNE,2,2,2,0
180295,16290,CLASSIQUE,40,50,71,16,14,2,3.25,0.19366197183098585,51.11267605633803,4344,26,22.535211267605632,FAIBLE,0,2,1,0
180295,16295,CLASSIQUE,40,50,70,8,7,1,1.25,0.22142857142857134,49.214285714285715,4347,29,11.428571428571429,FAIBLE,0,1,1,0
180295,16300,CLASSIQUE,40,50,68,3,2,1,0.75,0.23897058823529407,46.26470588235294,4350,31,4.411764705882353,FAIBLE,0,1,1,0
180295,16305,CLASSIQUE,40,50,65,3,2,1,0.5,0.23846153846153842,44.04615384615385,4354,34,4.615384615384615,FAIBLE,0,1,1,0
180295,16310,CLASSIQUE,40,50,63,3,2,1,0.75,0.23492063492063486,41.698412698412696,4357,35,4.761904761904762,FAIBLE,0,1,1,0
180295,16315,CLASSIQUE,40,50,62,5,3,2,1.25,0.2298387096774193,39.854838709677416,4360,35,8.064516129032258,FAIBLE,0,1,1,0
180295,16320,CLASSIQUE,40,50,59,5,3,2,1.25,0.22881355932203384,39.25423728813559,4363,34,8.474576271186441,FAIBLE,0,1,1,0
180295,16325,CLASSIQUE,40,50,59,5,3,2,1.25,0.22881355932203387,38.94915254237288,4364,32,8.474576271186441,FAIBLE,0,1,1,0
180295,16330,CLASSIQUE,40,50,59,5,3,2,1.25,0.22881355932203384,38.66101694915254,4366,32,8.474576271186441,FAIBLE,0,1,1,0
180295,16335,CLASSIQUE,40,50,61,5,3,2,1.25,0.2270491803278688,37.80327868852459,4366,29,8.19672131147541,FAIBLE,0,1,1,2
180295,16340,CLASSIQUE,40,50,65,11,5,6,2.75,0.2076923076923077,36.15384615384615,4366,28,16.923076923076923,FAIBLE,0,1,1,2
180295,16345,CLASSIQUE,40,50,66,15,6,9,3.25,0.19318181818181815,36.65151515151515,4366,28,22.727272727272727,FAIBLE,0,1,1,2
180295,16350,CLASSIQUE,40,50,66,17,6,11,3.75,0.18560606060606055,37.89393939393939,4366,26,25.757575757575758,FAIBLE,2,1,2,2
180295,16355,CLASSIQUE,40,50,68,22,6,16,5,0.1691176470588235,38.23529411764706,4366,26,32.35294117647059,MOYENNE,2,2,2,1
180295,16360,CLASSIQUE,40,50,68,25,8,17,5.5,0.15882352941176464,38.661764705882355,4367,27,36.76470588235294,MOYENNE,2,2,2,1
180295,16365,CLASSIQUE,40,50,71,26,9,17,5.75,0.15563380281690137,37.66197183098591,4368,28,36.61971830985915,MOYENNE,2,2,2,1
180295,16370,CLASSIQUE,40,50,69,19,2,17,3.75,0.181159420289855,38.492753623188406,4370,30,27.536231884057973,FAIBLE,1,2,0,1
180295,16375,CLASSIQUE,40,50,67,10,3,7,2.25,0.21268656716417905,38.64179104477612,4373,33,14.925373134328359,FAIBLE,1,0,0,1
180295,16380,CLASSIQUE,40,50,66,7,3,4,1.5,0.2212121212121212,36.803030303030305,4377,36,10.606060606060606,FAIBLE,1,0,0,1
180295,16385,CLASSIQUE,40,50,63,7,4,3,1.75,0.22222222222222215,37.095238095238095,4381,39,11.11111111111111,FAIBLE,1,0,0,1
180295,16390,CLASSIQUE,40,50,63,8,4,4,2,0.2182539682539682,36.36507936507937,4382,38,12.698412698412698,FAIBLE,1,0,0,1
180295,16395,CLASSIQUE,40,50,63,9,5,4,2.25,0.21428571428571427,35.76190476190476,4383,36,14.285714285714286,FAIBLE,1,0,0,1
180295,16400,CLASSIQUE,40,50,62,10,5,5,2.5,0.2096774193548387,35.83870967741935,4385,35,16.129032258064516,FAIBLE,1,0,0,1
180295,16405,CLASSIQUE,40,50,61,10,5,5,2.5,0.20901639344262296,35.80327868852459,4387,33,16.39344262295082,FAIBLE,1,0,0,1
180295,16410,CLASSIQUE,40,50,62,12,6,6,3,0.19919354838709674,36.145161290322584,4387,30,19.35483870967742,FAIBLE,1,0,0,1
180295,16415,CLASSIQUE,40,50,61,13,6,7,3.25,0.19672131147540983,37.80327868852459,4388,28,21.311475409836067,FAIBLE,1,0,0,2
180295,16420,CLASSIQUE,40,50,64,16,8,8,3.75,0.18749999999999997,37.15625,4388,25,25,FAIBLE,1,0,0,2
180295,16425,CLASSIQUE,40,50,65,16,8,8,3.75,0.1884615384615384,37.815384615384616,4388,24,24.615384615384617,FAIBLE,1,0,0,2
180295,16430,CLASSIQUE,40,50,65,17,9,8,4,0.18461538461538457,39.06153846153846,4388,22,26.153846153846153,FAIBLE,2,0,2,2
180295,16435,CLASSIQUE,40,50,65,23,13,10,5.5,0.16153846153846152,40.56923076923077,4388,22,35.38461538461539,MOYENNE,2,2,2,0
180295,16440,CLASSIQUE,40,50,68,23,15,8,5.5,0.16544117647058817,39.30882352941177,4389,23,33.8235294117647,MOYENNE,2,2,2,0
180295,16445,CLASSIQUE,40,50,67,25,17,8,5.75,0.15671641791044771,41.223880597014926,4390,24,37.3134328358209,MOYENNE,2,2,2,0
180295,16450,CLASSIQUE,40,50,67,17,13,4,3.75,0.18656716417910443,41.17910447761194,4392,26,25.37313432835821,FAIBLE,0,2,1,0
180295,16455,CLASSIQUE,40,50,66,10,8,2,2,0.21212121212121213,39.71212121212121,4394,28,15.151515151515152,FAIBLE,0,1,1,0
180295,16460,CLASSIQUE,40,50,63,6,4,2,1.5,0.22619047619047614,37.95238095238095,4397,30,9.523809523809524,FAIBLE,0,1,1,0
180295,16465,CLASSIQUE,40,50,60,5,3,2,1.25,0.2291666666666666,36.166666666666664,4400,32,8.333333333333334,FAIBLE,0,1,1,0
180295,16470,CLASSIQUE,40,50,58,5,3,2,1.25,0.22844827586206898,34.96551724137931,4402,32,8.620689655172415,FAIBLE,0,1,1,0
180295,16475,CLASSIQUE,40,50,56,5,3,2,1.25,0.22767857142857137,33.767857142857146,4404,31,8.928571428571429,FAIBLE,0,1,1,0
180295,16480,CLASSIQUE,40,50,53,5,3,2,1.25,0.22641509433962256,34.075471698113205,4407,30,9.433962264150944,FAIBLE,0,1,1,0
180295,16485,CLASSIQUE,40,50,55,5,3,2,1.25,0.22727272727272724,33.29090909090909,4407,26,9.090909090909092,FAIBLE,0,1,1,0
180295,16490,CLASSIQUE,40,50,56,7,4,3,1.75,0.21874999999999997,33.25,4407,25,12.5,FAIBLE,0,1,1,0
180295,16495,CLASSIQUE,40,50,56,8,4,4,2,0.21428571428571425,33.892857142857146,4407,24,14.285714285714286,FAIBLE,0,1,1,2
180295,16500,CLASSIQUE,40,50,56,11,4,7,2.75,0.1973214285714285,34.732142857142854,4407,22,19.642857142857142,FAIBLE,0,1,1,2
180295,16505,CLASSIQUE,40,50,56,16,4,12,3.5,0.17857142857142852,36.035714285714285,4407,20,28.571428571428573,FAIBLE,0,1,1,2
180295,16510,CLASSIQUE,40,50,57,17,4,13,3.75,0.175438596491228,36.85964912280702,4407,20,29.82456140350877,FAIBLE,2,1,2,2
180295,16515,CLASSIQUE,40,50,60,22,5,17,5,0.15833333333333327,36.63333333333333,4407,19,36.666666666666664,MOYENNE,2,2,2,1
180295,16520,CLASSIQUE,40,50,60,23,5,18,5,0.15333333333333327,37.11666666666667,4408,20,38.333333333333336,MOYENNE,2,2,2,1
180295,16525,CLASSIQUE,40,50,62,25,6,19,5.25,0.14919354838709672,36.88709677419355,4409,21,40.32258064516129,MOYENNE,2,2,2,1
180295,16530,CLASSIQUE,40,50,64,17,2,15,3.25,0.18359374999999994,36.28125,4411,23,26.5625,FAIBLE,1,2,0,1
180295,16535,CLASSIQUE,40,50,62,8,0,8,1.5,0.2177419354838709,36.33870967741935,4414,26,12.903225806451612,FAIBLE,1,0,0,1
180295,16540,CLASSIQUE,40,50,59,5,1,4,1,0.2288135593220338,35.779661016949156,4418,29,8.474576271186441,FAIBLE,1,0,0,1
180295,16545,CLASSIQUE,40,50,58,3,1,2,0.75,0.23706896551724133,34.87931034482759,4420,30,5.172413793103448,FAIBLE,1,0,0,1
180295,16550,CLASSIQUE,40,50,58,3,1,2,0.75,0.23706896551724133,34.05172413793103,4422,30,5.172413793103448,FAIBLE,1,0,0,1
180295,16555,CLASSIQUE,40,50,58,3,1,2,0.75,0.23706896551724138,34.08620689655172,4424,30,5.172413793103448,FAIBLE,1,0,0,1
180295,16560,CLASSIQUE,40,50,57,3,1,2,0.75,0.23684210526315783,34.94736842105263,4425,28,5.2631578947368425,FAIBLE,1,0,0,1
180295,16565,CLASSIQUE,40,50,59,3,1,2,0.75,0.23728813559322032,34.016949152542374,4426,26,5.084745762711864,FAIBLE,1,0,0,1
180295,16570,CLASSIQUE,40,50,59,6,2,4,1.5,0.22118644067796606,34.40677966101695,4427,25,10.169491525423728,FAIBLE,1,0,0,1
180295,16575,CLASSIQUE,40,50,61,8,4,4,2,0.21475409836065573,33.91803278688525,4427,23,13.114754098360656,FAIBLE,1,0,0,2
180295,16580,CLASSIQUE,40,50,63,12,7,5,3,0.1992063492063492,33.714285714285715,4427,20,19.047619047619047,FAIBLE,1,0,0,2
180295,16585,CLASSIQUE,40,50,64,14,8,6,3.5,0.19531249999999994,34.25,4427,20,21.875,FAIBLE,1,0,0,2
180295,16590,CLASSIQUE,40,50,66,15,9,6,3.75,0.19166666666666665,34.303030303030305,4427,20,22.727272727272727,FAIBLE,2,0,2,2
180295,16595,CLASSIQUE,40,50,68,19,15,4,4.75,0.1742647058823529,34.661764705882355,4427,20,27.941176470588236,FAIBLE,2,2,2,0
180295,16600,CLASSIQUE,40,50,68,21,15,6,5.25,0.17279411764705876,34.955882352941174,4428,21,30.88235294117647,MOYENNE,2,2,2,0
180295,16605,CLASSIQUE,40,50,67,22,15,7,5.5,0.167910447761194,35.88059701492537,4429,22,32.83582089552239,MOYENNE,2,2,2,0
180295,16610,CLASSIQUE,40,50,66,15,11,4,3.75,0.1901515151515151,35.22727272727273,4431,24,22.727272727272727,FAIBLE,0,2,1,0
180295,16615,CLASSIQUE,40,50,63,12,7,5,2.75,0.19999999999999996,34.19047619047619,4434,27,19.047619047619047,FAIBLE,0,1,1,0
180295,16620,CLASSIQUE,40,50,61,10,4,6,2.5,0.2090163934426229,32.540983606557376,4438,30,16.39344262295082,FAIBLE,0,1,1,0
180295,16625,CLASSIQUE,40,50,60,11,5,6,2.75,0.20249999999999999,31.25,4441,32,18.333333333333332,FAIBLE,0,1,1,0
180295,16630,CLASSIQUE,40,50,60,12,6,6,3,0.19999999999999993,30.2,4443,32,20,FAIBLE,0,1,1,0
180295,16635,CLASSIQUE,40,50,59,13,6,7,3,0.19491525423728803,30.271186440677965,4445,31,22.033898305084747,FAIBLE,0,1,1,0
180295,16640,CLASSIQUE,40,50,56,14,7,7,3.25,0.1875,31.892857142857142,4449,31,25,FAIBLE,0,1,1,0
180295,16645,CLASSIQUE,40,50,58,15,8,7,3.5,0.1853448275862069,32.05172413793103,4449,29,25.862068965517242,FAIBLE,0,1,1,0
180295,16650,CLASSIQUE,40,50,59,15,8,7,3.5,0.1864406779661017,32.779661016949156,4449,27,25.423728813559322,FAIBLE,0,1,1,0
180295,16655,CLASSIQUE,40,50,59,16,8,8,3.75,0.18220338983050846,34.067796610169495,4449,25,27.11864406779661,FAIBLE,0,1,1,2
180295,16660,CLASSIQUE,40,50,59,19,9,10,4.25,0.16949152542372878,35.610169491525426,4449,24,32.20338983050848,MOYENNE,0,1,1,2
180295,16665,CLASSIQUE,40,50,61,21,11,10,4.25,0.16393442622950818,36.0655737704918,4449,23,34.42622950819672,MOYENNE,0,1,1,2
180295,16670,CLASSIQUE,40,50,63,23,11,12,4.75,0.15873015873015872,36.61904761904762,4449,22,36.507936507936506,MOYENNE,2,1,2,2
180295,16675,CLASSIQUE,40,50,64,30,14,16,6,0.13281250000000006,38.171875,4449,22,46.875,MOYENNE,2,2,2,1
180295,16680,CLASSIQUE,40,50,64,29,13,16,5.75,0.13671875,38.96875,4450,23,45.3125,MOYENNE,2,2,2,1
180295,16685,CLASSIQUE,40,50,64,28,12,16,5.75,0.14062500000000003,40.515625,4451,24,43.75,MOYENNE,2,2,2,1
180295,16690,CLASSIQUE,40,50,64,21,6,15,4,0.16796875,40.171875,4453,26,32.8125,MOYENNE,1,2,0,1
180295,16695,CLASSIQUE,40,50,64,8,0,8,1.75,0.21874999999999994,38.8125,4456,29,12.5,FAIBLE,1,0,0,1
180295,16700,CLASSIQUE,40,50,63,4,1,3,1,0.23412698412698407,36.44444444444444,4458,30,6.349206349206349,FAIBLE,1,0,0,1
180295,16705,CLASSIQUE,40,50,64,3,0,3,0.75,0.23828124999999992,35.21875,4459,30,4.6875,FAIBLE,1,0,0,1
180295,16710,CLASSIQUE,40,50,66,3,0,3,0.75,0.23863636363636362,34.03030303030303,4461,30,4.545454545454546,FAIBLE,1,0,0,1
180295,16715,CLASSIQUE,40,50,65,3,0,3,0.75,0.23615384615384613,34.784615384615385,4462,28,4.615384615384615,FAIBLE,1,0,0,1
180295,16720,CLASSIQUE,40,50,65,6,2,4,1.5,0.2269230769230769,35.13846153846154,4462,24,9.23076923076923,FAIBLE,1,0,0,1
180295,16725,CLASSIQUE,40,50,66,6,2,4,1.5,0.22424242424242422,35.06060606060606,4462,21,9.090909090909092,FAIBLE,1,0,0,1
180295,16730,CLASSIQUE,40,50,68,7,3,4,1.75,0.22279411764705884,34.544117647058826,4462,19,10.294117647058824,FAIBLE,1,0,0,1
180295,16735,CLASSIQUE,40,50,67,11,4,7,2.5,0.20895522388059698,35.76119402985075,4463,18,16.417910447761194,FAIBLE,1,0,0,2
180295,16740,CLASSIQUE,40,50,68,13,6,7,3,0.20220588235294118,36.088235294117645,4463,14,19.11764705882353,FAIBLE,1,0,0,2
180295,16745,CLASSIQUE,40,50,69,19,11,8,3.5,0.18115942028985507,36.78260869565217,4463,14,27.536231884057973,FAIBLE,1,0,0,2
180295,16750,CLASSIQUE,40,50,70,22,12,10,4.25,0.17000000000000004,37.7,4463,14,31.428571428571427,MOYENNE,2,0,2,2
180295,16755,CLASSIQUE,40,50,70,26,18,8,5.25,0.15714285714285714,39.5,4463,14,37.142857142857146,MOYENNE,2,2,2,0
180295,16760,CLASSIQUE,40,50,69,31,23,8,6,0.13768115942028983,41.10144927536232,4464,15,44.927536231884055,MOYENNE,2,2,2,0
180295,16765,CLASSIQUE,40,50,70,34,23,11,6.5,0.12857142857142853,42.285714285714285,4465,16,48.57142857142857,MOYENNE,2,2,2,0
180295,16770,CLASSIQUE,40,50,69,25,21,4,4.5,0.15942028985507237,43.710144927536234,4467,18,36.231884057971016,MOYENNE,0,2,1,0
180295,16775,CLASSIQUE,40,50,66,15,13,2,2.25,0.18787878787878787,43.878787878787875,4470,21,22.727272727272727,FAIBLE,0,1,1,0
180295,16780,CLASSIQUE,40,50,63,9,7,2,2,0.21428571428571425,43.301587301587304,4474,24,14.285714285714286,FAIBLE,0,1,1,0
180295,16785,CLASSIQUE,40,50,63,8,6,2,2,0.2182539682539682,41.523809523809526,4477,26,12.698412698412698,FAIBLE,0,1,1,0
180295,16790,CLASSIQUE,40,50,60,9,6,3,2.25,0.2125,42.95,4480,27,15,FAIBLE,0,1,1,0
180295,16795,CLASSIQUE,40,50,60,10,7,3,2.5,0.20833333333333331,43.65,4481,25,16.666666666666668,FAIBLE,0,1,1,0
180295,16800,CLASSIQUE,40,50,61,10,7,3,2.5,0.2090163934426229,43.75409836065574,4481,23,16.39344262295082,FAIBLE,0,1,1,0
180295,16805,CLASSIQUE,40,50,61,10,7,3,2.5,0.20737704918032784,44.57377049180328,4481,22,16.39344262295082,FAIBLE,0,1,1,0
180295,16810,CLASSIQUE,40,50,62,11,8,3,2.75,0.20564516129032254,44.74193548387097,4482,21,17.741935483870968,FAIBLE,0,1,1,0
180295,16815,CLASSIQUE,40,50,64,12,8,4,3,0.20312499999999997,44.21875,4482,20,18.75,FAIBLE,0,1,1,2
180295,16820,CLASSIQUE,40,50,65,14,8,6,3.5,0.19538461538461538,44.50769230769231,4482,20,21.53846153846154,FAIBLE,0,1,1,2
180295,16825,CLASSIQUE,40,50,65,19,9,10,4,0.17692307692307688,45.87692307692308,4482,20,29.23076923076923,FAIBLE,0,1,1,2
180295,16830,CLASSIQUE,40,50,66,19,9,10,4,0.17803030303030298,46.621212121212125,4482,20,28.78787878787879,FAIBLE,2,1,2,2
180295,16835,CLASSIQUE,40,50,68,26,12,14,5.5,0.14999999999999997,46.9264705882353,4482,19,38.23529411764706,MOYENNE,2,2,2,1
180295,16840,CLASSIQUE,40,50,68,23,9,14,5.25,0.15955882352941178,47.544117647058826,4483,20,33.8235294117647,MOYENNE,2,2,2,1
180295,16845,CLASSIQUE,40,50,71,23,9,14,5.25,0.1690140845070422,46.04225352112676,4484,21,32.394366197183096,MOYENNE,2,2,2,1
180295,16850,CLASSIQUE,40,50,71,13,4,9,2.75,0.20422535211267595,45.61971830985915,4486,23,18.309859154929576,FAIBLE,1,2,0,1
180295,16855,CLASSIQUE,40,50,70,10,3,7,2,0.2142857142857142,43.92857142857143,4489,26,14.285714285714286,FAIBLE,1,0,0,1
180295,16860,CLASSIQUE,40,50,68,5,3,2,1.25,0.23161764705882348,41.13235294117647,4492,28,7.352941176470588,FAIBLE,1,0,0,1
180295,16865,CLASSIQUE,40,50,67,5,3,2,1.25,0.2313432835820895,38.298507462686565,4495,30,7.462686567164179,FAIBLE,1,0,0,1
180295,16870,CLASSIQUE,40,50,65,6,4,2,1.5,0.22692307692307687,36.261538461538464,4498,31,9.23076923076923,FAIBLE,1,0,0,1
180295,16875,CLASSIQUE,40,50,65,6,4,2,1.5,0.22538461538461532,33.93846153846154,4501,31,9.23076923076923,FAIBLE,1,0,0,1
180295,16880,CLASSIQUE,40,50,64,8,5,3,2,0.21875,33.5625,4503,29,12.5,FAIBLE,1,0,0,1
180295,16885,CLASSIQUE,40,50,64,9,6,3,2,0.21328125,32.59375,4507,30,14.0625,FAIBLE,1,0,0,1
180295,16890,CLASSIQUE,40,50,65,11,6,5,2.25,0.2076923076923077,32.89230769230769,4507,27,16.923076923076923,FAIBLE,1,0,0,1
180295,16895,CLASSIQUE,40,50,65,15,10,5,3,0.19230769230769232,33.90769230769231,4507,26,23.076923076923077,FAIBLE,1,0,0,2
180295,16900,CLASSIQUE,40,50,67,23,16,7,4.25,0.164179104477612,34.343283582089555,4507,26,34.32835820895522,MOYENNE,1,0,0,2
180295,16905,CLASSIQUE,40,50,68,26,18,8,4.75,0.15441176470588241,35.720588235294116,4507,26,38.23529411764706,MOYENNE,1,0,0,2
180295,16910,CLASSIQUE,40,50,71,26,18,8,4.75,0.15845070422535215,36.04225352112676,4507,25,36.61971830985915,MOYENNE,2,0,2,2
180295,16915,CLASSIQUE,40,50,72,32,23,9,6,0.13888888888888895,37.56944444444444,4507,25,44.44444444444444,MOYENNE,2,2,2,0
180295,16920,CLASSIQUE,40,50,73,30,26,4,6,0.14452054794520544,38.36986301369863,4508,26,41.0958904109589,MOYENNE,2,2,2,0
180295,16925,CLASSIQUE,40,50,73,37,29,8,6.75,0.12328767123287669,40.06849315068493,4509,27,50.68493150684932,MOYENNE,2,2,2,0
180295,16930,CLASSIQUE,40,50,72,26,24,2,4.25,0.15972222222222218,41.93055555555556,4511,29,36.111111111111114,MOYENNE,0,2,1,0
180295,16935,CLASSIQUE,40,50,73,19,17,2,3,0.18493150684931506,40.93150684931507,4513,31,26.027397260273972,FAIBLE,0,1,1,0
180295,16940,CLASSIQUE,40,50,73,10,8,2,1.75,0.21369863013698628,38.76712328767123,4515,32,13.698630136986301,FAIBLE,0,1,1,0
180295,16945,CLASSIQUE,40,50,72,7,5,2,1.75,0.22569444444444434,38.05555555555556,4518,34,9.722222222222221,FAIBLE,0,1,1,0
180295,16950,CLASSIQUE,40,50,71,7,5,2,1.75,0.22535211267605626,37.67605633802817,4520,34,9.859154929577464,FAIBLE,0,1,1,0
180295,16955,CLASSIQUE,40,50,69,9,7,2,2.25,0.21739130434782608,37.95652173913044,4522,33,13.043478260869565,FAIBLE,0,1,1,0
180295,16960,CLASSIQUE,40,50,68,9,7,2,2.25,0.2169117647058823,38.455882352941174,4523,31,13.235294117647058,FAIBLE,0,1,1,0
180295,16965,CLASSIQUE,40,50,68,11,9,2,2.5,0.20955882352941177,39.205882352941174,4523,28,16.176470588235293,FAIBLE,0,1,1,0
180295,16970,CLASSIQUE,40,50,68,11,9,2,2.5,0.20955882352941171,40.01470588235294,4524,26,16.176470588235293,FAIBLE,0,1,1,0
180295,16975,CLASSIQUE,40,50,72,12,10,2,2.5,0.20833333333333337,38.583333333333336,4524,23,16.666666666666668,FAIBLE,0,1,1,2
180295,16980,CLASSIQUE,40,50,73,15,10,5,3.25,0.19863013698630136,38.945205479452056,4524,21,20.54794520547945,FAIBLE,0,1,1,2
180295,16985,CLASSIQUE,40,50,73,21,11,10,4,0.1780821917808219,40.205479452054796,4524,17,28.767123287671232,FAIBLE,0,1,1,2
180295,16990,CLASSIQUE,40,50,76,22,11,11,4.25,0.1756578947368421,40.03947368421053,4524,17,28.94736842105263,FAIBLE,2,1,2,2
180295,16995,CLASSIQUE,40,50,76,28,12,16,5.5,0.1578947368421053,41.76315789473684,4524,17,36.8421052631579,MOYENNE,2,2,2,1
180295,17000,CLASSIQUE,40,50,78,29,12,17,5.5,0.157051282051282,41.205128205128204,4525,18,37.17948717948718,MOYENNE,2,2,2,1
180295,17005,CLASSIQUE,40,50,77,33,14,19,5.75,0.14025974025974028,42.94805194805195,4526,19,42.857142857142854,MOYENNE,2,2,2,1
180295,17010,CLASSIQUE,40,50,78,20,5,15,3.25,0.18589743589743582,42.91025641025641,4527,20,25.641025641025642,FAIBLE,1,2,0,1
180295,17015,CLASSIQUE,40,50,76,14,5,9,2.25,0.20394736842105257,43.60526315789474,4530,23,18.42105263157895,FAIBLE,1,0,0,1
180295,17020,CLASSIQUE,40,50,77,6,3,3,1.25,0.2305194805194805,40.493506493506494,4532,24,7.792207792207792,FAIBLE,1,0,0,1
180295,17025,CLASSIQUE,40,50,76,9,4,5,2,0.22039473684210523,38.94736842105263,4534,25,11.842105263157896,FAIBLE,1,0,0,1
180295,17030,CLASSIQUE,40,50,77,8,4,4,2,0.22402597402597402,36.96103896103896,4536,25,10.38961038961039,FAIBLE,1,0,0,1
180295,17035,CLASSIQUE,40,50,76,8,4,4,2,0.22171052631578944,36.39473684210526,4538,25,10.526315789473685,FAIBLE,1,0,0,1
180295,17040,CLASSIQUE,40,50,75,11,7,4,2.75,0.21333333333333332,36.586666666666666,4539,24,14.666666666666666,FAIBLE,1,0,0,1
180295,17045,CLASSIQUE,40,50,76,11,7,4,2.75,0.21381578947368415,35.44736842105263,4541,23,14.473684210526315,FAIBLE,1,0,0,1
180295,17050,CLASSIQUE,40,50,76,12,7,5,3,0.21052631578947367,35.96052631578947,4542,22,15.789473684210526,FAIBLE,1,0,0,1
180295,17055,CLASSIQUE,40,50,80,15,9,6,3.75,0.203125,34.9875,4542,20,18.75,FAIBLE,1,0,0,2
180295,17060,CLASSIQUE,40,50,80,20,14,6,4.5,0.18749999999999997,36.1125,4542,19,25,FAIBLE,1,0,0,2
180295,17065,CLASSIQUE,40,50,80,22,16,6,4.5,0.18124999999999994,37.45,4542,19,27.5,FAIBLE,1,0,0,2
180295,17070,CLASSIQUE,40,50,82,24,17,7,5,0.17621951219512194,37.91463414634146,4542,18,29.26829268292683,FAIBLE,2,0,2,2
180295,17075,CLASSIQUE,40,50,83,31,24,7,6.5,0.15662650602409636,39.18072289156626,4542,18,37.34939759036145,MOYENNE,2,2,2,0
180295,17080,CLASSIQUE,40,50,85,32,25,7,6.75,0.15588235294117642,38.84705882352941,4543,19,37.64705882352941,MOYENNE,2,2,2,0
180295,17085,CLASSIQUE,40,50,86,32,25,7,6.75,0.15697674418604646,39.74418604651163,4544,20,37.2093023255814,MOYENNE,2,2,2,0
180295,17090,CLASSIQUE,40,50,86,29,26,3,5.25,0.16569767441860464,39.77906976744186,4546,22,33.72093023255814,MOYENNE,0,2,1,0
180295,17095,CLASSIQUE,40,50,84,19,14,5,3.25,0.1934523809523809,39,4549,25,22.61904761904762,FAIBLE,0,1,1,0
180295,17100,CLASSIQUE,40,50,80,15,8,7,3,0.20312499999999992,38.9,4553,28,18.75,FAIBLE,0,1,1,0
180295,17105,CLASSIQUE,40,50,78,11,4,7,2.75,0.21474358974358973,38.26923076923077,4557,31,14.102564102564102,FAIBLE,0,1,1,0
180295,17110,CLASSIQUE,40,50,77,11,4,7,2.75,0.21428571428571425,37.41558441558441,4560,33,14.285714285714286,FAIBLE,0,1,1,0
180295,17115,CLASSIQUE,40,50,75,12,4,8,3,0.2099999999999999,37.22666666666667,4563,33,16,FAIBLE,0,1,1,0
180295,17120,CLASSIQUE,40,50,73,13,4,9,3,0.2054794520547945,37.273972602739725,4568,36,17.80821917808219,FAIBLE,0,1,1,0
180295,17125,CLASSIQUE,40,50,71,15,5,10,3.25,0.19718309859154928,38.74647887323944,4570,36,21.12676056338028,FAIBLE,0,1,1,0
180295,17130,CLASSIQUE,40,50,73,16,5,11,3.25,0.19520547945205483,38.57534246575342,4571,35,21.91780821917808,FAIBLE,0,1,1,0
180295,17135,CLASSIQUE,40,50,72,16,5,11,3.25,0.19444444444444448,40.22222222222222,4572,34,22.22222222222222,FAIBLE,0,1,1,2
180295,17140,CLASSIQUE,40,50,73,18,5,13,3.75,0.18835616438356165,40.80821917808219,4572,33,24.65753424657534,FAIBLE,0,1,1,2
180295,17145,CLASSIQUE,40,50,75,20,5,15,4.25,0.18266666666666664,41.04,4572,31,26.666666666666668,FAIBLE,0,1,1,2
180295,17150,CLASSIQUE,40,50,76,25,6,19,5,0.16776315789473686,41.94736842105263,4572,30,32.89473684210526,MOYENNE,2,1,2,2
180295,17155,CLASSIQUE,40,50,79,28,7,21,5.25,0.1613924050632912,42.075949367088604,4572,30,35.44303797468354,MOYENNE,2,2,2,1
180295,17160,CLASSIQUE,40,50,78,34,11,23,6.25,0.14102564102564108,43.67948717948718,4573,31,43.58974358974359,MOYENNE,2,2,2,1
180295,17165,CLASSIQUE,40,50,81,34,11,23,6.25,0.14506172839506176,44.160493827160494,4573,31,41.97530864197531,MOYENNE,2,2,2,1
180295,17170,CLASSIQUE,40,50,81,18,2,16,2.75,0.19444444444444448,44.67901234567901,4574,32,22.22222222222222,FAIBLE,1,2,0,1
180295,17175,CLASSIQUE,40,50,82,12,2,10,2.25,0.21341463414634151,43.48780487804878,4576,34,14.634146341463415,FAIBLE,1,0,0,1
180295,17180,CLASSIQUE,40,50,79,5,2,3,1,0.23164556962025312,42.87341772151899,4579,36,6.329113924050633,FAIBLE,1,0,0,1
180295,17185,CLASSIQUE,40,50,78,4,3,1,1,0.23717948717948714,41.205128205128204,4581,37,5.128205128205129,FAIBLE,1,0,0,1
180295,17190,CLASSIQUE,40,50,77,4,3,1,1,0.23701298701298695,39.83116883116883,4583,37,5.194805194805195,FAIBLE,1,0,0,1
180295,17195,CLASSIQUE,40,50,76,7,4,3,1.75,0.22697368421052622,39.13157894736842,4585,36,9.210526315789474,FAIBLE,1,0,0,1
180295,17200,CLASSIQUE,40,50,77,7,4,3,1.75,0.22727272727272724,37.96103896103896,4587,34,9.090909090909092,FAIBLE,1,0,0,1
180295,17205,CLASSIQUE,40,50,74,8,5,3,2,0.22297297297297292,38.108108108108105,4590,33,10.81081081081081,FAIBLE,1,0,0,1
180295,17210,CLASSIQUE,40,50,75,8,5,3,2,0.22333333333333324,37.626666666666665,4591,31,10.666666666666666,FAIBLE,1,0,0,1
180295,17215,CLASSIQUE,40,50,74,9,5,4,2.25,0.2175675675675676,38.71621621621622,4592,29,12.162162162162161,FAIBLE,1,0,0,2
180295,17220,CLASSIQUE,40,50,77,12,6,6,3,0.2084415584415584,37.922077922077925,4592,24,15.584415584415584,FAIBLE,1,0,0,2
180295,17225,CLASSIQUE,40,50,77,13,7,6,3.25,0.2077922077922078,38.76623376623377,4592,22,16.883116883116884,FAIBLE,1,0,0,2
180295,17230,CLASSIQUE,40,50,77,15,8,7,3.75,0.20129870129870128,39.64935064935065,4592,21,19.48051948051948,FAIBLE,2,0,2,2
180295,17235,CLASSIQUE,40,50,76,19,12,7,4.5,0.18486842105263154,40,4593,21,25,FAIBLE,2,2,2,0
180295,17240,CLASSIQUE,40,50,77,20,13,7,4.5,0.18311688311688304,39.54545454545455,4594,22,25.974025974025974,FAIBLE,2,2,2,0
180295,17245,CLASSIQUE,40,50,77,26,14,12,5.25,0.1636363636363636,40.18181818181818,4595,23,33.76623376623377,MOYENNE,2,2,2,0
180295,17250,CLASSIQUE,40,50,75,19,11,8,3.75,0.18533333333333332,40.50666666666667,4597,25,25.333333333333332,FAIBLE,0,2,1,0
180295,17255,CLASSIQUE,40,50,74,9,5,4,2.25,0.21959459459459454,38.91891891891892,4600,28,12.162162162162161,FAIBLE,0,1,1,0
180295,17260,CLASSIQUE,40,50,70,9,3,6,1.75,0.21785714285714283,37.18571428571428,4604,31,12.857142857142858,FAIBLE,0,1,1,0
180295,17265,CLASSIQUE,40,50,67,5,1,4,1.25,0.2313432835820895,35.74626865671642,4608,35,7.462686567164179,FAIBLE,0,1,1,0
180295,17270,CLASSIQUE,40,50,65,5,1,4,1.25,0.22769230769230764,35.36923076923077,4611,37,7.6923076923076925,FAIBLE,0,1,1,0
180295,17275,CLASSIQUE,40,50,62,7,3,4,1.75,0.2217741935483871,37.16129032258065,4615,39,11.290322580645162,FAIBLE,0,1,1,0
180295,17280,CLASSIQUE,40,50,63,7,3,4,1.75,0.22222222222222218,37.12698412698413,4615,36,11.11111111111111,FAIBLE,0,1,1,0
180295,17285,CLASSIQUE,40,50,64,7,3,4,1.75,0.22265624999999994,37.09375,4616,35,10.9375,FAIBLE,0,1,1,0
180295,17290,CLASSIQUE,40,50,63,8,4,4,2,0.21587301587301583,38.301587301587304,4618,35,12.698412698412698,FAIBLE,0,1,1,0
180295,17295,CLASSIQUE,40,50,64,10,6,4,2.5,0.21093749999999997,38.421875,4618,33,15.625,FAIBLE,0,1,1,2
180295,17300,CLASSIQUE,40,50,65,12,6,6,3,0.2038461538461538,38.646153846153844,4618,31,18.46153846153846,FAIBLE,0,1,1,2
180295,17305,CLASSIQUE,40,50,66,15,6,9,3.5,0.19318181818181812,39.15151515151515,4618,28,22.727272727272727,FAIBLE,0,1,1,2
180295,17310,CLASSIQUE,40,50,67,15,6,9,3.5,0.1940298507462686,39.6865671641791,4618,27,22.388059701492537,FAIBLE,2,1,2,2
180295,17315,CLASSIQUE,40,50,68,18,5,13,4.25,0.1838235294117646,40.35294117647059,4618,26,26.470588235294116,FAIBLE,2,2,2,1
180295,17320,CLASSIQUE,40,50,67,23,8,15,5.25,0.16194029850746264,41.1044776119403,4619,27,34.32835820895522,MOYENNE,2,2,2,1
180295,17325,CLASSIQUE,40,50,67,24,8,16,5.5,0.16044776119402976,41.701492537313435,4620,28,35.82089552238806,MOYENNE,2,2,2,1
180295,17330,CLASSIQUE,40,50,67,15,2,13,3,0.19402985074626855,40.61194029850746,4622,30,22.388059701492537,FAIBLE,1,2,0,1
180295,17335,CLASSIQUE,40,50,65,5,2,3,1.25,0.23076923076923073,38.43076923076923,4625,32,7.6923076923076925,FAIBLE,1,0,0,1
180295,17340,CLASSIQUE,40,50,61,2,2,0,0.5,0.2418032786885245,34.40983606557377,4630,36,3.278688524590164,FAIBLE,1,0,0,1
180295,17345,CLASSIQUE,40,50,58,3,2,1,0.75,0.23706896551724135,32.706896551724135,4634,39,5.172413793103448,FAIBLE,1,0,0,1
180295,17350,CLASSIQUE,40,50,56,3,3,0,0.75,0.2366071428571428,31.5,4638,41,5.357142857142857,FAIBLE,1,0,0,1
180295,17355,CLASSIQUE,40,50,55,4,4,0,1,0.23181818181818173,31.10909090909091,4641,41,7.2727272727272725,FAIBLE,1,0,0,1
180295,17360,CLASSIQUE,40,50,55,4,4,0,1,0.23181818181818176,31.30909090909091,4642,38,7.2727272727272725,FAIBLE,1,0,0,1
180295,17365,CLASSIQUE,40,50,54,5,4,1,1.25,0.22685185185185186,32.2037037037037,4644,36,9.25925925925926,FAIBLE,1,0,0,1
180295,17370,CLASSIQUE,40,50,53,5,4,1,1.25,0.22641509433962262,33.20754716981132,4645,34,9.433962264150944,FAIBLE,1,0,0,1
180295,17375,CLASSIQUE,40,50,54,6,5,1,1.5,0.22222222222222215,33.092592592592595,4646,31,11.11111111111111,FAIBLE,1,0,0,2
180295,17380,CLASSIQUE,40,50,55,9,7,2,2.25,0.20909090909090908,33.10909090909091,4646,31,16.363636363636363,FAIBLE,1,0,0,2
180295,17385,CLASSIQUE,40,50,55,13,11,2,3,0.19090909090909092,34.2,4646,30,23.636363636363637,FAIBLE,1,0,0,2
180295,17390,CLASSIQUE,40,50,56,16,13,3,3.25,0.1785714285714286,34.892857142857146,4646,28,28.571428571428573,FAIBLE,2,0,2,2
180295,17395,CLASSIQUE,40,50,58,21,17,4,4.25,0.15948275862068967,35.43103448275862,4646,28,36.206896551724135,MOYENNE,2,2,2,0
180295,17400,CLASSIQUE,40,50,58,23,18,5,5,0.15086206896551718,35.53448275862069,4647,29,39.6551724137931,MOYENNE,2,2,2,0
180295,17405,CLASSIQUE,40,50,57,23,18,5,5,0.14912280701754385,36.89473684210526,4648,30,40.35087719298246,MOYENNE,2,2,2,0
180295,17410,CLASSIQUE,40,50,56,18,17,1,3.75,0.16964285714285715,37.785714285714285,4649,31,32.142857142857146,MOYENNE,0,2,1,0
180295,17415,CLASSIQUE,40,50,56,14,13,1,2.5,0.1875,35.964285714285715,4651,33,25,FAIBLE,0,1,1,0
180295,17420,CLASSIQUE,40,50,54,5,3,2,1.25,0.22685185185185178,34.01851851851852,4654,35,9.25925925925926,FAIBLE,0,1,1,0
180295,17425,CLASSIQUE,40,50,54,7,4,3,1.5,0.21759259259259253,31.85185185185185,4657,37,12.962962962962964,FAIBLE,0,1,1,0
180295,17430,CLASSIQUE,40,50,53,6,3,3,1.5,0.2216981132075471,31.547169811320753,4659,37,11.320754716981131,FAIBLE,0,1,1,0
180295,17435,CLASSIQUE,40,50,52,6,3,3,1.5,0.2211538461538461,31.576923076923077,4661,36,11.538461538461538,FAIBLE,0,1,1,0
180295,17440,CLASSIQUE,40,50,52,8,4,4,2,0.21153846153846148,31.846153846153847,4663,33,15.384615384615385,FAIBLE,0,1,1,0
180295,17445,CLASSIQUE,40,50,54,10,5,5,2.5,0.20370370370370364,31.5,4663,29,18.51851851851852,FAIBLE,0,1,1,0
180295,17450,CLASSIQUE,40,50,56,10,5,5,2.5,0.2053571428571428,31.267857142857142,4663,25,17.857142857142858,FAIBLE,0,1,1,0
180295,17455,CLASSIQUE,40,50,56,10,5,5,2.5,0.2053571428571428,32.160714285714285,4664,23,17.857142857142858,FAIBLE,0,1,1,2
180295,17460,CLASSIQUE,40,50,58,15,7,8,3.5,0.18534482758620688,32.10344827586207,4664,22,25.862068965517242,FAIBLE,0,1,1,2
180295,17465,CLASSIQUE,40,50,59,16,7,9,3.75,0.1822033898305084,32.847457627118644,4664,20,27.11864406779661,FAIBLE,0,1,1,2
180295,17470,CLASSIQUE,40,50,61,16,7,9,3.75,0.18442622950819668,33.08196721311475,4664,19,26.229508196721312,FAIBLE,2,1,2,2
180295,17475,CLASSIQUE,40,50,64,18,7,11,4.25,0.17890625,32.90625,4664,18,28.125,FAIBLE,2,2,2,1
180295,17480,CLASSIQUE,40,50,64,18,5,13,4.25,0.17968749999999992,32.671875,4665,19,28.125,FAIBLE,2,2,2,1
180295,17485,CLASSIQUE,40,50,67,19,5,14,4.5,0.17910447761194023,31.134328358208954,4666,20,28.35820895522388,FAIBLE,2,2,2,1
180295,17490,CLASSIQUE,40,50,65,15,2,13,3.5,0.18999999999999997,30.892307692307693,4668,22,23.076923076923077,FAIBLE,1,2,0,1
180295,17495,CLASSIQUE,40,50,65,9,3,6,2.25,0.21230769230769225,30.107692307692307,4671,25,13.846153846153847,FAIBLE,1,0,0,1
180295,17500,CLASSIQUE,40,50,62,7,4,3,1.75,0.22177419354838704,29.306451612903224,4675,28,11.290322580645162,FAIBLE,1,0,0,1
180295,17505,CLASSIQUE,40,50,61,8,5,3,2,0.2172131147540983,28.62295081967213,4677,29,13.114754098360656,FAIBLE,1,0,0,1
180295,17510,CLASSIQUE,40,50,61,10,6,4,2.5,0.20901639344262285,28.34426229508197,4678,29,16.39344262295082,FAIBLE,1,0,0,1
180295,17515,CLASSIQUE,40,50,62,11,7,4,2.5,0.20322580645161287,27.79032258064516,4679,28,17.741935483870968,FAIBLE,1,0,0,1
180295,17520,CLASSIQUE,40,50,62,13,8,5,2.75,0.1975806451612903,28.225806451612904,4680,26,20.967741935483872,FAIBLE,1,0,0,1
180295,17525,CLASSIQUE,40,50,61,15,9,6,3.25,0.18852459016393447,29.688524590163933,4682,25,24.59016393442623,FAIBLE,1,0,0,1
180295,17530,CLASSIQUE,40,50,62,15,9,6,3.25,0.1895161290322581,30.419354838709676,4682,23,24.193548387096776,FAIBLE,1,0,0,1
180295,17535,CLASSIQUE,40,50,62,15,9,6,3.25,0.18790322580645163,31.629032258064516,4682,21,24.193548387096776,FAIBLE,1,0,0,2
180295,17540,CLASSIQUE,40,50,62,19,13,6,4.25,0.17338709677419356,33.03225806451613,4682,19,30.64516129032258,MOYENNE,1,0,0,2
180295,17545,CLASSIQUE,40,50,64,23,17,6,5,0.16015625000000003,33.703125,4682,19,35.9375,MOYENNE,1,0,0,2
180295,17550,CLASSIQUE,40,50,68,24,18,6,5.25,0.16176470588235295,33.455882352941174,4682,19,35.294117647058826,MOYENNE,2,0,2,2
180295,17555,CLASSIQUE,40,50,68,28,22,6,6,0.14705882352941183,35.38235294117647,4682,18,41.1764705882353,MOYENNE,2,2,2,0
180295,17560,CLASSIQUE,40,50,70,29,23,6,6.25,0.1442857142857143,34.91428571428571,4683,19,41.42857142857143,MOYENNE,2,2,2,0
180295,17565,CLASSIQUE,40,50,69,33,24,9,7.25,0.13043478260869562,36.608695652173914,4684,20,47.82608695652174,MOYENNE,2,2,2,0
180295,17570,CLASSIQUE,40,50,69,24,19,5,5,0.16304347826086957,36.72463768115942,4686,22,34.78260869565217,MOYENNE,0,2,1,0
180295,17575,CLASSIQUE,40,50,69,17,15,2,3.25,0.18840579710144922,36.46376811594203,4689,25,24.63768115942029,FAIBLE,0,1,1,0
180295,17580,CLASSIQUE,40,50,67,11,9,2,2.25,0.20895522388059695,36.940298507462686,4692,27,16.417910447761194,FAIBLE,0,1,1,0
180295,17585,CLASSIQUE,40,50,67,9,7,2,2.25,0.21641791044776115,36.46268656716418,4694,28,13.432835820895523,FAIBLE,0,1,1,0
180295,17590,CLASSIQUE,40,50,67,9,7,2,2.25,0.21641791044776112,36.92537313432836,4695,27,13.432835820895523,FAIBLE,0,1,1,0
180295,17595,CLASSIQUE,40,50,67,9,7,2,2.25,0.21641791044776112,37.59701492537314,4695,24,13.432835820895523,FAIBLE,0,1,1,0
180295,17600,CLASSIQUE,40,50,70,9,7,2,2.25,0.21642857142857141,36.628571428571426,4695,20,12.857142857142858,FAIBLE,0,1,1,0
180295,17605,CLASSIQUE,40,50,73,10,8,2,2.5,0.21575342465753425,35.80821917808219,4695,18,13.698630136986301,FAIBLE,0,1,1,0
180295,17610,CLASSIQUE,40,50,73,10,8,2,2.5,0.21575342465753422,36.49315068493151,4695,17,13.698630136986301,FAIBLE,0,1,1,0
180295,17615,CLASSIQUE,40,50,74,11,9,2,2.5,0.21283783783783777,36.71621621621622,4695,16,14.864864864864865,FAIBLE,0,1,1,2
180295,17620,CLASSIQUE,40,50,75,15,10,5,3.25,0.1993333333333334,37.053333333333335,4695,15,20,FAIBLE,0,1,1,2
180295,17625,CLASSIQUE,40,50,77,21,11,10,4.25,0.18181818181818182,37.4025974025974,4695,13,27.272727272727273,FAIBLE,0,1,1,2
180295,17630,CLASSIQUE,40,50,78,21,11,10,4.25,0.1826923076923077,38.26923076923077,4695,13,26.923076923076923,FAIBLE,2,1,2,2
180295,17635,CLASSIQUE,40,50,80,27,14,13,5.5,0.16562500000000005,38.8125,4695,13,33.75,MOYENNE,2,2,2,1
180295,17640,CLASSIQUE,40,50,79,28,12,16,6,0.16139240506329114,39.9746835443038,4696,14,35.44303797468354,MOYENNE,2,2,2,1
180295,17645,CLASSIQUE,40,50,78,28,11,17,5.75,0.16089743589743588,41.64102564102564,4697,15,35.8974358974359,MOYENNE,2,2,2,1
180295,17650,CLASSIQUE,40,50,78,18,3,15,3.25,0.19102564102564099,41.64102564102564,4699,17,23.076923076923077,FAIBLE,1,2,0,1
180295,17655,CLASSIQUE,40,50,76,13,3,10,3.25,0.20723684210526314,41.03947368421053,4702,20,17.105263157894736,FAIBLE,1,0,0,1
180295,17660,CLASSIQUE,40,50,73,7,2,5,1.75,0.22602739726027393,39.47945205479452,4706,23,9.58904109589041,FAIBLE,1,0,0,1
180295,17665,CLASSIQUE,40,50,70,9,3,6,2,0.2178571428571428,39.285714285714285,4709,25,12.857142857142858,FAIBLE,1,0,0,1
180295,17670,CLASSIQUE,40,50,68,9,3,6,2.25,0.2169117647058823,40.044117647058826,4712,26,13.235294117647058,FAIBLE,1,0,0,1
180295,17675,CLASSIQUE,70,50,66,9,3,6,2.25,0.2159090909090909,41.07575757575758,4715,26,13.636363636363637,FAIBLE,1,0,0,1
180295,17680,CLASSIQUE,70,50,65,11,4,7,2.75,0.20769230769230765,41.676923076923075,4717,25,16.923076923076923,FAIBLE,1,0,0,1
180295,17685,CLASSIQUE,70,50,67,11,4,7,2.75,0.20895522388059695,41.25373134328358,4717,23,16.417910447761194,FAIBLE,1,0,0,1
180295,17690,CLASSIQUE,70,50,68,11,4,7,2.75,0.20955882352941171,41.455882352941174,4717,22,16.176470588235293,FAIBLE,1,0,0,1
180295,17695,CLASSIQUE,70,50,69,11,4,7,2.75,0.21014492753623185,41.65217391304348,4717,22,15.942028985507246,FAIBLE,1,0,0,2
180295,17700,CLASSIQUE,70,50,72,13,6,7,3.25,0.20486111111111105,40.72222222222222,4717,22,18.055555555555557,FAIBLE,1,0,0,2
180295,17705,CLASSIQUE,70,50,74,19,12,7,4.25,0.18581081081081077,40.74324324324324,4717,22,25.675675675675677,FAIBLE,1,0,0,2
180295,17710,CLASSIQUE,70,50,76,20,13,7,4.5,0.18421052631578946,40.96052631578947,4717,22,26.31578947368421,FAIBLE,2,0,2,2
180295,17715,CLASSIQUE,70,50,77,25,19,6,5.25,0.16883116883116878,41.935064935064936,4717,22,32.467532467532465,MOYENNE,2,2,2,0
180295,17720,CLASSIQUE,70,50,79,27,21,6,5.25,0.16518987341772146,41.278481012658226,4718,23,34.177215189873415,MOYENNE,2,2,2,0
180295,17725,CLASSIQUE,70,50,78,30,22,8,6,0.15320512820512816,42.56410256410256,4719,24,38.46153846153846,MOYENNE,2,2,2,0
180295,17730,CLASSIQUE,70,50,80,21,20,1,3.5,0.18437499999999996,41.1875,4721,26,26.25,FAIBLE,0,2,1,0
180295,17735,CLASSIQUE,70,50,82,13,11,2,2.5,0.21036585365853655,38.03658536585366,4724,29,15.853658536585366,FAIBLE,0,1,1,0
180295,17740,CLASSIQUE,70,50,80,6,4,2,1.25,0.2312499999999999,35.4,4728,32,7.5,FAIBLE,0,1,1,0
180295,17745,CLASSIQUE,70,50,79,5,2,3,1.25,0.23417721518987336,32.822784810126585,4732,35,6.329113924050633,FAIBLE,0,1,1,0
180295,17750,CLASSIQUE,70,50,76,6,2,4,1.5,0.22763157894736838,32.85526315789474,4736,37,7.894736842105263,FAIBLE,0,1,1,0
180295,17755,CLASSIQUE,70,50,76,7,3,4,1.75,0.22697368421052633,32.75,4739,37,9.210526315789474,FAIBLE,0,1,1,0
180295,17760,CLASSIQUE,70,50,74,8,4,4,2,0.22027027027027024,33.7972972972973,4742,36,10.81081081081081,FAIBLE,0,1,1,0
180295,17765,CLASSIQUE,70,50,74,9,4,5,2.25,0.2195945945945946,34.28378378378378,4743,34,12.162162162162161,FAIBLE,0,1,1,0
180295,17770,CLASSIQUE,70,50,75,11,5,6,2.75,0.21333333333333335,34.49333333333333,4743,31,14.666666666666666,FAIBLE,0,1,1,0
180295,17775,CLASSIQUE,70,50,77,12,5,7,2.75,0.2090909090909091,34.36363636363637,4744,29,15.584415584415584,FAIBLE,0,1,1,2
180295,17780,CLASSIQUE,70,50,79,19,8,11,4.25,0.189873417721519,34.48101265822785,4744,27,24.050632911392405,FAIBLE,0,1,1,2
180295,17785,CLASSIQUE,70,50,81,21,9,12,4.5,0.1851851851851852,34.888888888888886,4744,27,25.925925925925927,FAIBLE,0,1,1,2
180295,17790,CLASSIQUE,70,50,84,25,11,14,5.25,0.1755952380952382,35.01190476190476,4744,27,29.761904761904763,FAIBLE,2,1,2,2
180295,17795,CLASSIQUE,70,50,85,33,14,19,7,0.15294117647058827,36.305882352941175,4744,27,38.8235294117647,MOYENNE,2,2,2,1
180295,17800,CLASSIQUE,70,50,87,36,16,20,7,0.1402298850574713,36.275862068965516,4745,28,41.37931034482759,MOYENNE,2,2,2,1
180295,17805,CLASSIQUE,70,50,88,38,16,22,7.25,0.14034090909090907,38.02272727272727,4746,29,43.18181818181818,MOYENNE,2,2,2,1
180295,17810,CLASSIQUE,70,50,89,33,13,20,5.5,0.1573033707865169,38.57303370786517,4747,30,37.07865168539326,MOYENNE,1,2,0,1
180295,17815,CLASSIQUE,70,50,91,18,4,14,3.25,0.20054945054945056,37.21978021978022,4749,32,19.78021978021978,FAIBLE,1,0,0,1
180295,17820,CLASSIQUE,70,50,92,14,5,9,2.75,0.21195652173913043,34.43478260869565,4752,34,15.217391304347826,FAIBLE,1,0,0,1
180295,17825,CLASSIQUE,70,50,89,13,6,7,2.75,0.2134831460674157,33.49438202247191,4756,37,14.606741573033707,FAIBLE,1,0,0,1
180295,17830,CLASSIQUE,70,50,91,13,7,6,2.75,0.21428571428571427,31.34065934065934,4758,37,14.285714285714286,FAIBLE,1,0,0,1
180295,17835,CLASSIQUE,70,50,89,15,7,8,3,0.20786516853932585,30.775280898876403,4761,37,16.853932584269664,FAIBLE,1,0,0,1
180295,17840,CLASSIQUE,70,50,91,18,9,9,3.25,0.2005494505494506,30.439560439560438,4762,34,19.78021978021978,FAIBLE,1,0,0,1
180295,17845,CLASSIQUE,70,50,90,18,9,9,3.25,0.198888888888889,31.07777777777778,4764,32,20,FAIBLE,1,0,0,1
180295,17850,CLASSIQUE,70,50,93,20,10,10,3.5,0.19569892473118286,31.13978494623656,4764,28,21.50537634408602,FAIBLE,1,0,0,1
180295,17855,CLASSIQUE,70,50,96,25,13,12,4,0.18489583333333337,31.34375,4765,26,26.041666666666668,FAIBLE,1,0,0,2
180295,17860,CLASSIQUE,70,50,98,30,16,14,5,0.17193877551020414,32.07142857142857,4765,23,30.612244897959183,MOYENNE,1,0,0,2
180295,17865,CLASSIQUE,70,50,101,38,23,15,5.75,0.15396039603960407,32.89108910891089,4765,22,37.62376237623762,MOYENNE,1,0,0,2
180295,17870,CLASSIQUE,70,50,104,40,24,16,6,0.15384615384615394,33.84615384615385,4765,22,38.46153846153846,MOYENNE,2,0,2,2
180295,17875,CLASSIQUE,70,50,106,47,29,18,7.5,0.1391509433962265,35.29245283018868,4765,21,44.339622641509436,MOYENNE,2,2,2,0
180295,17880,CLASSIQUE,70,50,107,45,34,11,7.5,0.1448598130841122,36.81308411214953,4766,22,42.05607476635514,MOYENNE,2,2,2,0
180295,17885,CLASSIQUE,70,50,109,52,36,16,8.25,0.1311926605504587,38.174311926605505,4767,23,47.706422018348626,MOYENNE,2,2,2,0
180295,17890,CLASSIQUE,70,50,109,44,35,9,6,0.14770642201834863,39.440366972477065,4769,25,40.36697247706422,MOYENNE,0,2,1,0
180295,17895,CLASSIQUE,70,50,109,33,25,8,4.5,0.1706422018348624,39.137614678899084,4771,27,30.275229357798164,MOYENNE,0,1,1,0
180295,17900,CLASSIQUE,70,50,109,19,11,8,3.25,0.20642201834862386,37.559633027522935,4774,29,17.431192660550458,FAIBLE,0,1,1,0
180295,17905,CLASSIQUE,70,50,109,16,9,7,3.25,0.21238532110091743,36.08256880733945,4778,32,14.678899082568808,FAIBLE,0,1,1,0
180295,17910,CLASSIQUE,70,50,109,19,10,9,3.75,0.20642201834862386,35.75229357798165,4780,33,17.431192660550458,FAIBLE,0,1,1,0
180295,17915,CLASSIQUE,70,50,108,19,10,9,3.75,0.20601851851851852,36.00925925925926,4782,33,17.59259259259259,FAIBLE,0,1,1,0
180295,17920,CLASSIQUE,70,50,106,20,11,9,4,0.20141509433962265,37.14150943396226,4785,33,18.867924528301888,FAIBLE,0,1,1,0
180295,17925,CLASSIQUE,70,50,107,24,14,10,4,0.19345794392523372,37.73831775700935,4786,30,22.429906542056074,FAIBLE,0,1,1,0
180295,17930,CLASSIQUE,70,50,107,26,15,11,4,0.18925233644859815,38.86915887850467,4788,30,24.299065420560748,FAIBLE,0,1,1,0
180295,17935,CLASSIQUE,70,50,109,30,16,14,4.25,0.18119266055045877,39.403669724770644,4788,27,27.522935779816514,FAIBLE,0,1,1,2
180295,17940,CLASSIQUE,70,50,110,34,17,17,5,0.17272727272727287,40.50909090909091,4788,26,30.90909090909091,MOYENNE,0,1,1,2
180295,17945,CLASSIQUE,70,50,110,41,18,23,5.5,0.1568181818181819,42.21818181818182,4788,24,37.27272727272727,MOYENNE,0,1,1,2
180295,17950,CLASSIQUE,70,50,112,48,19,29,6,0.142857142857143,43.44642857142857,4788,24,42.857142857142854,MOYENNE,2,1,2,2
180295,17955,CLASSIQUE,70,50,116,55,21,34,7.25,0.1314655172413794,44.23275862068966,4788,23,47.41379310344828,MOYENNE,2,2,2,1
180295,17960,CLASSIQUE,70,50,118,56,22,34,7.5,0.1313559322033899,45.30508474576271,4789,24,47.45762711864407,MOYENNE,2,2,2,1
180295,17965,CLASSIQUE,70,50,117,59,24,35,8.25,0.12393162393162399,47.73504273504273,4790,25,50.427350427350426,MOYENNE,2,2,2,1
180295,17970,CLASSIQUE,70,50,116,47,17,30,5,0.14870689655172417,49.577586206896555,4792,27,40.51724137931034,MOYENNE,1,2,0,1
180295,17975,CLASSIQUE,70,50,117,32,10,22,3.75,0.1794871794871795,49.00854700854701,4794,29,27.35042735042735,FAIBLE,1,0,0,1
180295,17980,CLASSIQUE,70,50,114,21,7,14,3,0.20394736842105265,48.76315789473684,4798,32,18.42105263157895,FAIBLE,1,0,0,1
180295,17985,CLASSIQUE,70,50,114,16,7,9,2.75,0.2149122807017544,47.80701754385965,4801,34,14.035087719298245,FAIBLE,1,0,0,1
180295,17990,CLASSIQUE,70,50,111,11,6,5,2.75,0.22522522522522523,48.072072072072075,4804,35,9.90990990990991,FAIBLE,1,0,0,1
180295,17995,CLASSIQUE,70,50,111,14,7,7,3,0.21846846846846846,47.0990990990991,4809,38,12.612612612612613,FAIBLE,1,0,0,1
180295,18000,CLASSIQUE,70,50,110,15,8,7,3.25,0.2159090909090909,47.36363636363637,4812,38,13.636363636363637,FAIBLE,1,0,0,1
180295,18005,CLASSIQUE,70,50,112,15,8,7,3.25,0.21651785714285715,46.535714285714285,4814,36,13.392857142857142,FAIBLE,1,0,0,1
180295,18010,CLASSIQUE,70,50,114,15,8,7,3.25,0.21710526315789475,46.37719298245614,4814,34,13.157894736842104,FAIBLE,1,0,0,1
180295,18015,CLASSIQUE,70,50,114,18,11,7,3.5,0.20964912280701756,47.078947368421055,4815,33,15.789473684210526,FAIBLE,1,0,0,2
180295,18020,CLASSIQUE,70,50,116,24,15,9,4.75,0.19827586206896552,47.18103448275862,4815,30,20.689655172413794,FAIBLE,1,0,0,2
180295,18025,CLASSIQUE,70,50,119,31,21,10,5.25,0.18487394957983194,47.19327731092437,4815,29,26.050420168067227,FAIBLE,1,0,0,2
180295,18030,CLASSIQUE,70,50,122,39,29,10,6,0.16967213114754104,47.49180327868852,4815,27,31.9672131147541,MOYENNE,2,0,2,2
180295,18035,CLASSIQUE,70,50,124,45,34,11,6.5,0.15766129032258072,48.46774193548387,4815,27,36.29032258064516,MOYENNE,2,2,2,0
180295,18040,CLASSIQUE,70,50,124,45,37,8,6.75,0.15927419354838715,49.443548387096776,4816,28,36.29032258064516,MOYENNE,2,2,2,0
180295,18045,CLASSIQUE,70,50,125,54,38,16,7.75,0.14200000000000002,50.52,4817,29,43.2,MOYENNE,2,2,2,0
180295,18050,CLASSIQUE,70,50,125,46,38,8,5.5,0.15800000000000003,51.224,4819,31,36.8,MOYENNE,0,2,1,0
180295,18055,CLASSIQUE,70,50,123,30,23,7,3.75,0.18902439024390247,51.26829268292683,4822,34,24.390243902439025,FAIBLE,0,1,1,0
180295,18060,CLASSIQUE,70,50,121,19,14,5,2.25,0.20991735537190084,49.84297520661157,4826,37,15.702479338842975,FAIBLE,0,1,1,0
180295,18065,CLASSIQUE,70,50,119,13,9,4,2.25,0.2210084033613445,48.63025210084034,4830,40,10.92436974789916,FAIBLE,0,1,1,0
180295,18070,CLASSIQUE,70,50,117,16,11,5,2.75,0.21581196581196574,47.82905982905983,4834,42,13.675213675213675,FAIBLE,0,1,1,0
180295,18075,CLASSIQUE,70,50,114,16,10,6,3.25,0.2149122807017544,47.71052631578947,4838,44,14.035087719298245,FAIBLE,0,1,1,0
180295,18080,CLASSIQUE,70,50,117,16,9,7,3.5,0.2158119658119658,45.2991452991453,4842,44,13.675213675213675,FAIBLE,0,1,1,0
180295,18085,CLASSIQUE,70,50,118,16,9,7,3.5,0.21610169491525424,44.58474576271186,4845,44,13.559322033898304,FAIBLE,0,1,1,0
180295,18090,CLASSIQUE,70,50,117,17,9,8,3.75,0.21367521367521364,44.88034188034188,4847,43,14.52991452991453,FAIBLE,0,1,1,0
180295,18095,CLASSIQUE,70,50,116,19,11,8,4,0.209051724137931,45.28448275862069,4849,40,16.379310344827587,FAIBLE,0,1,1,2
180295,18100,CLASSIQUE,70,50,116,27,13,14,5,0.19181034482758624,45.62931034482759,4851,39,23.275862068965516,FAIBLE,0,1,1,2
180295,18105,CLASSIQUE,70,50,117,32,14,18,5,0.18162393162393164,45.914529914529915,4853,39,27.35042735042735,FAIBLE,0,1,1,2
180295,18110,CLASSIQUE,70,50,120,34,15,19,5.25,0.17916666666666667,46.13333333333333,4853,39,28.333333333333332,FAIBLE,2,1,2,2
180295,18115,CLASSIQUE,70,50,122,42,17,25,6.75,0.16352459016393447,46.950819672131146,4853,38,34.42622950819672,MOYENNE,2,2,2,1
180295,18120,CLASSIQUE,70,50,123,50,22,28,6.75,0.14837398373983746,47.72357723577236,4854,39,40.65040650406504,MOYENNE,2,2,2,1
180295,18125,CLASSIQUE,70,50,125,47,18,29,7,0.156,48.12,4855,40,37.6,MOYENNE,2,2,2,1
180295,18130,CLASSIQUE,70,50,124,36,10,26,5,0.17580645161290326,48.66935483870968,4857,42,29.032258064516128,FAIBLE,1,2,0,1
180295,18135,CLASSIQUE,70,50,124,24,6,18,4,0.1987903225806452,47.53225806451613,4860,45,19.35483870967742,FAIBLE,1,0,0,1
180295,18140,CLASSIQUE,70,50,121,17,9,8,3.25,0.21487603305785122,46.1900826446281,4865,49,14.049586776859504,FAIBLE,1,0,0,1
180295,18145,CLASSIQUE,70,50,119,15,8,7,3.5,0.2180672268907563,44.81512605042017,4869,52,12.605042016806722,FAIBLE,1,0,0,1
180295,18150,CLASSIQUE,70,50,117,16,9,7,3.75,0.21495726495726492,43.794871794871796,4872,53,13.675213675213675,FAIBLE,1,0,0,1
180295,18155,CLASSIQUE,70,50,114,19,10,9,4.25,0.20833333333333331,42.92982456140351,4877,55,16.666666666666668,FAIBLE,1,0,0,1
180295,18160,CLASSIQUE,70,50,115,21,11,10,4.25,0.20434782608695654,41.756521739130434,4880,54,18.26086956521739,FAIBLE,1,0,0,1
180295,18165,CLASSIQUE,70,50,113,21,11,10,4.25,0.20309734513274338,41.424778761061944,4883,53,18.58407079646018,FAIBLE,1,0,0,1
180295,18170,CLASSIQUE,70,50,114,25,14,11,4.25,0.19517543859649128,41.26315789473684,4885,51,21.92982456140351,FAIBLE,1,0,0,1
180295,18175,CLASSIQUE,70,50,115,29,17,12,4.75,0.18695652173913052,41.208695652173915,4887,49,25.217391304347824,FAIBLE,1,0,0,2
180295,18180,CLASSIQUE,70,50,115,34,22,12,5.5,0.1760869565217392,41.904347826086955,4888,46,29.565217391304348,FAIBLE,1,0,0,2
180295,18185,CLASSIQUE,70,50,116,39,27,12,5.5,0.16594827586206906,42.577586206896555,4889,44,33.62068965517241,MOYENNE,1,0,0,2
180295,18190,CLASSIQUE,70,50,118,43,31,12,5.75,0.1588983050847459,43.144067796610166,4890,43,36.440677966101696,MOYENNE,2,0,2,2
180295,18195,CLASSIQUE,70,50,119,49,36,13,6.75,0.14705882352941185,44.73109243697479,4890,41,41.1764705882353,MOYENNE,2,2,2,0
180295,18200,CLASSIQUE,70,50,122,51,38,13,7.25,0.14426229508196728,44.877049180327866,4891,40,41.80327868852459,MOYENNE,2,2,2,0
180295,18205,CLASSIQUE,70,50,122,56,39,17,7.25,0.13524590163934438,46.4344262295082,4892,39,45.90163934426229,MOYENNE,2,2,2,0
180295,18210,CLASSIQUE,70,50,123,45,38,7,5.5,0.1585365853658537,46.609756097560975,4894,41,36.58536585365854,MOYENNE,0,2,1,0
180295,18215,CLASSIQUE,70,50,122,30,25,5,4,0.18483606557377052,45.91803278688525,4897,44,24.59016393442623,FAIBLE,0,1,1,0
180295,18220,CLASSIQUE,70,50,120,20,14,6,3.25,0.20833333333333337,44.40833333333333,4901,47,16.666666666666668,FAIBLE,0,1,1,0
180295,18225,CLASSIQUE,70,50,116,17,12,5,2.75,0.2133620689655172,44.28448275862069,4905,50,14.655172413793103,FAIBLE,0,1,1,0
180295,18230,CLASSIQUE,70,50,115,14,10,4,3,0.21956521739130433,43.2695652173913,4909,52,12.173913043478262,FAIBLE,0,1,1,0
180295,18235,CLASSIQUE,70,50,113,13,9,4,3,0.2194690265486725,43.256637168141594,4912,52,11.504424778761061,FAIBLE,0,1,1,0
180295,18240,CLASSIQUE,70,50,111,15,9,6,3.5,0.21621621621621614,43.16216216216216,4917,52,13.513513513513514,FAIBLE,0,1,1,0
180295,18245,CLASSIQUE,70,50,111,17,10,7,3.5,0.2117117117117117,43.207207207207205,4919,50,15.315315315315315,FAIBLE,0,1,1,0
180295,18250,CLASSIQUE,70,50,109,18,10,8,3.5,0.20871559633027525,44.24770642201835,4922,50,16.513761467889907,FAIBLE,0,1,1,0
180295,18255,CLASSIQUE,70,50,108,20,11,9,3.75,0.2037037037037037,44.907407407407405,4925,48,18.51851851851852,FAIBLE,0,1,1,2
180295,18260,CLASSIQUE,70,50,112,23,12,11,4.5,0.19866071428571433,44.25,4925,45,20.535714285714285,FAIBLE,0,1,1,2
180295,18265,CLASSIQUE,70,50,113,28,12,16,5,0.18805309734513279,45.008849557522126,4925,42,24.778761061946902,FAIBLE,0,1,1,2
180295,18270,CLASSIQUE,70,50,115,30,13,17,5,0.18478260869565222,45.52173913043478,4925,40,26.08695652173913,FAIBLE,2,1,2,2
180295,18275,CLASSIQUE,70,50,115,36,13,23,5.75,0.17173913043478264,46.97391304347826,4925,38,31.304347826086957,MOYENNE,2,2,2,1
180295,18280,CLASSIQUE,70,50,116,45,18,27,6.25,0.15301724137931041,47.706896551724135,4926,38,38.793103448275865,MOYENNE,2,2,2,1
180295,18285,CLASSIQUE,70,50,115,52,22,30,6.75,0.13695652173913042,49.78260869565217,4927,38,45.21739130434783,MOYENNE,2,2,2,1
180295,18290,CLASSIQUE,70,50,115,44,18,26,4.75,0.15260869565217391,50.573913043478264,4929,39,38.26086956521739,MOYENNE,1,2,0,1
180295,18295,CLASSIQUE,70,50,115,32,9,23,4,0.1804347826086957,48.84347826086957,4933,43,27.82608695652174,FAIBLE,1,0,0,1
180295,18300,CLASSIQUE,70,50,113,18,8,10,2.75,0.21017699115044247,47.30088495575221,4938,47,15.929203539823009,FAIBLE,1,0,0,1
180295,18305,CLASSIQUE,70,50,113,14,6,8,3,0.21769911504424774,45.46017699115044,4942,50,12.389380530973451,FAIBLE,1,0,0,1
180295,18310,CLASSIQUE,70,50,110,14,8,6,3.25,0.21818181818181814,45.42727272727273,4945,51,12.727272727272727,FAIBLE,1,0,0,1
180295,18315,CLASSIQUE,70,50,109,17,10,7,3.75,0.21100917431192653,44.642201834862384,4949,52,15.596330275229358,FAIBLE,1,0,0,1
180295,18320,CLASSIQUE,70,50,108,16,10,6,3.5,0.2129629629629629,44.638888888888886,4952,51,14.814814814814815,FAIBLE,1,0,0,1
180295,18325,CLASSIQUE,70,50,110,16,10,6,3.5,0.21227272727272725,43.63636363636363,4954,49,14.545454545454545,FAIBLE,1,0,0,1
180295,18330,CLASSIQUE,70,50,113,18,11,7,3.75,0.21017699115044247,42.690265486725664,4955,46,15.929203539823009,FAIBLE,1,0,0,1
180295,18335,CLASSIQUE,70,50,114,20,12,8,3.75,0.20614035087719298,42.578947368421055,4956,44,17.54385964912281,FAIBLE,1,0,0,2
180295,18340,CLASSIQUE,70,50,114,24,16,8,4.25,0.1973684210526316,43.00877192982456,4957,40,21.05263157894737,FAIBLE,1,0,0,2
180295,18345,CLASSIQUE,70,50,115,28,20,8,5,0.18913043478260871,43.321739130434786,4958,39,24.347826086956523,FAIBLE,1,0,0,2
180295,18350,CLASSIQUE,70,50,117,30,21,9,5.5,0.18589743589743593,43.82905982905983,4958,36,25.641025641025642,FAIBLE,2,0,2,2
180295,18355,CLASSIQUE,70,50,117,38,28,10,7,0.16880341880341887,44.47863247863248,4959,34,32.47863247863248,MOYENNE,2,2,2,0
180295,18360,CLASSIQUE,70,50,116,44,34,10,7,0.1551724137931035,45.85344827586207,4960,35,37.93103448275862,MOYENNE,2,2,2,0
180295,18365,CLASSIQUE,70,50,118,53,38,15,7.75,0.13601694915254242,46.46610169491525,4961,36,44.91525423728814,MOYENNE,2,2,2,0
180295,18370,CLASSIQUE,70,50,119,45,36,9,6,0.1554621848739496,46.747899159663866,4963,38,37.81512605042017,MOYENNE,0,2,1,0
180295,18375,CLASSIQUE,70,50,118,29,22,7,4,0.1877118644067796,46.483050847457626,4966,41,24.576271186440678,FAIBLE,0,1,1,0
180295,18380,CLASSIQUE,70,50,118,18,13,5,3.5,0.211864406779661,44.38135593220339,4970,44,15.254237288135593,FAIBLE,0,1,1,0
180295,18385,CLASSIQUE,70,50,116,16,10,6,3.75,0.2155172413793103,43.01724137931034,4974,47,13.793103448275861,FAIBLE,0,1,1,0
180295,18390,CLASSIQUE,70,50,116,14,8,6,3.5,0.2198275862068965,41.16379310344828,4978,49,12.068965517241379,FAIBLE,0,1,1,0
180295,18395,CLASSIQUE,70,50,113,15,9,6,3.5,0.21548672566371677,40.85840707964602,4982,49,13.274336283185841,FAIBLE,0,1,1,0
180295,18400,CLASSIQUE,70,50,110,16,9,7,3.75,0.21363636363636357,39.945454545454545,4988,50,14.545454545454545,FAIBLE,0,1,1,0
180295,18405,CLASSIQUE,70,50,110,18,10,8,3.75,0.20909090909090905,39.5,4991,49,16.363636363636363,FAIBLE,0,1,1,0
180295,18410,CLASSIQUE,70,50,106,20,11,9,4,0.20283018867924532,40.820754716981135,4995,50,18.867924528301888,FAIBLE,0,1,1,0
180295,18415,CLASSIQUE,70,50,107,20,11,9,4,0.2032710280373832,40.58878504672897,4997,48,18.69158878504673,FAIBLE,0,1,1,2
180295,18420,CLASSIQUE,70,50,107,29,12,17,5.5,0.18224299065420563,41.14018691588785,4999,47,27.102803738317757,FAIBLE,0,1,1,2
180295,18425,CLASSIQUE,70,50,108,32,12,20,5.5,0.17592592592592596,42.083333333333336,5000,46,29.62962962962963,FAIBLE,0,1,1,2
180295,18430,CLASSIQUE,70,50,110,35,13,22,5.75,0.17045454545454553,42.86363636363637,5000,45,31.818181818181817,MOYENNE,2,1,2,2
180295,18435,CLASSIQUE,70,50,113,43,16,27,7.5,0.15486725663716824,43.45132743362832,5000,44,38.05309734513274,MOYENNE,2,2,2,1
180295,18440,CLASSIQUE,70,50,113,49,17,32,7.75,0.13982300884955762,44.73451327433628,5001,44,43.36283185840708,MOYENNE,2,2,2,1
180295,18445,CLASSIQUE,70,50,114,56,20,36,8.25,0.12719298245614044,46.166666666666664,5002,44,49.12280701754386,MOYENNE,2,2,2,1
180295,18450,CLASSIQUE,70,50,113,49,13,36,6.25,0.14159292035398235,47.97345132743363,5004,46,43.36283185840708,MOYENNE,1,2,0,1
180295,18455,CLASSIQUE,70,50,111,30,6,24,3.75,0.18063063063063065,48.52252252252252,5006,47,27.027027027027028,FAIBLE,1,0,0,1
180295,18460,CLASSIQUE,70,50,110,23,7,16,3.25,0.19772727272727272,47,5009,49,20.90909090909091,FAIBLE,1,0,0,1
180295,18465,CLASSIQUE,70,50,108,16,5,11,3.25,0.21111111111111114,46.21296296296296,5012,51,14.814814814814815,FAIBLE,1,0,0,1
180295,18470,CLASSIQUE,70,50,108,16,5,11,3.25,0.21296296296296294,44.74074074074074,5015,52,14.814814814814815,FAIBLE,1,0,0,1
180295,18475,CLASSIQUE,70,50,107,17,6,11,3.5,0.2102803738317757,43.51401869158879,5019,53,15.88785046728972,FAIBLE,1,0,0,1
180295,18480,CLASSIQUE,70,50,105,18,7,11,3.5,0.20714285714285716,44.25714285714286,5022,52,17.142857142857142,FAIBLE,1,0,0,1
180295,18485,CLASSIQUE,70,50,106,19,8,11,3.5,0.20518867924528306,44.12264150943396,5024,50,17.92452830188679,FAIBLE,1,0,0,1
180295,18490,CLASSIQUE,70,50,105,21,9,12,3.75,0.20000000000000004,45.114285714285714,5026,48,20,FAIBLE,1,0,0,1
180295,18495,CLASSIQUE,70,50,104,21,9,12,3.75,0.19951923076923084,46.55769230769231,5027,45,20.192307692307693,FAIBLE,1,0,0,2
180295,18500,CLASSIQUE,70,50,106,23,11,12,4.25,0.1957547169811321,46.698113207547166,5027,39,21.69811320754717,FAIBLE,1,0,0,2
180295,18505,CLASSIQUE,70,50,107,29,17,12,5,0.18224299065420563,47.495327102803735,5027,36,27.102803738317757,FAIBLE,1,0,0,2
180295,18510,CLASSIQUE,70,50,110,33,20,13,5,0.17500000000000004,47.627272727272725,5027,32,30,MOYENNE,2,0,2,2
180295,18515,CLASSIQUE,70,50,111,39,26,13,6.25,0.1621621621621622,48.828828828828826,5027,30,35.13513513513514,MOYENNE,2,2,2,0
180295,18520,CLASSIQUE,70,50,112,43,30,13,6.5,0.15401785714285715,49.32142857142857,5028,29,38.392857142857146,MOYENNE,2,2,2,0
180295,18525,CLASSIQUE,70,50,114,49,33,16,7.5,0.1425438596491228,49.63157894736842,5029,29,42.98245614035088,MOYENNE,2,2,2,0
180295,18530,CLASSIQUE,70,50,113,40,29,11,5.5,0.16061946902654867,50.50442477876106,5031,31,35.39823008849557,MOYENNE,0,2,1,0
180295,18535,CLASSIQUE,70,50,112,21,17,4,2,0.20312499999999997,49.607142857142854,5034,34,18.75,FAIBLE,0,1,1,0
180295,18540,CLASSIQUE,70,50,110,14,11,3,1.5,0.21818181818181814,47.836363636363636,5038,37,12.727272727272727,FAIBLE,0,1,1,0
180295,18545,CLASSIQUE,70,50,107,7,5,2,1.5,0.23177570093457942,46.61682242990654,5042,40,6.542056074766355,FAIBLE,0,1,1,0
180295,18550,CLASSIQUE,70,50,107,7,5,2,1.5,0.23177570093457942,44.429906542056074,5046,42,6.542056074766355,FAIBLE,0,1,1,0
180295,18555,CLASSIQUE,70,50,106,7,5,2,1.75,0.23254716981132073,43.20754716981132,5050,44,6.60377358490566,FAIBLE,0,1,1,0
180295,18560,CLASSIQUE,70,50,103,8,6,2,2,0.2305825242718446,43,5055,46,7.766990291262136,FAIBLE,0,1,1,0
180295,18565,CLASSIQUE,70,50,101,8,6,2,2,0.23019801980198015,43.396039603960396,5058,46,7.920792079207921,FAIBLE,0,1,1,0
180295,18570,CLASSIQUE,70,50,104,8,6,2,2,0.23076923076923067,42.26923076923077,5059,44,7.6923076923076925,FAIBLE,0,1,1,0
180295,18575,CLASSIQUE,70,50,106,9,6,3,2.25,0.22877358490566035,41.632075471698116,5060,41,8.49056603773585,FAIBLE,0,1,1,2
180295,18580,CLASSIQUE,70,50,109,12,6,6,3,0.22247706422018346,40.8348623853211,5061,39,11.009174311926605,FAIBLE,0,1,1,2
180295,18585,CLASSIQUE,70,50,110,20,6,14,4.25,0.20318181818181819,41.11818181818182,5062,38,18.181818181818183,FAIBLE,0,1,1,2
180295,18590,CLASSIQUE,70,50,111,25,7,18,4.75,0.19369369369369369,41.828828828828826,5062,36,22.52252252252252,FAIBLE,2,1,2,2
180295,18595,CLASSIQUE,70,50,112,34,8,26,6.5,0.17410714285714285,42.785714285714285,5062,35,30.357142857142858,MOYENNE,2,2,2,1
180295,18600,CLASSIQUE,70,50,113,40,11,29,6.75,0.16150442477876106,43.19469026548673,5063,36,35.39823008849557,MOYENNE,2,2,2,1
180295,18605,CLASSIQUE,70,50,112,43,14,29,7,0.15401785714285718,44.69642857142857,5064,37,38.392857142857146,MOYENNE,2,2,2,1
180295,18610,CLASSIQUE,70,50,114,37,11,26,5.25,0.16885964912280702,44.05263157894737,5066,39,32.45614035087719,MOYENNE,1,2,0,1
180295,18615,CLASSIQUE,70,50,112,21,7,14,3.25,0.20312499999999994,43.49107142857143,5069,42,18.75,FAIBLE,1,0,0,1
180295,18620,CLASSIQUE,70,50,110,10,4,6,2,0.22545454545454546,41.263636363636365,5074,46,9.090909090909092,FAIBLE,1,0,0,1
180295,18625,CLASSIQUE,70,50,106,12,5,7,2.5,0.21981132075471693,40.4622641509434,5078,49,11.320754716981131,FAIBLE,1,0,0,1
180295,18630,CLASSIQUE,70,50,104,13,6,7,3,0.21778846153846157,39.20192307692308,5082,51,12.5,FAIBLE,1,0,0,1
180295,18635,CLASSIQUE,70,50,103,15,8,7,3.75,0.21359223300970867,37.90291262135922,5087,53,14.563106796116505,FAIBLE,1,0,0,1
180295,18640,CLASSIQUE,70,50,102,16,9,7,3.75,0.21078431372549017,37.88235294117647,5090,52,15.686274509803921,FAIBLE,1,0,0,1
180295,18645,CLASSIQUE,70,50,103,17,10,7,3.75,0.2087378640776699,36.728155339805824,5093,51,16.50485436893204,FAIBLE,1,0,0,1
180295,18650,CLASSIQUE,70,50,102,19,12,7,3.75,0.2034313725490196,37.333333333333336,5095,49,18.627450980392158,FAIBLE,1,0,0,1
180295,18655,CLASSIQUE,70,50,102,20,12,8,4,0.20098039215686275,37.94117647058823,5097,47,19.607843137254903,FAIBLE,1,0,0,2
180295,18660,CLASSIQUE,70,50,103,22,14,8,4.5,0.1966019417475728,38.57281553398058,5097,42,21.359223300970875,FAIBLE,1,0,0,2
180295,18665,CLASSIQUE,70,50,105,24,16,8,5,0.1928571428571429,38.97142857142857,5097,39,22.857142857142858,FAIBLE,1,0,0,2
180295,18670,CLASSIQUE,70,50,109,28,18,10,5.25,0.18577981651376146,38.68807339449541,5097,38,25.68807339449541,FAIBLE,2,0,2,2
180295,18675,CLASSIQUE,70,50,112,34,23,11,6.25,0.17410714285714288,39.07142857142857,5097,37,30.357142857142858,MOYENNE,2,2,2,0
180295,18680,CLASSIQUE,70,50,114,38,27,11,6,0.16666666666666674,39.08771929824562,5098,37,33.333333333333336,MOYENNE,2,2,2,0
180295,18685,CLASSIQUE,70,50,114,41,27,14,7,0.1583333333333334,40.00877192982456,5099,37,35.96491228070175,MOYENNE,2,2,2,0
180295,18690,CLASSIQUE,70,50,113,34,28,6,5.5,0.17477876106194695,40.68141592920354,5101,39,30.088495575221238,MOYENNE,0,2,1,0
180295,18695,CLASSIQUE,70,50,111,22,17,5,3.25,0.19819819819819828,40.24324324324324,5104,42,19.81981981981982,FAIBLE,0,1,1,0
180295,18700,CLASSIQUE,70,50,108,13,7,6,3,0.21944444444444441,38.324074074074076,5109,46,12.037037037037036,FAIBLE,0,1,1,0
180295,18705,CLASSIQUE,70,50,106,14,8,6,3,0.21698113207547162,36.679245283018865,5113,49,13.20754716981132,FAIBLE,0,1,1,0
180295,18710,CLASSIQUE,70,50,106,14,7,7,2.75,0.2169811320754716,34.60377358490566,5117,51,13.20754716981132,FAIBLE,0,1,1,0
180295,18715,CLASSIQUE,70,50,102,16,7,9,3,0.2107843137254902,34.245098039215684,5121,52,15.686274509803921,FAIBLE,0,1,1,0
180295,18720,CLASSIQUE,70,50,99,18,9,9,3.25,0.20454545454545459,33.22222222222222,5127,53,18.181818181818183,FAIBLE,0,1,1,0
180295,18725,CLASSIQUE,70,50,97,19,10,9,3.25,0.20103092783505158,34.04123711340206,5130,52,19.587628865979383,FAIBLE,0,1,1,0
180295,18730,CLASSIQUE,70,50,96,20,10,10,3.25,0.19791666666666666,34.875,5133,51,20.833333333333332,FAIBLE,0,1,1,0
180295,18735,CLASSIQUE,70,50,97,21,10,11,3.5,0.19587628865979384,35.28865979381443,5134,47,21.649484536082475,FAIBLE,0,1,1,2
180295,18740,CLASSIQUE,70,50,98,23,10,13,4,0.19132653061224494,36.03061224489796,5134,44,23.46938775510204,FAIBLE,0,1,1,2
180295,18745,CLASSIQUE,70,50,100,29,10,19,4.75,0.17700000000000007,36.63,5134,41,29,FAIBLE,0,1,1,2
180295,18750,CLASSIQUE,70,50,102,31,10,21,5,0.1740196078431373,37.42156862745098,5134,39,30.392156862745097,MOYENNE,2,1,2,2
180295,18755,CLASSIQUE,70,50,104,39,12,27,6.25,0.15625000000000006,38.38461538461539,5134,37,37.5,MOYENNE,2,2,2,1
180295,18760,CLASSIQUE,70,50,108,45,15,30,7.25,0.14490740740740746,38.06481481481482,5135,38,41.666666666666664,MOYENNE,2,2,2,1
180295,18765,CLASSIQUE,70,50,108,48,16,32,7.5,0.13888888888888892,39.916666666666664,5136,39,44.44444444444444,MOYENNE,2,2,2,1
180295,18770,CLASSIQUE,70,50,108,38,9,29,5,0.16203703703703703,40.74074074074074,5138,41,35.18518518518518,MOYENNE,1,2,0,1
180295,18775,CLASSIQUE,70,50,107,24,3,21,2.75,0.19345794392523366,40.73831775700935,5141,44,22.429906542056074,FAIBLE,1,0,0,1
180295,18780,CLASSIQUE,70,50,104,15,4,11,2,0.21394230769230768,39.94230769230769,5146,48,14.423076923076923,FAIBLE,1,0,0,1
180295,18785,CLASSIQUE,70,50,103,12,3,9,2.25,0.22087378640776695,38.90291262135922,5150,51,11.650485436893204,FAIBLE,1,0,0,1
180295,18790,CLASSIQUE,70,50,101,9,3,6,2,0.22772277227722765,38.881188118811885,5153,52,8.910891089108912,FAIBLE,1,0,0,1
180295,18795,CLASSIQUE,70,50,99,11,3,8,2,0.22222222222222218,39.22222222222222,5156,52,11.11111111111111,FAIBLE,1,0,0,1
180295,18800,CLASSIQUE,70,50,99,10,4,6,2.25,0.22474747474747472,39.2020202020202,5159,50,10.1010101010101,FAIBLE,1,0,0,1
180295,18805,CLASSIQUE,70,50,98,10,4,6,2.25,0.22448979591836732,39.88775510204081,5160,47,10.204081632653061,FAIBLE,1,0,0,1
180295,18810,CLASSIQUE,70,50,99,10,4,6,2.25,0.2227272727272727,39.98989898989899,5162,45,10.1010101010101,FAIBLE,1,0,0,1
180295,18815,CLASSIQUE,70,50,100,12,5,7,2.75,0.21849999999999997,40.15,5162,41,12,FAIBLE,1,0,0,2
180295,18820,CLASSIQUE,70,50,103,17,8,9,3.75,0.2087378640776699,39.70873786407767,5162,35,16.50485436893204,FAIBLE,1,0,0,2
180295,18825,CLASSIQUE,70,50,105,22,13,9,4.25,0.19761904761904758,39.904761904761905,5162,32,20.952380952380953,FAIBLE,1,0,0,2
180295,18830,CLASSIQUE,70,50,109,25,16,9,4.5,0.1926605504587156,39.55045871559633,5162,29,22.93577981651376,FAIBLE,2,0,2,2
180295,18835,CLASSIQUE,70,50,109,30,22,8,5.5,0.17844036697247706,40.87155963302752,5162,28,27.522935779816514,FAIBLE,2,2,2,0
180295,18840,CLASSIQUE,70,50,111,36,25,11,6.5,0.16891891891891891,40.873873873873876,5163,29,32.432432432432435,MOYENNE,2,2,2,0
180295,18845,CLASSIQUE,70,50,111,45,28,17,7.75,0.14909909909909905,41.891891891891895,5164,30,40.54054054054054,MOYENNE,2,2,2,0
180295,18850,CLASSIQUE,70,50,111,39,26,13,5.75,0.15990990990990991,42.153153153153156,5166,32,35.13513513513514,MOYENNE,0,2,1,0
180295,18855,CLASSIQUE,70,50,109,28,21,7,4.75,0.18532110091743118,41.908256880733944,5169,35,25.68807339449541,FAIBLE,0,1,1,0
180295,18860,CLASSIQUE,70,50,106,21,14,7,3.25,0.20047169811320756,40.95283018867924,5173,38,19.81132075471698,FAIBLE,0,1,1,0
180295,18865,CLASSIQUE,70,50,106,16,9,7,3,0.21226415094339623,38.943396226415096,5177,41,15.09433962264151,FAIBLE,0,1,1,0
180295,18870,CLASSIQUE,70,50,106,18,10,8,3,0.20754716981132076,37.39622641509434,5181,43,16.9811320754717,FAIBLE,0,1,1,0
180295,18875,CLASSIQUE,70,50,102,18,10,8,3.25,0.20588235294117646,37.990196078431374,5185,44,17.647058823529413,FAIBLE,0,1,1,0
180295,18880,CLASSIQUE,70,50,99,18,10,8,3.25,0.20454545454545456,37.90909090909091,5190,44,18.181818181818183,FAIBLE,0,1,1,0
180295,18885,CLASSIQUE,70,50,99,19,10,9,3.25,0.1994949494949496,38.44444444444444,5193,43,19.19191919191919,FAIBLE,0,1,1,0
180295,18890,CLASSIQUE,70,50,97,21,12,9,3.5,0.1958762886597939,39.98969072164948,5195,42,21.649484536082475,FAIBLE,0,1,1,0
180295,18895,CLASSIQUE,70,50,101,22,12,10,3.5,0.19405940594059412,39.48514851485149,5195,39,21.782178217821784,FAIBLE,0,1,1,2
180295,18900,CLASSIQUE,70,50,103,27,12,15,4.5,0.18446601941747576,39.932038834951456,5195,36,26.21359223300971,FAIBLE,0,1,1,2
180295,18905,CLASSIQUE,70,50,107,32,14,18,5,0.17523364485981316,39.81308411214953,5195,35,29.906542056074766,FAIBLE,0,1,1,2
180295,18910,CLASSIQUE,70,50,110,35,16,19,5,0.17045454545454553,40.27272727272727,5195,33,31.818181818181817,MOYENNE,2,1,2,2
180295,18915,CLASSIQUE,70,50,111,38,15,23,5.75,0.16441441441441448,41.57657657657658,5195,33,34.234234234234236,MOYENNE,2,2,2,1
180295,18920,CLASSIQUE,70,50,111,39,11,28,6,0.16216216216216217,42.414414414414416,5196,34,35.13513513513514,MOYENNE,2,2,2,1
180295,18925,CLASSIQUE,70,50,113,39,10,29,6.25,0.16371681415929204,42.67256637168141,5197,35,34.51327433628319,MOYENNE,2,2,2,1
180295,18930,CLASSIQUE,70,50,112,35,5,30,5.25,0.171875,43.32142857142857,5199,37,31.25,MOYENNE,1,2,0,1
180295,18935,CLASSIQUE,70,50,113,22,5,17,3.25,0.2013274336283185,42.16814159292036,5202,40,19.469026548672566,FAIBLE,1,0,0,1
180295,18940,CLASSIQUE,70,50,112,13,4,9,2.5,0.2209821428571428,40.267857142857146,5207,44,11.607142857142858,FAIBLE,1,0,0,1
180295,18945,CLASSIQUE,70,50,108,15,5,10,2.75,0.21435185185185185,40.2962962962963,5211,47,13.88888888888889,FAIBLE,1,0,0,1
180295,18950,CLASSIQUE,70,50,108,14,6,8,3,0.2175925925925926,38.97222222222222,5214,48,12.962962962962964,FAIBLE,1,0,0,1
180295,18955,CLASSIQUE,70,50,106,17,8,9,3.25,0.2099056603773585,38.5,5218,49,16.037735849056602,FAIBLE,1,0,0,1
180295,18960,CLASSIQUE,70,50,103,18,8,10,3.5,0.20485436893203884,38.83495145631068,5222,49,17.475728155339805,FAIBLE,1,0,0,1
180295,18965,CLASSIQUE,70,50,102,22,10,12,3.75,0.19607843137254902,38.205882352941174,5226,49,21.568627450980394,FAIBLE,1,0,0,1
180295,18970,CLASSIQUE,70,50,101,24,11,13,3.75,0.19059405940594062,38.81188118811881,5229,48,23.762376237623762,FAIBLE,1,0,0,1
180295,18975,CLASSIQUE,70,50,100,25,12,13,3.75,0.18750000000000003,39.81,5231,46,25,FAIBLE,1,0,0,2
180295,18980,CLASSIQUE,70,50,103,29,16,13,4.75,0.17961165048543695,39.51456310679612,5233,43,28.155339805825243,FAIBLE,1,0,0,2
180295,18985,CLASSIQUE,70,50,105,35,22,13,5,0.1666666666666667,40.304761904761904,5233,40,33.333333333333336,MOYENNE,1,0,0,2
180295,18990,CLASSIQUE,70,50,106,43,28,15,5.75,0.1481132075471699,41.77358490566038,5233,38,40.56603773584906,MOYENNE,2,0,2,2
180295,18995,CLASSIQUE,70,50,108,49,36,13,6.75,0.13657407407407415,43.2037037037037,5233,38,45.370370370370374,MOYENNE,2,2,2,0
180295,19000,CLASSIQUE,70,50,107,53,40,13,7,0.12616822429906546,45.06542056074766,5234,39,49.532710280373834,MOYENNE,2,2,2,0
180295,19005,CLASSIQUE,70,50,109,55,41,14,7.25,0.12385321100917437,45.972477064220186,5235,40,50.45871559633027,MOYENNE,2,2,2,0
180295,19010,CLASSIQUE,70,50,110,44,39,5,5.25,0.15,46.4,5237,42,40,MOYENNE,0,2,1,0
180295,19015,CLASSIQUE,70,50,109,32,29,3,3.5,0.17614678899082575,46.972477064220186,5239,44,29.357798165137616,FAIBLE,0,1,1,0
180295,19020,CLASSIQUE,70,50,109,23,19,4,2.25,0.1972477064220183,46.11009174311926,5242,46,21.10091743119266,FAIBLE,0,1,1,0
180295,19025,CLASSIQUE,70,50,107,13,9,4,2.5,0.21962616822429906,46.05607476635514,5245,48,12.149532710280374,FAIBLE,0,1,1,0
180295,19030,CLASSIQUE,70,50,105,12,8,4,2.5,0.22142857142857136,45.93333333333333,5248,49,11.428571428571429,FAIBLE,0,1,1,0
180295,19035,CLASSIQUE,70,50,105,13,8,5,2.75,0.219047619047619,45.285714285714285,5250,48,12.380952380952381,FAIBLE,0,1,1,0
180295,19040,CLASSIQUE,70,50,103,12,7,5,2.75,0.22087378640776692,45.650485436893206,5254,47,11.650485436893204,FAIBLE,0,1,1,0
180295,19045,CLASSIQUE,70,50,104,14,8,6,3,0.21634615384615385,45.63461538461539,5256,45,13.461538461538462,FAIBLE,0,1,1,0
180295,19050,CLASSIQUE,70,50,105,14,8,6,3,0.21666666666666667,45.819047619047616,5257,43,13.333333333333334,FAIBLE,0,1,1,0
180295,19055,CLASSIQUE,70,50,107,16,9,7,3.25,0.21074766355140184,45.654205607476634,5257,39,14.953271028037383,FAIBLE,0,1,1,2
180295,19060,CLASSIQUE,70,50,107,20,10,10,4,0.20327102803738317,46.51401869158879,5257,35,18.69158878504673,FAIBLE,0,1,1,2
180295,19065,CLASSIQUE,70,50,110,28,11,17,5,0.18636363636363637,46.32727272727273,5257,31,25.454545454545453,FAIBLE,0,1,1,2
180295,19070,CLASSIQUE,70,50,111,32,11,21,5,0.177927927927928,47.306306306306304,5257,28,28.82882882882883,FAIBLE,2,1,2,2
180295,19075,CLASSIQUE,70,50,114,39,14,25,6.5,0.16447368421052636,47.62280701754386,5257,26,34.21052631578947,MOYENNE,2,2,2,1
180295,19080,CLASSIQUE,70,50,114,42,13,29,6.5,0.15789473684210523,48.59649122807018,5258,25,36.8421052631579,MOYENNE,2,2,2,1
180295,19085,CLASSIQUE,70,50,118,44,13,31,7.25,0.15593220338983055,47.92372881355932,5259,26,37.28813559322034,MOYENNE,2,2,2,1
180295,19090,CLASSIQUE,70,50,118,33,6,27,4.25,0.1792372881355932,47.99152542372882,5261,28,27.966101694915253,FAIBLE,1,2,0,1
180295,19095,CLASSIQUE,70,50,116,23,5,18,3.5,0.20043103448275856,47.53448275862069,5264,31,19.82758620689655,FAIBLE,1,0,0,1
180295,19100,CLASSIQUE,70,50,113,17,5,12,2.75,0.2123893805309734,45.610619469026545,5269,35,15.044247787610619,FAIBLE,1,0,0,1
180295,19105,CLASSIQUE,70,50,112,11,5,6,2.5,0.22544642857142855,44.50892857142857,5272,37,9.821428571428571,FAIBLE,1,0,0,1
180295,19110,CLASSIQUE,70,50,110,11,6,5,2.75,0.22499999999999992,44.018181818181816,5276,39,10,FAIBLE,1,0,0,1
180295,19115,CLASSIQUE,70,50,109,14,7,7,3.25,0.21788990825688068,43.22018348623853,5280,41,12.844036697247706,FAIBLE,1,0,0,1
180295,19120,CLASSIQUE,70,50,106,15,9,6,3.5,0.21462264150943397,43.87735849056604,5283,41,14.150943396226415,FAIBLE,1,0,0,1
180295,19125,CLASSIQUE,70,50,108,16,10,6,3.5,0.212962962962963,42.0462962962963,5285,40,14.814814814814815,FAIBLE,1,0,0,1
180295,19130,CLASSIQUE,70,50,108,18,10,8,3.75,0.20833333333333337,42.03703703703704,5286,38,16.666666666666668,FAIBLE,1,0,0,1
180295,19135,CLASSIQUE,70,50,108,21,13,8,4.25,0.20138888888888892,42.21296296296296,5288,38,19.444444444444443,FAIBLE,1,0,0,2
180295,19140,CLASSIQUE,70,50,108,25,15,10,5,0.1921296296296297,42.72222222222222,5289,35,23.14814814814815,FAIBLE,1,0,0,2
180295,19145,CLASSIQUE,70,50,108,31,21,10,5.5,0.1782407407407408,43.53703703703704,5290,34,28.703703703703702,FAIBLE,1,0,0,2
180295,19150,CLASSIQUE,70,50,111,35,25,10,5.5,0.17117117117117123,43.47747747747748,5291,34,31.53153153153153,MOYENNE,2,0,2,2
180295,19155,CLASSIQUE,70,50,113,38,29,9,6.25,0.16592920353982304,44.34513274336283,5291,34,33.6283185840708,MOYENNE,2,2,2,0
180295,19160,CLASSIQUE,70,50,115,41,33,8,6.5,0.1595652173913044,44.45217391304348,5292,35,35.65217391304348,MOYENNE,2,2,2,0
180295,19165,CLASSIQUE,70,50,115,46,36,10,7.75,0.15,45.608695652173914,5293,36,40,MOYENNE,2,2,2,0
180295,19170,CLASSIQUE,70,50,114,37,34,3,5.25,0.16885964912280702,46.40350877192982,5295,38,32.45614035087719,MOYENNE,0,2,1,0
180295,19175,CLASSIQUE,70,50,115,29,26,3,3.75,0.18695652173913047,44.85217391304348,5298,41,25.217391304347824,FAIBLE,0,1,1,0
180295,19180,CLASSIQUE,70,50,113,12,9,3,2.5,0.2230088495575221,43.30088495575221,5302,44,10.619469026548673,FAIBLE,0,1,1,0
180295,19185,CLASSIQUE,70,50,110,13,10,3,2.25,0.22045454545454543,42.336363636363636,5306,47,11.818181818181818,FAIBLE,0,1,1,0
180295,19190,CLASSIQUE,70,50,109,10,7,3,2.25,0.22522935779816514,40.84403669724771,5310,49,9.174311926605505,FAIBLE,0,1,1,0
180295,19195,CLASSIQUE,70,50,107,11,7,4,2.5,0.22429906542056074,40,5314,50,10.280373831775702,FAIBLE,0,1,1,0
180295,19200,CLASSIQUE,70,50,104,12,8,4,2.75,0.21971153846153843,38.69230769230769,5319,50,11.538461538461538,FAIBLE,0,1,1,0
180295,19205,CLASSIQUE,70,50,101,16,10,6,3.5,0.20940594059405943,39.08910891089109,5323,51,15.841584158415841,FAIBLE,0,1,1,0
180295,19210,CLASSIQUE,70,50,99,20,12,8,3.75,0.19949494949494945,39.75757575757576,5326,50,20.2020202020202,FAIBLE,0,1,1,0
180295,19215,CLASSIQUE,70,50,100,22,13,9,4,0.195,39.91,5328,48,22,FAIBLE,0,1,1,2
180295,19220,CLASSIQUE,70,50,103,24,13,11,4.5,0.19077669902912622,39.737864077669904,5329,46,23.300970873786408,FAIBLE,0,1,1,2
180295,19225,CLASSIQUE,70,50,105,30,13,17,5.25,0.17857142857142863,40.352380952380955,5329,44,28.571428571428573,FAIBLE,0,1,1,2
180295,19230,CLASSIQUE,70,50,109,33,13,20,5.75,0.1738532110091744,40.321100917431195,5329,43,30.275229357798164,MOYENNE,2,1,2,2
180295,19235,CLASSIQUE,70,50,111,38,13,25,6.5,0.16441441441441437,41.288288288288285,5329,41,34.234234234234236,MOYENNE,2,2,2,1
180295,19240,CLASSIQUE,70,50,113,41,15,26,7.25,0.15796460176991145,41.4070796460177,5330,41,36.283185840707965,MOYENNE,2,2,2,1
180295,19245,CLASSIQUE,70,50,115,47,18,29,7.5,0.14782608695652172,41.87826086956522,5331,41,40.869565217391305,MOYENNE,2,2,2,1
180295,19250,CLASSIQUE,70,50,114,38,11,27,5.25,0.16666666666666666,42.80701754385965,5333,42,33.333333333333336,MOYENNE,1,2,0,1
180295,19255,CLASSIQUE,70,50,113,18,6,12,3.25,0.21017699115044247,42.283185840707965,5336,45,15.929203539823009,FAIBLE,1,0,0,1
180295,19260,CLASSIQUE,70,50,110,16,5,11,2.75,0.21318181818181817,41.1,5341,49,14.545454545454545,FAIBLE,1,0,0,1
180295,19265,CLASSIQUE,70,50,110,13,4,9,2.5,0.22045454545454543,39.763636363636365,5345,52,11.818181818181818,FAIBLE,1,0,0,1
180295,19270,CLASSIQUE,70,50,108,11,4,7,2.5,0.22361111111111104,39.675925925925924,5347,52,10.185185185185185,FAIBLE,1,0,0,1
180295,19275,CLASSIQUE,70,50,110,12,4,8,2.75,0.22272727272727266,38.3,5350,52,10.909090909090908,FAIBLE,1,0,0,1
180295,19280,CLASSIQUE,70,50,110,12,4,8,2.75,0.2218181818181818,37.945454545454545,5351,49,10.909090909090908,FAIBLE,1,0,0,1
180295,19285,CLASSIQUE,70,50,106,13,4,9,3,0.21839622641509435,38.70754716981132,5356,50,12.264150943396226,FAIBLE,1,0,0,1
180295,19290,CLASSIQUE,70,50,108,15,5,10,3.25,0.21527777777777773,38.18518518518518,5357,47,13.88888888888889,FAIBLE,1,0,0,1
180295,19295,CLASSIQUE,70,50,108,15,5,10,3.25,0.21481481481481488,38.46296296296296,5358,44,13.88888888888889,FAIBLE,1,0,0,2
180295,19300,CLASSIQUE,70,50,107,21,9,12,4,0.20093457943925236,39.345794392523366,5360,41,19.626168224299064,FAIBLE,1,0,0,2
180295,19305,CLASSIQUE,70,50,110,29,16,13,5,0.18409090909090908,39.43636363636364,5360,37,26.363636363636363,FAIBLE,1,0,0,2
180295,19310,CLASSIQUE,70,50,111,38,24,14,5.5,0.1648648648648649,40.612612612612615,5360,34,34.234234234234236,MOYENNE,2,0,2,2
180295,19315,CLASSIQUE,70,50,112,41,29,12,6.25,0.1575892857142858,40.88392857142857,5361,33,36.607142857142854,MOYENNE,2,2,2,0
180295,19320,CLASSIQUE,70,50,112,45,34,11,7,0.14955357142857145,41.6875,5362,33,40.17857142857143,MOYENNE,2,2,2,0
180295,19325,CLASSIQUE,70,50,112,50,36,14,7.25,0.13839285714285715,43.044642857142854,5363,34,44.642857142857146,MOYENNE,2,2,2,0
180295,19330,CLASSIQUE,70,50,112,36,32,4,4.5,0.16919642857142853,43.526785714285715,5365,36,32.142857142857146,MOYENNE,0,2,1,0
180295,19335,CLASSIQUE,70,50,112,26,24,2,3.5,0.19196428571428567,42.375,5368,39,23.214285714285715,FAIBLE,0,1,1,0
180295,19340,CLASSIQUE,70,50,109,16,13,3,2,0.21330275229357798,41.07339449541284,5372,42,14.678899082568808,FAIBLE,0,1,1,0
180295,19345,CLASSIQUE,70,50,108,11,8,3,2,0.224537037037037,39.4537037037037,5376,45,10.185185185185185,FAIBLE,0,1,1,0
180295,19350,CLASSIQUE,70,50,106,12,8,4,2.25,0.22169811320754715,38.632075471698116,5380,47,11.320754716981131,FAIBLE,0,1,1,0
180295,19355,CLASSIQUE,70,50,105,12,8,4,2.25,0.22142857142857142,37.8,5384,48,11.428571428571429,FAIBLE,0,1,1,0
180295,19360,CLASSIQUE,70,50,102,11,7,4,2.25,0.22303921568627452,38.1764705882353,5388,47,10.784313725490197,FAIBLE,0,1,1,0
180295,19365,CLASSIQUE,70,50,102,11,7,4,2.25,0.22303921568627452,38.14705882352941,5390,45,10.784313725490197,FAIBLE,0,1,1,0
180295,19370,CLASSIQUE,70,50,104,13,8,5,2.25,0.21875,37.69230769230769,5391,44,12.5,FAIBLE,0,1,1,0
180295,19375,CLASSIQUE,70,50,104,15,10,5,2.25,0.21394230769230768,38.14423076923077,5392,42,14.423076923076923,FAIBLE,0,1,1,2
180295,19380,CLASSIQUE,70,50,106,21,10,11,3.25,0.2004716981132076,38.320754716981135,5392,41,19.81132075471698,FAIBLE,0,1,1,2
180295,19385,CLASSIQUE,70,50,108,26,11,15,3.25,0.18750000000000003,38.72222222222222,5392,36,24.074074074074073,FAIBLE,0,1,1,2
180295,19390,CLASSIQUE,70,50,110,32,13,19,4.25,0.17727272727272733,39.41818181818182,5392,35,29.09090909090909,FAIBLE,2,1,2,2
180295,19395,CLASSIQUE,70,50,112,37,14,23,5.5,0.16741071428571433,40.25,5392,34,33.035714285714285,MOYENNE,2,2,2,1
180295,19400,CLASSIQUE,70,50,113,40,15,25,5.25,0.1615044247787611,40.83185840707964,5393,33,35.39823008849557,MOYENNE,2,2,2,1
180295,19405,CLASSIQUE,70,50,117,42,17,25,5.5,0.1602564102564103,40.61538461538461,5394,34,35.8974358974359,MOYENNE,2,2,2,1
180295,19410,CLASSIQUE,70,50,119,30,8,22,3.75,0.1869747899159664,40.168067226890756,5396,36,25.210084033613445,FAIBLE,1,2,0,1
180295,19415,CLASSIQUE,70,50,117,18,6,12,2.5,0.21153846153846154,39.73504273504273,5399,38,15.384615384615385,FAIBLE,1,0,0,1
180295,19420,CLASSIQUE,70,50,112,12,4,8,2.25,0.22321428571428564,38.964285714285715,5404,42,10.714285714285714,FAIBLE,1,0,0,1
180295,19425,CLASSIQUE,70,50,109,12,5,7,2.75,0.22155963302752296,38.30275229357798,5408,45,11.009174311926605,FAIBLE,1,0,0,1
180295,19430,CLASSIQUE,70,50,107,14,6,8,3,0.2172897196261682,37.99065420560748,5412,47,13.08411214953271,FAIBLE,1,0,0,1
180295,19435,CLASSIQUE,70,50,105,14,7,7,3,0.21666666666666665,37.65714285714286,5417,49,13.333333333333334,FAIBLE,1,0,0,1
180295,19440,CLASSIQUE,70,50,103,15,8,7,3,0.21165048543689322,37.9126213592233,5421,49,14.563106796116505,FAIBLE,1,0,0,1
180295,19445,CLASSIQUE,70,50,102,19,9,10,3.5,0.20343137254901963,37.549019607843135,5425,49,18.627450980392158,FAIBLE,1,0,0,1
180295,19450,CLASSIQUE,70,50,102,21,10,11,3.75,0.19852941176470587,37.81372549019608,5427,47,20.58823529411765,FAIBLE,1,0,0,1
180295,19455,CLASSIQUE,70,50,105,22,11,11,4,0.19761904761904767,37.142857142857146,5428,44,20.952380952380953,FAIBLE,1,0,0,2
180295,19460,CLASSIQUE,70,50,106,24,13,11,4.5,0.19292452830188686,37.39622641509434,5429,41,22.641509433962263,FAIBLE,1,0,0,2
180295,19465,CLASSIQUE,70,50,107,31,19,12,5,0.17757009345794394,38.02803738317757,5430,40,28.97196261682243,FAIBLE,1,0,0,2
180295,19470,CLASSIQUE,70,50,109,38,24,14,5.25,0.16284403669724778,38.63302752293578,5431,40,34.862385321100916,MOYENNE,2,0,2,2
180295,19475,CLASSIQUE,70,50,111,43,28,15,6,0.15315315315315325,39.77477477477478,5431,39,38.73873873873874,MOYENNE,2,2,2,0
180295,19480,CLASSIQUE,70,50,112,40,30,10,5.5,0.16071428571428578,40.44642857142857,5432,40,35.714285714285715,MOYENNE,2,2,2,0
180295,19485,CLASSIQUE,70,50,113,43,32,11,6,0.15486725663716822,41.67256637168141,5433,41,38.05309734513274,MOYENNE,2,2,2,0
180295,19490,CLASSIQUE,70,50,112,38,31,7,4.5,0.16517857142857145,42.669642857142854,5435,43,33.92857142857143,MOYENNE,0,2,1,0
180295,19495,CLASSIQUE,70,50,113,26,23,3,2.5,0.19070796460176995,41.52212389380531,5438,46,23.008849557522122,FAIBLE,0,1,1,0
180295,19500,CLASSIQUE,70,50,111,14,10,4,2.25,0.2184684684684684,40.08108108108108,5442,49,12.612612612612613,FAIBLE,0,1,1,0
180295,19505,CLASSIQUE,70,50,110,13,9,4,2.25,0.22045454545454546,38.70909090909091,5445,51,11.818181818181818,FAIBLE,0,1,1,0
180295,19510,CLASSIQUE,70,50,106,11,7,4,2.75,0.22122641509433963,38.62264150943396,5449,53,10.377358490566039,FAIBLE,0,1,1,0
180295,19515,CLASSIQUE,70,50,107,13,8,5,3.25,0.21962616822429903,37.09345794392523,5452,53,12.149532710280374,FAIBLE,0,1,1,0
180295,19520,CLASSIQUE,70,50,104,15,9,6,3.5,0.21394230769230765,36.35576923076923,5457,53,14.423076923076923,FAIBLE,0,1,1,0
180295,19525,CLASSIQUE,70,50,103,16,9,7,3.75,0.21116504854368928,36.689320388349515,5460,52,15.533980582524272,FAIBLE,0,1,1,0
180295,19530,CLASSIQUE,70,50,103,17,10,7,3.75,0.2087378640776699,36.95145631067961,5463,51,16.50485436893204,FAIBLE,0,1,1,0
180295,19535,CLASSIQUE,70,50,104,21,11,10,4.25,0.1995192307692308,37.05769230769231,5465,48,20.192307692307693,FAIBLE,0,1,1,2
180295,19540,CLASSIQUE,70,50,105,23,11,12,4.75,0.19523809523809527,37.733333333333334,5465,44,21.904761904761905,FAIBLE,0,1,1,2
180295,19545,CLASSIQUE,70,50,108,29,12,17,5.25,0.18287037037037038,37.916666666666664,5465,40,26.85185185185185,FAIBLE,0,1,1,2
180295,19550,CLASSIQUE,70,50,110,32,12,20,6,0.17727272727272728,38.6,5465,38,29.09090909090909,FAIBLE,2,1,2,2
180295,19555,CLASSIQUE,70,50,112,40,15,25,7,0.1589285714285714,39.535714285714285,5465,37,35.714285714285715,MOYENNE,2,2,2,1
180295,19560,CLASSIQUE,70,50,113,48,18,30,7.25,0.1438053097345133,40.415929203539825,5466,37,42.47787610619469,MOYENNE,2,2,2,1
180295,19565,CLASSIQUE,70,50,116,53,21,32,8,0.13577586206896555,40.85344827586207,5467,37,45.689655172413794,MOYENNE,2,2,2,1
180295,19570,CLASSIQUE,70,50,115,47,16,31,6.5,0.1478260869565218,42.791304347826085,5469,38,40.869565217391305,MOYENNE,1,2,0,1
180295,19575,CLASSIQUE,70,50,112,30,8,22,4.5,0.18303571428571433,43.88392857142857,5472,41,26.785714285714285,FAIBLE,1,0,0,1
180295,19580,CLASSIQUE,70,50,111,15,7,8,3.25,0.21621621621621617,42.88288288288288,5476,44,13.513513513513514,FAIBLE,1,0,0,1
180295,19585,CLASSIQUE,70,50,109,17,8,9,3.25,0.21100917431192653,42.63302752293578,5479,46,15.596330275229358,FAIBLE,1,0,0,1
180295,19590,CLASSIQUE,70,50,110,16,10,6,3.5,0.2136363636363636,41.85454545454545,5481,46,14.545454545454545,FAIBLE,1,0,0,1
180295,19595,CLASSIQUE,70,50,109,17,10,7,3.75,0.21055045871559633,41.91743119266055,5483,45,15.596330275229358,FAIBLE,1,0,0,1
180295,19600,CLASSIQUE,70,50,107,18,11,7,3.75,0.20794392523364486,42.504672897196265,5485,43,16.822429906542055,FAIBLE,1,0,0,1
180295,19605,CLASSIQUE,70,50,107,21,12,9,4,0.20093457943925236,41.925233644859816,5488,43,19.626168224299064,FAIBLE,1,0,0,1
180295,19610,CLASSIQUE,70,50,109,21,12,9,4,0.20183486238532114,41.51376146788991,5490,41,19.26605504587156,FAIBLE,1,0,0,1
180295,19615,CLASSIQUE,70,50,111,23,13,10,4.25,0.19819819819819823,41.14414414414414,5491,39,20.72072072072072,FAIBLE,1,0,0,2
180295,19620,CLASSIQUE,70,50,113,25,15,10,4.75,0.1946902654867257,40.97345132743363,5492,35,22.123893805309734,FAIBLE,1,0,0,2
180295,19625,CLASSIQUE,70,50,116,30,19,11,5.25,0.18534482758620693,40.78448275862069,5493,33,25.862068965517242,FAIBLE,1,0,0,2
180295,19630,CLASSIQUE,70,50,117,31,20,11,5.25,0.18376068376068386,41.76068376068376,5493,30,26.495726495726494,FAIBLE,2,0,2,2
180295,19635,CLASSIQUE,70,50,119,37,27,10,6.25,0.1705882352941177,42.49579831932773,5493,28,31.092436974789916,MOYENNE,2,2,2,0
180295,19640,CLASSIQUE,70,50,121,50,37,13,7.25,0.1466942148760331,42.86776859504132,5494,29,41.32231404958678,MOYENNE,2,2,2,0
180295,19645,CLASSIQUE,70,50,125,55,38,17,7.75,0.13880000000000006,42.976,5495,30,44,MOYENNE,2,2,2,0
180295,19650,CLASSIQUE,70,50,125,44,36,8,5,0.16120000000000004,43.84,5497,32,35.2,MOYENNE,0,2,1,0
180295,19655,CLASSIQUE,70,50,123,20,17,3,2.25,0.20853658536585365,43.886178861788615,5500,35,16.260162601626018,FAIBLE,0,1,1,0
180295,19660,CLASSIQUE,70,50,122,20,15,5,2.5,0.20901639344262296,42.30327868852459,5504,38,16.39344262295082,FAIBLE,0,1,1,0
180295,19665,CLASSIQUE,70,50,119,13,8,5,2.5,0.2214285714285714,41.65546218487395,5508,41,10.92436974789916,FAIBLE,0,1,1,0
180295,19670,CLASSIQUE,70,50,119,14,9,5,3,0.21890756302521006,40.12605042016807,5512,43,11.764705882352942,FAIBLE,0,1,1,0
180295,19675,CLASSIQUE,70,50,118,16,9,7,3.25,0.21610169491525422,39.05084745762712,5516,44,13.559322033898304,FAIBLE,0,1,1,0
180295,19680,CLASSIQUE,70,50,115,20,11,9,3.5,0.2065217391304348,38.14782608695652,5522,46,17.391304347826086,FAIBLE,0,1,1,0
180295,19685,CLASSIQUE,70,50,113,20,11,9,3.5,0.20575221238938057,38.88495575221239,5525,46,17.699115044247787,FAIBLE,0,1,1,0
180295,19690,CLASSIQUE,70,50,115,20,11,9,3.5,0.2065217391304348,38.608695652173914,5527,46,17.391304347826086,FAIBLE,0,1,1,0
180295,19695,CLASSIQUE,70,50,115,23,12,11,4,0.20000000000000007,39.130434782608695,5528,45,20,FAIBLE,0,1,1,2
180295,19700,CLASSIQUE,70,50,116,25,12,13,4.5,0.19612068965517243,39.51724137931034,5529,44,21.551724137931036,FAIBLE,0,1,1,2
180295,19705,CLASSIQUE,70,50,115,31,14,17,5.25,0.17956521739130443,40.869565217391305,5530,42,26.956521739130434,FAIBLE,0,1,1,2
180295,19710,CLASSIQUE,70,50,117,36,15,21,5.75,0.17307692307692313,41.623931623931625,5530,40,30.76923076923077,MOYENNE,2,1,2,2
180295,19715,CLASSIQUE,70,50,119,43,15,28,6.5,0.15924369747899164,42.63865546218487,5530,39,36.134453781512605,MOYENNE,2,2,2,1
180295,19720,CLASSIQUE,70,50,122,51,19,32,7.25,0.14549180327868855,43,5531,39,41.80327868852459,MOYENNE,2,2,2,1
180295,19725,CLASSIQUE,70,50,123,57,24,33,8,0.13414634146341464,44.3739837398374,5532,39,46.34146341463415,MOYENNE,2,2,2,1
180295,19730,CLASSIQUE,70,50,121,46,16,30,5.25,0.15495867768595045,46.03305785123967,5534,41,38.01652892561984,MOYENNE,1,2,0,1
180295,19735,CLASSIQUE,70,50,120,33,10,23,4.25,0.18124999999999994,46.108333333333334,5537,44,27.5,FAIBLE,1,0,0,1
180295,19740,CLASSIQUE,70,50,119,19,7,12,3,0.21008403361344538,44.94957983193277,5541,47,15.966386554621849,FAIBLE,1,0,0,1
180295,19745,CLASSIQUE,70,50,118,18,8,10,3.5,0.21186440677966095,43.94915254237288,5545,50,15.254237288135593,FAIBLE,1,0,0,1
180295,19750,CLASSIQUE,70,50,117,14,6,8,3,0.22008547008547003,43.042735042735046,5548,51,11.965811965811966,FAIBLE,1,0,0,1
180295,19755,CLASSIQUE,70,50,112,14,6,8,3,0.21696428571428572,43.464285714285715,5553,53,12.5,FAIBLE,1,0,0,1
180295,19760,CLASSIQUE,70,50,112,15,6,9,3,0.21651785714285715,43.044642857142854,5556,52,13.392857142857142,FAIBLE,1,0,0,1
180295,19765,CLASSIQUE,70,50,111,16,7,9,3,0.21396396396396397,43.13513513513514,5561,53,14.414414414414415,FAIBLE,1,0,0,1
180295,19770,CLASSIQUE,70,50,112,17,8,9,3.25,0.21026785714285715,43.17857142857143,5562,50,15.178571428571429,FAIBLE,1,0,0,1
180295,19775,CLASSIQUE,70,50,113,19,9,10,3.75,0.20796460176991147,43.60176991150443,5562,46,16.8141592920354,FAIBLE,1,0,0,2
180295,19780,CLASSIQUE,70,50,116,24,14,10,4.75,0.19827586206896555,43.37931034482759,5562,40,20.689655172413794,FAIBLE,1,0,0,2
180295,19785,CLASSIQUE,70,50,118,33,21,12,5.25,0.1800847457627119,43.855932203389834,5562,37,27.966101694915253,FAIBLE,1,0,0,2
180295,19790,CLASSIQUE,70,50,120,34,22,12,5.25,0.17833333333333337,44.50833333333333,5562,35,28.333333333333332,FAIBLE,2,0,2,2
180295,19795,CLASSIQUE,70,50,123,41,28,13,6.5,0.16504065040650412,44.96747967479675,5562,34,33.333333333333336,MOYENNE,2,2,2,0
180295,19800,CLASSIQUE,70,50,124,52,35,17,7.5,0.1451612903225807,45.62903225806452,5563,34,41.935483870967744,MOYENNE,2,2,2,0
180295,19805,CLASSIQUE,70,50,126,57,36,21,7.25,0.13690476190476195,46.32539682539682,5564,34,45.23809523809524,MOYENNE,2,2,2,0
180295,19810,CLASSIQUE,70,50,126,46,32,14,4.25,0.15873015873015878,47.04761904761905,5566,36,36.507936507936506,MOYENNE,0,2,1,0
180295,19815,CLASSIQUE,70,50,125,27,20,7,3,0.19279999999999997,46.424,5569,39,21.6,FAIBLE,0,1,1,0
180295,19820,CLASSIQUE,70,50,123,21,13,8,3.25,0.2073170731707317,44.94308943089431,5573,42,17.073170731707318,FAIBLE,0,1,1,0
180295,19825,CLASSIQUE,70,50,119,14,7,7,3,0.21974789915966386,44.21008403361345,5577,45,11.764705882352942,FAIBLE,0,1,1,0
180295,19830,CLASSIQUE,70,50,119,15,6,9,3.5,0.2176470588235294,42.36974789915966,5581,47,12.605042016806722,FAIBLE,0,1,1,0
180295,19835,CLASSIQUE,70,50,116,17,7,10,3.75,0.21336206896551724,41.81896551724138,5585,48,14.655172413793103,FAIBLE,0,1,1,0
180295,19840,CLASSIQUE,70,50,112,16,5,11,3.5,0.21428571428571425,42.142857142857146,5590,49,14.285714285714286,FAIBLE,0,1,1,0
180295,19845,CLASSIQUE,70,50,111,16,5,11,3.5,0.21396396396396397,42.450450450450454,5593,48,14.414414414414415,FAIBLE,0,1,1,0
180295,19850,CLASSIQUE,70,50,110,17,6,11,3.75,0.21136363636363634,42.972727272727276,5596,48,15.454545454545455,FAIBLE,0,1,1,0
180295,19855,CLASSIQUE,70,50,110,20,7,13,4.25,0.20454545454545456,43.4,5598,45,18.181818181818183,FAIBLE,0,1,1,2
180295,19860,CLASSIQUE,70,50,109,25,7,18,5.25,0.1926605504587156,44.63302752293578,5600,44,22.93577981651376,FAIBLE,0,1,1,2
180295,19865,CLASSIQUE,70,50,111,26,7,19,5.25,0.190990990990991,44.972972972972975,5600,39,23.423423423423422,FAIBLE,0,1,1,2
180295,19870,CLASSIQUE,70,50,113,28,8,20,5.5,0.18805309734513273,45.39823008849557,5600,38,24.778761061946902,FAIBLE,2,1,2,2
180295,19875,CLASSIQUE,70,50,115,33,9,24,6.75,0.1782608695652174,45.96521739130435,5600,38,28.695652173913043,FAIBLE,2,2,2,1
180295,19880,CLASSIQUE,70,50,116,43,13,30,7,0.15603448275862067,46.706896551724135,5601,39,37.06896551724138,MOYENNE,2,2,2,1
180295,19885,CLASSIQUE,70,50,117,53,17,36,7.75,0.13675213675213677,48.00854700854701,5602,40,45.2991452991453,MOYENNE,2,2,2,1
180295,19890,CLASSIQUE,70,50,118,44,12,32,5.25,0.15677966101694918,48.483050847457626,5604,42,37.28813559322034,MOYENNE,1,2,0,1
180295,19895,CLASSIQUE,70,50,118,30,8,22,3.5,0.18305084745762715,47.779661016949156,5607,45,25.423728813559322,FAIBLE,1,0,0,1
180295,19900,CLASSIQUE,70,50,116,15,5,10,2.75,0.21767241379310343,46.56896551724138,5610,47,12.931034482758621,FAIBLE,1,0,0,1
180295,19905,CLASSIQUE,70,50,117,13,5,8,3,0.2222222222222222,44.35042735042735,5613,49,11.11111111111111,FAIBLE,1,0,0,1
180295,19910,CLASSIQUE,70,50,115,13,5,8,2.75,0.22173913043478258,43.29565217391304,5617,51,11.304347826086957,FAIBLE,1,0,0,1
180295,19915,CLASSIQUE,70,50,112,12,5,7,2.75,0.22321428571428567,42.401785714285715,5622,53,10.714285714285714,FAIBLE,1,0,0,1
180295,19920,CLASSIQUE,70,50,112,12,5,7,2.75,0.22187500000000002,41.017857142857146,5625,52,10.714285714285714,FAIBLE,1,0,0,1
180295,19925,CLASSIQUE,70,50,111,14,6,8,3,0.21846846846846843,39.95495495495496,5629,52,12.612612612612613,FAIBLE,1,0,0,1
180295,19930,CLASSIQUE,70,50,108,16,7,9,3.25,0.21296296296296297,40.583333333333336,5633,52,14.814814814814815,FAIBLE,1,0,0,1
180295,19935,CLASSIQUE,70,50,110,19,9,10,3.5,0.20681818181818182,40.027272727272724,5635,50,17.272727272727273,FAIBLE,1,0,0,2
180295,19940,CLASSIQUE,70,50,108,22,11,11,4.25,0.19907407407407407,41.2962962962963,5637,47,20.37037037037037,FAIBLE,1,0,0,2
180295,19945,CLASSIQUE,70,50,110,24,13,11,4.75,0.19545454545454546,41.57272727272727,5637,44,21.818181818181817,FAIBLE,1,0,0,2
180295,19950,CLASSIQUE,70,50,112,26,14,12,5,0.19196428571428575,41.955357142857146,5637,41,23.214285714285715,FAIBLE,2,0,2,2
180295,19955,CLASSIQUE,70,50,112,34,21,13,6.25,0.17410714285714296,42.401785714285715,5638,40,30.357142857142858,MOYENNE,2,2,2,0
180295,19960,CLASSIQUE,70,50,115,45,26,19,8,0.15086956521739137,42.243478260869566,5639,39,39.130434782608695,MOYENNE,2,2,2,0
180295,19965,CLASSIQUE,70,50,114,51,30,21,8,0.13815789473684217,44.026315789473685,5640,40,44.73684210526316,MOYENNE,2,2,2,0
180295,19970,CLASSIQUE,70,50,114,41,30,11,6.75,0.1583333333333334,44.68421052631579,5642,42,35.96491228070175,MOYENNE,0,2,1,0
180295,19975,CLASSIQUE,70,50,111,17,12,5,2.75,0.20855855855855857,44.73873873873874,5645,45,15.315315315315315,FAIBLE,0,1,1,0
180295,19980,CLASSIQUE,70,50,108,17,11,6,3.75,0.2106481481481481,43.574074074074076,5649,48,15.74074074074074,FAIBLE,0,1,1,0
180295,19985,CLASSIQUE,70,50,106,15,9,6,3.5,0.21462264150943394,42.29245283018868,5653,51,14.150943396226415,FAIBLE,0,1,1,0
180295,19990,CLASSIQUE,70,50,103,15,8,7,3.75,0.2135922330097087,42.077669902912625,5657,53,14.563106796116505,FAIBLE,0,1,1,0
180295,19995,CLASSIQUE,70,50,102,16,9,7,4,0.2107843137254901,41.470588235294116,5660,53,15.686274509803921,FAIBLE,0,1,1,0
180295,20000,CLASSIQUE,70,50,101,18,10,8,4,0.20544554455445538,40.386138613861384,5664,54,17.821782178217823,FAIBLE,0,1,1,0
180295,20005,CLASSIQUE,70,50,99,20,12,8,4.25,0.19949494949494945,41.06060606060606,5667,54,20.2020202020202,FAIBLE,0,1,1,0
180295,20010,CLASSIQUE,70,50,99,20,12,8,4.25,0.1994949494949495,41.36363636363637,5669,52,20.2020202020202,FAIBLE,0,1,1,0
180295,20015,CLASSIQUE,70,50,98,20,12,8,4.25,0.1989795918367347,42.19387755102041,5671,49,20.408163265306122,FAIBLE,0,1,1,2
